start,end,resource,detail
6,7,"MEM.E.Read","decode FFN residual: residual lhs column=0"
6,7,"MEM.E.Read","decode FFN residual: residual rhs column=0"
6,7,"MEM.E.Read","decode FFN residual: residual lhs column=0"
6,7,"MEM.E.Read","decode FFN residual: residual rhs column=0"
7,8,"MEM.E.Read","decode FFN residual: residual lhs column=1"
7,8,"MEM.E.Read","decode FFN residual: residual rhs column=1"
7,8,"MEM.E.Read","decode FFN residual: residual lhs column=1"
7,8,"MEM.E.Read","decode FFN residual: residual rhs column=1"
8,9,"MEM.E.Read","decode FFN residual: residual lhs column=2"
8,9,"MEM.E.Read","decode FFN residual: residual rhs column=2"
8,9,"MEM.E.Read","decode FFN residual: residual lhs column=2"
8,9,"MEM.E.Read","decode FFN residual: residual rhs column=2"
8,9,"VXM.ALU0","decode FFN residual: BF16 residual add column=0"
9,10,"MEM.E.Read","decode FFN residual: residual lhs column=3"
9,10,"MEM.E.Read","decode FFN residual: residual rhs column=3"
9,10,"MEM.E.Read","decode FFN residual: residual lhs column=3"
9,10,"MEM.E.Read","decode FFN residual: residual rhs column=3"
9,10,"VXM.ALU0","decode FFN residual: BF16 residual add column=1"
10,11,"MEM.E.Read","decode FFN residual: residual lhs column=4"
10,11,"MEM.E.Read","decode FFN residual: residual rhs column=4"
10,11,"MEM.E.Read","decode FFN residual: residual lhs column=4"
10,11,"MEM.E.Read","decode FFN residual: residual rhs column=4"
10,11,"VXM.ALU0","decode FFN residual: BF16 residual add column=2"
11,12,"MEM.E.Read","decode FFN residual: residual lhs column=5"
11,12,"MEM.E.Read","decode FFN residual: residual rhs column=5"
11,12,"MEM.E.Read","decode FFN residual: residual lhs column=5"
11,12,"MEM.E.Read","decode FFN residual: residual rhs column=5"
11,12,"MEM.E.Write","decode FFN residual: residual write column=0"
11,12,"MEM.E.Write","decode FFN residual: residual write column=0"
11,12,"VXM.ALU0","decode FFN residual: BF16 residual add column=3"
12,13,"MEM.E.Read","decode FFN residual: residual lhs column=6"
12,13,"MEM.E.Read","decode FFN residual: residual rhs column=6"
12,13,"MEM.E.Read","decode FFN residual: residual lhs column=6"
12,13,"MEM.E.Read","decode FFN residual: residual rhs column=6"
12,13,"MEM.E.Write","decode FFN residual: residual write column=1"
12,13,"MEM.E.Write","decode FFN residual: residual write column=1"
12,13,"VXM.ALU0","decode FFN residual: BF16 residual add column=4"
13,14,"MEM.E.Read","decode FFN residual: residual lhs column=7"
13,14,"MEM.E.Read","decode FFN residual: residual rhs column=7"
13,14,"MEM.E.Read","decode FFN residual: residual lhs column=7"
13,14,"MEM.E.Read","decode FFN residual: residual rhs column=7"
13,14,"MEM.E.Write","decode FFN residual: residual write column=2"
13,14,"MEM.E.Write","decode FFN residual: residual write column=2"
13,14,"VXM.ALU0","decode FFN residual: BF16 residual add column=5"
14,15,"MEM.E.Read","decode FFN residual: residual lhs column=8"
14,15,"MEM.E.Read","decode FFN residual: residual rhs column=8"
14,15,"MEM.E.Read","decode FFN residual: residual lhs column=8"
14,15,"MEM.E.Read","decode FFN residual: residual rhs column=8"
14,15,"MEM.E.Write","decode FFN residual: residual write column=3"
14,15,"MEM.E.Write","decode FFN residual: residual write column=3"
14,15,"VXM.ALU0","decode FFN residual: BF16 residual add column=6"
15,16,"MEM.E.Read","decode FFN residual: residual lhs column=9"
15,16,"MEM.E.Read","decode FFN residual: residual rhs column=9"
15,16,"MEM.E.Read","decode FFN residual: residual lhs column=9"
15,16,"MEM.E.Read","decode FFN residual: residual rhs column=9"
15,16,"MEM.E.Write","decode FFN residual: residual write column=4"
15,16,"MEM.E.Write","decode FFN residual: residual write column=4"
15,16,"VXM.ALU0","decode FFN residual: BF16 residual add column=7"
16,17,"MEM.E.Read","decode FFN residual: residual lhs column=10"
16,17,"MEM.E.Read","decode FFN residual: residual rhs column=10"
16,17,"MEM.E.Read","decode FFN residual: residual lhs column=10"
16,17,"MEM.E.Read","decode FFN residual: residual rhs column=10"
16,17,"MEM.E.Write","decode FFN residual: residual write column=5"
16,17,"MEM.E.Write","decode FFN residual: residual write column=5"
16,17,"VXM.ALU0","decode FFN residual: BF16 residual add column=8"
17,18,"MEM.E.Read","decode FFN residual: residual lhs column=11"
17,18,"MEM.E.Read","decode FFN residual: residual rhs column=11"
17,18,"MEM.E.Read","decode FFN residual: residual lhs column=11"
17,18,"MEM.E.Read","decode FFN residual: residual rhs column=11"
17,18,"MEM.E.Write","decode FFN residual: residual write column=6"
17,18,"MEM.E.Write","decode FFN residual: residual write column=6"
17,18,"VXM.ALU0","decode FFN residual: BF16 residual add column=9"
18,19,"MEM.E.Read","decode FFN residual: residual lhs column=12"
18,19,"MEM.E.Read","decode FFN residual: residual rhs column=12"
18,19,"MEM.E.Read","decode FFN residual: residual lhs column=12"
18,19,"MEM.E.Read","decode FFN residual: residual rhs column=12"
18,19,"MEM.E.Write","decode FFN residual: residual write column=7"
18,19,"MEM.E.Write","decode FFN residual: residual write column=7"
18,19,"VXM.ALU0","decode FFN residual: BF16 residual add column=10"
19,20,"MEM.E.Read","decode FFN residual: residual lhs column=13"
19,20,"MEM.E.Read","decode FFN residual: residual rhs column=13"
19,20,"MEM.E.Read","decode FFN residual: residual lhs column=13"
19,20,"MEM.E.Read","decode FFN residual: residual rhs column=13"
19,20,"MEM.E.Write","decode FFN residual: residual write column=8"
19,20,"MEM.E.Write","decode FFN residual: residual write column=8"
19,20,"VXM.ALU0","decode FFN residual: BF16 residual add column=11"
20,21,"MEM.E.Read","decode FFN residual: residual lhs column=14"
20,21,"MEM.E.Read","decode FFN residual: residual rhs column=14"
20,21,"MEM.E.Read","decode FFN residual: residual lhs column=14"
20,21,"MEM.E.Read","decode FFN residual: residual rhs column=14"
20,21,"MEM.E.Write","decode FFN residual: residual write column=9"
20,21,"MEM.E.Write","decode FFN residual: residual write column=9"
20,21,"VXM.ALU0","decode FFN residual: BF16 residual add column=12"
21,22,"MEM.E.Read","decode FFN residual: residual lhs column=15"
21,22,"MEM.E.Read","decode FFN residual: residual rhs column=15"
21,22,"MEM.E.Read","decode FFN residual: residual lhs column=15"
21,22,"MEM.E.Read","decode FFN residual: residual rhs column=15"
21,22,"MEM.E.Write","decode FFN residual: residual write column=10"
21,22,"MEM.E.Write","decode FFN residual: residual write column=10"
21,22,"VXM.ALU0","decode FFN residual: BF16 residual add column=13"
22,23,"MEM.E.Read","decode FFN residual: residual lhs column=16"
22,23,"MEM.E.Read","decode FFN residual: residual rhs column=16"
22,23,"MEM.E.Read","decode FFN residual: residual lhs column=16"
22,23,"MEM.E.Read","decode FFN residual: residual rhs column=16"
22,23,"MEM.E.Write","decode FFN residual: residual write column=11"
22,23,"MEM.E.Write","decode FFN residual: residual write column=11"
22,23,"VXM.ALU0","decode FFN residual: BF16 residual add column=14"
23,24,"MEM.E.Read","decode FFN residual: residual lhs column=17"
23,24,"MEM.E.Read","decode FFN residual: residual rhs column=17"
23,24,"MEM.E.Read","decode FFN residual: residual lhs column=17"
23,24,"MEM.E.Read","decode FFN residual: residual rhs column=17"
23,24,"MEM.E.Write","decode FFN residual: residual write column=12"
23,24,"MEM.E.Write","decode FFN residual: residual write column=12"
23,24,"VXM.ALU0","decode FFN residual: BF16 residual add column=15"
24,25,"MEM.E.Read","decode FFN residual: residual lhs column=18"
24,25,"MEM.E.Read","decode FFN residual: residual rhs column=18"
24,25,"MEM.E.Read","decode FFN residual: residual lhs column=18"
24,25,"MEM.E.Read","decode FFN residual: residual rhs column=18"
24,25,"MEM.E.Write","decode FFN residual: residual write column=13"
24,25,"MEM.E.Write","decode FFN residual: residual write column=13"
24,25,"VXM.ALU0","decode FFN residual: BF16 residual add column=16"
25,26,"MEM.E.Read","decode FFN residual: residual lhs column=19"
25,26,"MEM.E.Read","decode FFN residual: residual rhs column=19"
25,26,"MEM.E.Read","decode FFN residual: residual lhs column=19"
25,26,"MEM.E.Read","decode FFN residual: residual rhs column=19"
25,26,"MEM.E.Write","decode FFN residual: residual write column=14"
25,26,"MEM.E.Write","decode FFN residual: residual write column=14"
25,26,"VXM.ALU0","decode FFN residual: BF16 residual add column=17"
26,27,"MEM.E.Read","decode FFN residual: residual lhs column=20"
26,27,"MEM.E.Read","decode FFN residual: residual rhs column=20"
26,27,"MEM.E.Read","decode FFN residual: residual lhs column=20"
26,27,"MEM.E.Read","decode FFN residual: residual rhs column=20"
26,27,"MEM.E.Write","decode FFN residual: residual write column=15"
26,27,"MEM.E.Write","decode FFN residual: residual write column=15"
26,27,"VXM.ALU0","decode FFN residual: BF16 residual add column=18"
27,28,"MEM.E.Read","decode FFN residual: residual lhs column=21"
27,28,"MEM.E.Read","decode FFN residual: residual rhs column=21"
27,28,"MEM.E.Read","decode FFN residual: residual lhs column=21"
27,28,"MEM.E.Read","decode FFN residual: residual rhs column=21"
27,28,"MEM.E.Write","decode FFN residual: residual write column=16"
27,28,"MEM.E.Write","decode FFN residual: residual write column=16"
27,28,"VXM.ALU0","decode FFN residual: BF16 residual add column=19"
28,29,"MEM.E.Read","decode FFN residual: residual lhs column=22"
28,29,"MEM.E.Read","decode FFN residual: residual rhs column=22"
28,29,"MEM.E.Read","decode FFN residual: residual lhs column=22"
28,29,"MEM.E.Read","decode FFN residual: residual rhs column=22"
28,29,"MEM.E.Write","decode FFN residual: residual write column=17"
28,29,"MEM.E.Write","decode FFN residual: residual write column=17"
28,29,"VXM.ALU0","decode FFN residual: BF16 residual add column=20"
29,30,"MEM.E.Read","decode FFN residual: residual lhs column=23"
29,30,"MEM.E.Read","decode FFN residual: residual rhs column=23"
29,30,"MEM.E.Read","decode FFN residual: residual lhs column=23"
29,30,"MEM.E.Read","decode FFN residual: residual rhs column=23"
29,30,"MEM.E.Write","decode FFN residual: residual write column=18"
29,30,"MEM.E.Write","decode FFN residual: residual write column=18"
29,30,"VXM.ALU0","decode FFN residual: BF16 residual add column=21"
30,31,"MEM.E.Read","decode FFN residual: residual lhs column=24"
30,31,"MEM.E.Read","decode FFN residual: residual rhs column=24"
30,31,"MEM.E.Read","decode FFN residual: residual lhs column=24"
30,31,"MEM.E.Read","decode FFN residual: residual rhs column=24"
30,31,"MEM.E.Write","decode FFN residual: residual write column=19"
30,31,"MEM.E.Write","decode FFN residual: residual write column=19"
30,31,"VXM.ALU0","decode FFN residual: BF16 residual add column=22"
31,32,"MEM.E.Read","decode FFN residual: residual lhs column=25"
31,32,"MEM.E.Read","decode FFN residual: residual rhs column=25"
31,32,"MEM.E.Read","decode FFN residual: residual lhs column=25"
31,32,"MEM.E.Read","decode FFN residual: residual rhs column=25"
31,32,"MEM.E.Write","decode FFN residual: residual write column=20"
31,32,"MEM.E.Write","decode FFN residual: residual write column=20"
31,32,"VXM.ALU0","decode FFN residual: BF16 residual add column=23"
32,33,"MEM.E.Read","decode FFN residual: residual lhs column=26"
32,33,"MEM.E.Read","decode FFN residual: residual rhs column=26"
32,33,"MEM.E.Read","decode FFN residual: residual lhs column=26"
32,33,"MEM.E.Read","decode FFN residual: residual rhs column=26"
32,33,"MEM.E.Write","decode FFN residual: residual write column=21"
32,33,"MEM.E.Write","decode FFN residual: residual write column=21"
32,33,"VXM.ALU0","decode FFN residual: BF16 residual add column=24"
33,34,"MEM.E.Read","decode FFN residual: residual lhs column=27"
33,34,"MEM.E.Read","decode FFN residual: residual rhs column=27"
33,34,"MEM.E.Read","decode FFN residual: residual lhs column=27"
33,34,"MEM.E.Read","decode FFN residual: residual rhs column=27"
33,34,"MEM.E.Write","decode FFN residual: residual write column=22"
33,34,"MEM.E.Write","decode FFN residual: residual write column=22"
33,34,"VXM.ALU0","decode FFN residual: BF16 residual add column=25"
34,35,"MEM.E.Read","decode FFN residual: residual lhs column=28"
34,35,"MEM.E.Read","decode FFN residual: residual rhs column=28"
34,35,"MEM.E.Read","decode FFN residual: residual lhs column=28"
34,35,"MEM.E.Read","decode FFN residual: residual rhs column=28"
34,35,"MEM.E.Write","decode FFN residual: residual write column=23"
34,35,"MEM.E.Write","decode FFN residual: residual write column=23"
34,35,"VXM.ALU0","decode FFN residual: BF16 residual add column=26"
35,36,"MEM.E.Read","decode FFN residual: residual lhs column=29"
35,36,"MEM.E.Read","decode FFN residual: residual rhs column=29"
35,36,"MEM.E.Read","decode FFN residual: residual lhs column=29"
35,36,"MEM.E.Read","decode FFN residual: residual rhs column=29"
35,36,"MEM.E.Write","decode FFN residual: residual write column=24"
35,36,"MEM.E.Write","decode FFN residual: residual write column=24"
35,36,"VXM.ALU0","decode FFN residual: BF16 residual add column=27"
36,37,"MEM.E.Read","decode FFN residual: residual lhs column=30"
36,37,"MEM.E.Read","decode FFN residual: residual rhs column=30"
36,37,"MEM.E.Read","decode FFN residual: residual lhs column=30"
36,37,"MEM.E.Read","decode FFN residual: residual rhs column=30"
36,37,"MEM.E.Write","decode FFN residual: residual write column=25"
36,37,"MEM.E.Write","decode FFN residual: residual write column=25"
36,37,"VXM.ALU0","decode FFN residual: BF16 residual add column=28"
37,38,"MEM.E.Read","decode FFN residual: residual lhs column=31"
37,38,"MEM.E.Read","decode FFN residual: residual rhs column=31"
37,38,"MEM.E.Read","decode FFN residual: residual lhs column=31"
37,38,"MEM.E.Read","decode FFN residual: residual rhs column=31"
37,38,"MEM.E.Write","decode FFN residual: residual write column=26"
37,38,"MEM.E.Write","decode FFN residual: residual write column=26"
37,38,"VXM.ALU0","decode FFN residual: BF16 residual add column=29"
38,39,"MEM.E.Read","decode FFN residual: residual lhs column=32"
38,39,"MEM.E.Read","decode FFN residual: residual rhs column=32"
38,39,"MEM.E.Read","decode FFN residual: residual lhs column=32"
38,39,"MEM.E.Read","decode FFN residual: residual rhs column=32"
38,39,"MEM.E.Write","decode FFN residual: residual write column=27"
38,39,"MEM.E.Write","decode FFN residual: residual write column=27"
38,39,"VXM.ALU0","decode FFN residual: BF16 residual add column=30"
39,40,"MEM.E.Read","decode FFN residual: residual lhs column=33"
39,40,"MEM.E.Read","decode FFN residual: residual rhs column=33"
39,40,"MEM.E.Read","decode FFN residual: residual lhs column=33"
39,40,"MEM.E.Read","decode FFN residual: residual rhs column=33"
39,40,"MEM.E.Write","decode FFN residual: residual write column=28"
39,40,"MEM.E.Write","decode FFN residual: residual write column=28"
39,40,"VXM.ALU0","decode FFN residual: BF16 residual add column=31"
40,41,"MEM.E.Read","decode FFN residual: residual lhs column=34"
40,41,"MEM.E.Read","decode FFN residual: residual rhs column=34"
40,41,"MEM.E.Read","decode FFN residual: residual lhs column=34"
40,41,"MEM.E.Read","decode FFN residual: residual rhs column=34"
40,41,"MEM.E.Write","decode FFN residual: residual write column=29"
40,41,"MEM.E.Write","decode FFN residual: residual write column=29"
40,41,"VXM.ALU0","decode FFN residual: BF16 residual add column=32"
41,42,"MEM.E.Read","decode FFN residual: residual lhs column=35"
41,42,"MEM.E.Read","decode FFN residual: residual rhs column=35"
41,42,"MEM.E.Read","decode FFN residual: residual lhs column=35"
41,42,"MEM.E.Read","decode FFN residual: residual rhs column=35"
41,42,"MEM.E.Write","decode FFN residual: residual write column=30"
41,42,"MEM.E.Write","decode FFN residual: residual write column=30"
41,42,"VXM.ALU0","decode FFN residual: BF16 residual add column=33"
42,43,"MEM.E.Read","decode FFN residual: residual lhs column=36"
42,43,"MEM.E.Read","decode FFN residual: residual rhs column=36"
42,43,"MEM.E.Read","decode FFN residual: residual lhs column=36"
42,43,"MEM.E.Read","decode FFN residual: residual rhs column=36"
42,43,"MEM.E.Write","decode FFN residual: residual write column=31"
42,43,"MEM.E.Write","decode FFN residual: residual write column=31"
42,43,"VXM.ALU0","decode FFN residual: BF16 residual add column=34"
43,44,"MEM.E.Read","decode FFN residual: residual lhs column=37"
43,44,"MEM.E.Read","decode FFN residual: residual rhs column=37"
43,44,"MEM.E.Read","decode FFN residual: residual lhs column=37"
43,44,"MEM.E.Read","decode FFN residual: residual rhs column=37"
43,44,"MEM.E.Write","decode FFN residual: residual write column=32"
43,44,"MEM.E.Write","decode FFN residual: residual write column=32"
43,44,"VXM.ALU0","decode FFN residual: BF16 residual add column=35"
44,45,"MEM.E.Read","decode FFN residual: residual lhs column=38"
44,45,"MEM.E.Read","decode FFN residual: residual rhs column=38"
44,45,"MEM.E.Read","decode FFN residual: residual lhs column=38"
44,45,"MEM.E.Read","decode FFN residual: residual rhs column=38"
44,45,"MEM.E.Write","decode FFN residual: residual write column=33"
44,45,"MEM.E.Write","decode FFN residual: residual write column=33"
44,45,"VXM.ALU0","decode FFN residual: BF16 residual add column=36"
45,46,"MEM.E.Read","decode FFN residual: residual lhs column=39"
45,46,"MEM.E.Read","decode FFN residual: residual rhs column=39"
45,46,"MEM.E.Read","decode FFN residual: residual lhs column=39"
45,46,"MEM.E.Read","decode FFN residual: residual rhs column=39"
45,46,"MEM.E.Write","decode FFN residual: residual write column=34"
45,46,"MEM.E.Write","decode FFN residual: residual write column=34"
45,46,"VXM.ALU0","decode FFN residual: BF16 residual add column=37"
46,47,"MEM.E.Read","decode FFN residual: residual lhs column=40"
46,47,"MEM.E.Read","decode FFN residual: residual rhs column=40"
46,47,"MEM.E.Read","decode FFN residual: residual lhs column=40"
46,47,"MEM.E.Read","decode FFN residual: residual rhs column=40"
46,47,"MEM.E.Write","decode FFN residual: residual write column=35"
46,47,"MEM.E.Write","decode FFN residual: residual write column=35"
46,47,"VXM.ALU0","decode FFN residual: BF16 residual add column=38"
47,48,"MEM.E.Read","decode FFN residual: residual lhs column=41"
47,48,"MEM.E.Read","decode FFN residual: residual rhs column=41"
47,48,"MEM.E.Read","decode FFN residual: residual lhs column=41"
47,48,"MEM.E.Read","decode FFN residual: residual rhs column=41"
47,48,"MEM.E.Write","decode FFN residual: residual write column=36"
47,48,"MEM.E.Write","decode FFN residual: residual write column=36"
47,48,"VXM.ALU0","decode FFN residual: BF16 residual add column=39"
48,49,"MEM.E.Read","decode FFN residual: residual lhs column=42"
48,49,"MEM.E.Read","decode FFN residual: residual rhs column=42"
48,49,"MEM.E.Read","decode FFN residual: residual lhs column=42"
48,49,"MEM.E.Read","decode FFN residual: residual rhs column=42"
48,49,"MEM.E.Write","decode FFN residual: residual write column=37"
48,49,"MEM.E.Write","decode FFN residual: residual write column=37"
48,49,"VXM.ALU0","decode FFN residual: BF16 residual add column=40"
49,50,"MEM.E.Read","decode FFN residual: residual lhs column=43"
49,50,"MEM.E.Read","decode FFN residual: residual rhs column=43"
49,50,"MEM.E.Read","decode FFN residual: residual lhs column=43"
49,50,"MEM.E.Read","decode FFN residual: residual rhs column=43"
49,50,"MEM.E.Write","decode FFN residual: residual write column=38"
49,50,"MEM.E.Write","decode FFN residual: residual write column=38"
49,50,"VXM.ALU0","decode FFN residual: BF16 residual add column=41"
50,51,"MEM.E.Read","decode FFN residual: residual lhs column=44"
50,51,"MEM.E.Read","decode FFN residual: residual rhs column=44"
50,51,"MEM.E.Read","decode FFN residual: residual lhs column=44"
50,51,"MEM.E.Read","decode FFN residual: residual rhs column=44"
50,51,"MEM.E.Write","decode FFN residual: residual write column=39"
50,51,"MEM.E.Write","decode FFN residual: residual write column=39"
50,51,"VXM.ALU0","decode FFN residual: BF16 residual add column=42"
51,52,"MEM.E.Read","decode FFN residual: residual lhs column=45"
51,52,"MEM.E.Read","decode FFN residual: residual rhs column=45"
51,52,"MEM.E.Read","decode FFN residual: residual lhs column=45"
51,52,"MEM.E.Read","decode FFN residual: residual rhs column=45"
51,52,"MEM.E.Write","decode FFN residual: residual write column=40"
51,52,"MEM.E.Write","decode FFN residual: residual write column=40"
51,52,"VXM.ALU0","decode FFN residual: BF16 residual add column=43"
52,53,"MEM.E.Read","decode FFN residual: residual lhs column=46"
52,53,"MEM.E.Read","decode FFN residual: residual rhs column=46"
52,53,"MEM.E.Read","decode FFN residual: residual lhs column=46"
52,53,"MEM.E.Read","decode FFN residual: residual rhs column=46"
52,53,"MEM.E.Write","decode FFN residual: residual write column=41"
52,53,"MEM.E.Write","decode FFN residual: residual write column=41"
52,53,"VXM.ALU0","decode FFN residual: BF16 residual add column=44"
53,54,"MEM.E.Read","decode FFN residual: residual lhs column=47"
53,54,"MEM.E.Read","decode FFN residual: residual rhs column=47"
53,54,"MEM.E.Read","decode FFN residual: residual lhs column=47"
53,54,"MEM.E.Read","decode FFN residual: residual rhs column=47"
53,54,"MEM.E.Write","decode FFN residual: residual write column=42"
53,54,"MEM.E.Write","decode FFN residual: residual write column=42"
53,54,"VXM.ALU0","decode FFN residual: BF16 residual add column=45"
54,55,"MEM.E.Read","decode FFN residual: residual lhs column=48"
54,55,"MEM.E.Read","decode FFN residual: residual rhs column=48"
54,55,"MEM.E.Read","decode FFN residual: residual lhs column=48"
54,55,"MEM.E.Read","decode FFN residual: residual rhs column=48"
54,55,"MEM.E.Write","decode FFN residual: residual write column=43"
54,55,"MEM.E.Write","decode FFN residual: residual write column=43"
54,55,"VXM.ALU0","decode FFN residual: BF16 residual add column=46"
55,56,"MEM.E.Read","decode FFN residual: residual lhs column=49"
55,56,"MEM.E.Read","decode FFN residual: residual rhs column=49"
55,56,"MEM.E.Read","decode FFN residual: residual lhs column=49"
55,56,"MEM.E.Read","decode FFN residual: residual rhs column=49"
55,56,"MEM.E.Write","decode FFN residual: residual write column=44"
55,56,"MEM.E.Write","decode FFN residual: residual write column=44"
55,56,"VXM.ALU0","decode FFN residual: BF16 residual add column=47"
56,57,"MEM.E.Read","decode FFN residual: residual lhs column=50"
56,57,"MEM.E.Read","decode FFN residual: residual rhs column=50"
56,57,"MEM.E.Read","decode FFN residual: residual lhs column=50"
56,57,"MEM.E.Read","decode FFN residual: residual rhs column=50"
56,57,"MEM.E.Write","decode FFN residual: residual write column=45"
56,57,"MEM.E.Write","decode FFN residual: residual write column=45"
56,57,"VXM.ALU0","decode FFN residual: BF16 residual add column=48"
57,58,"MEM.E.Read","decode FFN residual: residual lhs column=51"
57,58,"MEM.E.Read","decode FFN residual: residual rhs column=51"
57,58,"MEM.E.Read","decode FFN residual: residual lhs column=51"
57,58,"MEM.E.Read","decode FFN residual: residual rhs column=51"
57,58,"MEM.E.Write","decode FFN residual: residual write column=46"
57,58,"MEM.E.Write","decode FFN residual: residual write column=46"
57,58,"VXM.ALU0","decode FFN residual: BF16 residual add column=49"
58,59,"MEM.E.Read","decode FFN residual: residual lhs column=52"
58,59,"MEM.E.Read","decode FFN residual: residual rhs column=52"
58,59,"MEM.E.Read","decode FFN residual: residual lhs column=52"
58,59,"MEM.E.Read","decode FFN residual: residual rhs column=52"
58,59,"MEM.E.Write","decode FFN residual: residual write column=47"
58,59,"MEM.E.Write","decode FFN residual: residual write column=47"
58,59,"VXM.ALU0","decode FFN residual: BF16 residual add column=50"
59,60,"MEM.E.Read","decode FFN residual: residual lhs column=53"
59,60,"MEM.E.Read","decode FFN residual: residual rhs column=53"
59,60,"MEM.E.Read","decode FFN residual: residual lhs column=53"
59,60,"MEM.E.Read","decode FFN residual: residual rhs column=53"
59,60,"MEM.E.Write","decode FFN residual: residual write column=48"
59,60,"MEM.E.Write","decode FFN residual: residual write column=48"
59,60,"VXM.ALU0","decode FFN residual: BF16 residual add column=51"
60,61,"MEM.E.Read","decode FFN residual: residual lhs column=54"
60,61,"MEM.E.Read","decode FFN residual: residual rhs column=54"
60,61,"MEM.E.Read","decode FFN residual: residual lhs column=54"
60,61,"MEM.E.Read","decode FFN residual: residual rhs column=54"
60,61,"MEM.E.Write","decode FFN residual: residual write column=49"
60,61,"MEM.E.Write","decode FFN residual: residual write column=49"
60,61,"VXM.ALU0","decode FFN residual: BF16 residual add column=52"
61,62,"MEM.E.Read","decode FFN residual: residual lhs column=55"
61,62,"MEM.E.Read","decode FFN residual: residual rhs column=55"
61,62,"MEM.E.Read","decode FFN residual: residual lhs column=55"
61,62,"MEM.E.Read","decode FFN residual: residual rhs column=55"
61,62,"MEM.E.Write","decode FFN residual: residual write column=50"
61,62,"MEM.E.Write","decode FFN residual: residual write column=50"
61,62,"VXM.ALU0","decode FFN residual: BF16 residual add column=53"
62,63,"MEM.E.Read","decode FFN residual: residual lhs column=56"
62,63,"MEM.E.Read","decode FFN residual: residual rhs column=56"
62,63,"MEM.E.Read","decode FFN residual: residual lhs column=56"
62,63,"MEM.E.Read","decode FFN residual: residual rhs column=56"
62,63,"MEM.E.Write","decode FFN residual: residual write column=51"
62,63,"MEM.E.Write","decode FFN residual: residual write column=51"
62,63,"VXM.ALU0","decode FFN residual: BF16 residual add column=54"
63,64,"MEM.E.Read","decode FFN residual: residual lhs column=57"
63,64,"MEM.E.Read","decode FFN residual: residual rhs column=57"
63,64,"MEM.E.Read","decode FFN residual: residual lhs column=57"
63,64,"MEM.E.Read","decode FFN residual: residual rhs column=57"
63,64,"MEM.E.Write","decode FFN residual: residual write column=52"
63,64,"MEM.E.Write","decode FFN residual: residual write column=52"
63,64,"VXM.ALU0","decode FFN residual: BF16 residual add column=55"
64,65,"MEM.E.Read","decode FFN residual: residual lhs column=58"
64,65,"MEM.E.Read","decode FFN residual: residual rhs column=58"
64,65,"MEM.E.Read","decode FFN residual: residual lhs column=58"
64,65,"MEM.E.Read","decode FFN residual: residual rhs column=58"
64,65,"MEM.E.Write","decode FFN residual: residual write column=53"
64,65,"MEM.E.Write","decode FFN residual: residual write column=53"
64,65,"VXM.ALU0","decode FFN residual: BF16 residual add column=56"
65,66,"MEM.E.Read","decode FFN residual: residual lhs column=59"
65,66,"MEM.E.Read","decode FFN residual: residual rhs column=59"
65,66,"MEM.E.Read","decode FFN residual: residual lhs column=59"
65,66,"MEM.E.Read","decode FFN residual: residual rhs column=59"
65,66,"MEM.E.Write","decode FFN residual: residual write column=54"
65,66,"MEM.E.Write","decode FFN residual: residual write column=54"
65,66,"VXM.ALU0","decode FFN residual: BF16 residual add column=57"
66,67,"MEM.E.Read","decode FFN residual: residual lhs column=60"
66,67,"MEM.E.Read","decode FFN residual: residual rhs column=60"
66,67,"MEM.E.Read","decode FFN residual: residual lhs column=60"
66,67,"MEM.E.Read","decode FFN residual: residual rhs column=60"
66,67,"MEM.E.Write","decode FFN residual: residual write column=55"
66,67,"MEM.E.Write","decode FFN residual: residual write column=55"
66,67,"VXM.ALU0","decode FFN residual: BF16 residual add column=58"
67,68,"MEM.E.Read","decode FFN residual: residual lhs column=61"
67,68,"MEM.E.Read","decode FFN residual: residual rhs column=61"
67,68,"MEM.E.Read","decode FFN residual: residual lhs column=61"
67,68,"MEM.E.Read","decode FFN residual: residual rhs column=61"
67,68,"MEM.E.Write","decode FFN residual: residual write column=56"
67,68,"MEM.E.Write","decode FFN residual: residual write column=56"
67,68,"VXM.ALU0","decode FFN residual: BF16 residual add column=59"
68,69,"MEM.E.Read","decode FFN residual: residual lhs column=62"
68,69,"MEM.E.Read","decode FFN residual: residual rhs column=62"
68,69,"MEM.E.Read","decode FFN residual: residual lhs column=62"
68,69,"MEM.E.Read","decode FFN residual: residual rhs column=62"
68,69,"MEM.E.Write","decode FFN residual: residual write column=57"
68,69,"MEM.E.Write","decode FFN residual: residual write column=57"
68,69,"VXM.ALU0","decode FFN residual: BF16 residual add column=60"
69,70,"MEM.E.Read","decode FFN residual: residual lhs column=63"
69,70,"MEM.E.Read","decode FFN residual: residual rhs column=63"
69,70,"MEM.E.Read","decode FFN residual: residual lhs column=63"
69,70,"MEM.E.Read","decode FFN residual: residual rhs column=63"
69,70,"MEM.E.Write","decode FFN residual: residual write column=58"
69,70,"MEM.E.Write","decode FFN residual: residual write column=58"
69,70,"VXM.ALU0","decode FFN residual: BF16 residual add column=61"
70,71,"MEM.E.Read","decode FFN residual: residual lhs column=64"
70,71,"MEM.E.Read","decode FFN residual: residual rhs column=64"
70,71,"MEM.E.Read","decode FFN residual: residual lhs column=64"
70,71,"MEM.E.Read","decode FFN residual: residual rhs column=64"
70,71,"MEM.E.Write","decode FFN residual: residual write column=59"
70,71,"MEM.E.Write","decode FFN residual: residual write column=59"
70,71,"VXM.ALU0","decode FFN residual: BF16 residual add column=62"
71,72,"MEM.E.Read","decode FFN residual: residual lhs column=65"
71,72,"MEM.E.Read","decode FFN residual: residual rhs column=65"
71,72,"MEM.E.Read","decode FFN residual: residual lhs column=65"
71,72,"MEM.E.Read","decode FFN residual: residual rhs column=65"
71,72,"MEM.E.Write","decode FFN residual: residual write column=60"
71,72,"MEM.E.Write","decode FFN residual: residual write column=60"
71,72,"VXM.ALU0","decode FFN residual: BF16 residual add column=63"
72,73,"MEM.E.Read","decode FFN residual: residual lhs column=66"
72,73,"MEM.E.Read","decode FFN residual: residual rhs column=66"
72,73,"MEM.E.Read","decode FFN residual: residual lhs column=66"
72,73,"MEM.E.Read","decode FFN residual: residual rhs column=66"
72,73,"MEM.E.Write","decode FFN residual: residual write column=61"
72,73,"MEM.E.Write","decode FFN residual: residual write column=61"
72,73,"VXM.ALU0","decode FFN residual: BF16 residual add column=64"
73,74,"MEM.E.Read","decode FFN residual: residual lhs column=67"
73,74,"MEM.E.Read","decode FFN residual: residual rhs column=67"
73,74,"MEM.E.Read","decode FFN residual: residual lhs column=67"
73,74,"MEM.E.Read","decode FFN residual: residual rhs column=67"
73,74,"MEM.E.Write","decode FFN residual: residual write column=62"
73,74,"MEM.E.Write","decode FFN residual: residual write column=62"
73,74,"VXM.ALU0","decode FFN residual: BF16 residual add column=65"
74,75,"MEM.E.Read","decode FFN residual: residual lhs column=68"
74,75,"MEM.E.Read","decode FFN residual: residual rhs column=68"
74,75,"MEM.E.Read","decode FFN residual: residual lhs column=68"
74,75,"MEM.E.Read","decode FFN residual: residual rhs column=68"
74,75,"MEM.E.Write","decode FFN residual: residual write column=63"
74,75,"MEM.E.Write","decode FFN residual: residual write column=63"
74,75,"VXM.ALU0","decode FFN residual: BF16 residual add column=66"
75,76,"MEM.E.Read","decode FFN residual: residual lhs column=69"
75,76,"MEM.E.Read","decode FFN residual: residual rhs column=69"
75,76,"MEM.E.Read","decode FFN residual: residual lhs column=69"
75,76,"MEM.E.Read","decode FFN residual: residual rhs column=69"
75,76,"MEM.E.Write","decode FFN residual: residual write column=64"
75,76,"MEM.E.Write","decode FFN residual: residual write column=64"
75,76,"VXM.ALU0","decode FFN residual: BF16 residual add column=67"
76,77,"MEM.E.Read","decode FFN residual: residual lhs column=70"
76,77,"MEM.E.Read","decode FFN residual: residual rhs column=70"
76,77,"MEM.E.Read","decode FFN residual: residual lhs column=70"
76,77,"MEM.E.Read","decode FFN residual: residual rhs column=70"
76,77,"MEM.E.Write","decode FFN residual: residual write column=65"
76,77,"MEM.E.Write","decode FFN residual: residual write column=65"
76,77,"VXM.ALU0","decode FFN residual: BF16 residual add column=68"
77,78,"MEM.E.Read","decode FFN residual: residual lhs column=71"
77,78,"MEM.E.Read","decode FFN residual: residual rhs column=71"
77,78,"MEM.E.Read","decode FFN residual: residual lhs column=71"
77,78,"MEM.E.Read","decode FFN residual: residual rhs column=71"
77,78,"MEM.E.Write","decode FFN residual: residual write column=66"
77,78,"MEM.E.Write","decode FFN residual: residual write column=66"
77,78,"VXM.ALU0","decode FFN residual: BF16 residual add column=69"
78,79,"MEM.E.Read","decode FFN residual: residual lhs column=72"
78,79,"MEM.E.Read","decode FFN residual: residual rhs column=72"
78,79,"MEM.E.Read","decode FFN residual: residual lhs column=72"
78,79,"MEM.E.Read","decode FFN residual: residual rhs column=72"
78,79,"MEM.E.Write","decode FFN residual: residual write column=67"
78,79,"MEM.E.Write","decode FFN residual: residual write column=67"
78,79,"VXM.ALU0","decode FFN residual: BF16 residual add column=70"
79,80,"MEM.E.Read","decode FFN residual: residual lhs column=73"
79,80,"MEM.E.Read","decode FFN residual: residual rhs column=73"
79,80,"MEM.E.Read","decode FFN residual: residual lhs column=73"
79,80,"MEM.E.Read","decode FFN residual: residual rhs column=73"
79,80,"MEM.E.Write","decode FFN residual: residual write column=68"
79,80,"MEM.E.Write","decode FFN residual: residual write column=68"
79,80,"VXM.ALU0","decode FFN residual: BF16 residual add column=71"
80,81,"MEM.E.Read","decode FFN residual: residual lhs column=74"
80,81,"MEM.E.Read","decode FFN residual: residual rhs column=74"
80,81,"MEM.E.Read","decode FFN residual: residual lhs column=74"
80,81,"MEM.E.Read","decode FFN residual: residual rhs column=74"
80,81,"MEM.E.Write","decode FFN residual: residual write column=69"
80,81,"MEM.E.Write","decode FFN residual: residual write column=69"
80,81,"VXM.ALU0","decode FFN residual: BF16 residual add column=72"
81,82,"MEM.E.Read","decode FFN residual: residual lhs column=75"
81,82,"MEM.E.Read","decode FFN residual: residual rhs column=75"
81,82,"MEM.E.Read","decode FFN residual: residual lhs column=75"
81,82,"MEM.E.Read","decode FFN residual: residual rhs column=75"
81,82,"MEM.E.Write","decode FFN residual: residual write column=70"
81,82,"MEM.E.Write","decode FFN residual: residual write column=70"
81,82,"VXM.ALU0","decode FFN residual: BF16 residual add column=73"
82,83,"MEM.E.Read","decode FFN residual: residual lhs column=76"
82,83,"MEM.E.Read","decode FFN residual: residual rhs column=76"
82,83,"MEM.E.Read","decode FFN residual: residual lhs column=76"
82,83,"MEM.E.Read","decode FFN residual: residual rhs column=76"
82,83,"MEM.E.Write","decode FFN residual: residual write column=71"
82,83,"MEM.E.Write","decode FFN residual: residual write column=71"
82,83,"VXM.ALU0","decode FFN residual: BF16 residual add column=74"
83,84,"MEM.E.Read","decode FFN residual: residual lhs column=77"
83,84,"MEM.E.Read","decode FFN residual: residual rhs column=77"
83,84,"MEM.E.Read","decode FFN residual: residual lhs column=77"
83,84,"MEM.E.Read","decode FFN residual: residual rhs column=77"
83,84,"MEM.E.Write","decode FFN residual: residual write column=72"
83,84,"MEM.E.Write","decode FFN residual: residual write column=72"
83,84,"VXM.ALU0","decode FFN residual: BF16 residual add column=75"
84,85,"MEM.E.Read","decode FFN residual: residual lhs column=78"
84,85,"MEM.E.Read","decode FFN residual: residual rhs column=78"
84,85,"MEM.E.Read","decode FFN residual: residual lhs column=78"
84,85,"MEM.E.Read","decode FFN residual: residual rhs column=78"
84,85,"MEM.E.Write","decode FFN residual: residual write column=73"
84,85,"MEM.E.Write","decode FFN residual: residual write column=73"
84,85,"VXM.ALU0","decode FFN residual: BF16 residual add column=76"
85,86,"MEM.E.Read","decode FFN residual: residual lhs column=79"
85,86,"MEM.E.Read","decode FFN residual: residual rhs column=79"
85,86,"MEM.E.Read","decode FFN residual: residual lhs column=79"
85,86,"MEM.E.Read","decode FFN residual: residual rhs column=79"
85,86,"MEM.E.Write","decode FFN residual: residual write column=74"
85,86,"MEM.E.Write","decode FFN residual: residual write column=74"
85,86,"VXM.ALU0","decode FFN residual: BF16 residual add column=77"
86,87,"MEM.E.Read","decode FFN residual: residual lhs column=80"
86,87,"MEM.E.Read","decode FFN residual: residual rhs column=80"
86,87,"MEM.E.Read","decode FFN residual: residual lhs column=80"
86,87,"MEM.E.Read","decode FFN residual: residual rhs column=80"
86,87,"MEM.E.Write","decode FFN residual: residual write column=75"
86,87,"MEM.E.Write","decode FFN residual: residual write column=75"
86,87,"VXM.ALU0","decode FFN residual: BF16 residual add column=78"
87,88,"MEM.E.Read","decode FFN residual: residual lhs column=81"
87,88,"MEM.E.Read","decode FFN residual: residual rhs column=81"
87,88,"MEM.E.Read","decode FFN residual: residual lhs column=81"
87,88,"MEM.E.Read","decode FFN residual: residual rhs column=81"
87,88,"MEM.E.Write","decode FFN residual: residual write column=76"
87,88,"MEM.E.Write","decode FFN residual: residual write column=76"
87,88,"VXM.ALU0","decode FFN residual: BF16 residual add column=79"
88,89,"MEM.E.Read","decode FFN residual: residual lhs column=82"
88,89,"MEM.E.Read","decode FFN residual: residual rhs column=82"
88,89,"MEM.E.Read","decode FFN residual: residual lhs column=82"
88,89,"MEM.E.Read","decode FFN residual: residual rhs column=82"
88,89,"MEM.E.Write","decode FFN residual: residual write column=77"
88,89,"MEM.E.Write","decode FFN residual: residual write column=77"
88,89,"VXM.ALU0","decode FFN residual: BF16 residual add column=80"
89,90,"MEM.E.Read","decode FFN residual: residual lhs column=83"
89,90,"MEM.E.Read","decode FFN residual: residual rhs column=83"
89,90,"MEM.E.Read","decode FFN residual: residual lhs column=83"
89,90,"MEM.E.Read","decode FFN residual: residual rhs column=83"
89,90,"MEM.E.Write","decode FFN residual: residual write column=78"
89,90,"MEM.E.Write","decode FFN residual: residual write column=78"
89,90,"VXM.ALU0","decode FFN residual: BF16 residual add column=81"
90,91,"MEM.E.Read","decode FFN residual: residual lhs column=84"
90,91,"MEM.E.Read","decode FFN residual: residual rhs column=84"
90,91,"MEM.E.Read","decode FFN residual: residual lhs column=84"
90,91,"MEM.E.Read","decode FFN residual: residual rhs column=84"
90,91,"MEM.E.Write","decode FFN residual: residual write column=79"
90,91,"MEM.E.Write","decode FFN residual: residual write column=79"
90,91,"VXM.ALU0","decode FFN residual: BF16 residual add column=82"
91,92,"MEM.E.Read","decode FFN residual: residual lhs column=85"
91,92,"MEM.E.Read","decode FFN residual: residual rhs column=85"
91,92,"MEM.E.Read","decode FFN residual: residual lhs column=85"
91,92,"MEM.E.Read","decode FFN residual: residual rhs column=85"
91,92,"MEM.E.Write","decode FFN residual: residual write column=80"
91,92,"MEM.E.Write","decode FFN residual: residual write column=80"
91,92,"VXM.ALU0","decode FFN residual: BF16 residual add column=83"
92,93,"MEM.E.Read","decode FFN residual: residual lhs column=86"
92,93,"MEM.E.Read","decode FFN residual: residual rhs column=86"
92,93,"MEM.E.Read","decode FFN residual: residual lhs column=86"
92,93,"MEM.E.Read","decode FFN residual: residual rhs column=86"
92,93,"MEM.E.Write","decode FFN residual: residual write column=81"
92,93,"MEM.E.Write","decode FFN residual: residual write column=81"
92,93,"VXM.ALU0","decode FFN residual: BF16 residual add column=84"
93,94,"MEM.E.Read","decode FFN residual: residual lhs column=87"
93,94,"MEM.E.Read","decode FFN residual: residual rhs column=87"
93,94,"MEM.E.Read","decode FFN residual: residual lhs column=87"
93,94,"MEM.E.Read","decode FFN residual: residual rhs column=87"
93,94,"MEM.E.Write","decode FFN residual: residual write column=82"
93,94,"MEM.E.Write","decode FFN residual: residual write column=82"
93,94,"VXM.ALU0","decode FFN residual: BF16 residual add column=85"
94,95,"MEM.E.Read","decode FFN residual: residual lhs column=88"
94,95,"MEM.E.Read","decode FFN residual: residual rhs column=88"
94,95,"MEM.E.Read","decode FFN residual: residual lhs column=88"
94,95,"MEM.E.Read","decode FFN residual: residual rhs column=88"
94,95,"MEM.E.Write","decode FFN residual: residual write column=83"
94,95,"MEM.E.Write","decode FFN residual: residual write column=83"
94,95,"VXM.ALU0","decode FFN residual: BF16 residual add column=86"
95,96,"MEM.E.Read","decode FFN residual: residual lhs column=89"
95,96,"MEM.E.Read","decode FFN residual: residual rhs column=89"
95,96,"MEM.E.Read","decode FFN residual: residual lhs column=89"
95,96,"MEM.E.Read","decode FFN residual: residual rhs column=89"
95,96,"MEM.E.Write","decode FFN residual: residual write column=84"
95,96,"MEM.E.Write","decode FFN residual: residual write column=84"
95,96,"VXM.ALU0","decode FFN residual: BF16 residual add column=87"
96,97,"MEM.E.Read","decode FFN residual: residual lhs column=90"
96,97,"MEM.E.Read","decode FFN residual: residual rhs column=90"
96,97,"MEM.E.Read","decode FFN residual: residual lhs column=90"
96,97,"MEM.E.Read","decode FFN residual: residual rhs column=90"
96,97,"MEM.E.Write","decode FFN residual: residual write column=85"
96,97,"MEM.E.Write","decode FFN residual: residual write column=85"
96,97,"VXM.ALU0","decode FFN residual: BF16 residual add column=88"
97,98,"MEM.E.Read","decode FFN residual: residual lhs column=91"
97,98,"MEM.E.Read","decode FFN residual: residual rhs column=91"
97,98,"MEM.E.Read","decode FFN residual: residual lhs column=91"
97,98,"MEM.E.Read","decode FFN residual: residual rhs column=91"
97,98,"MEM.E.Write","decode FFN residual: residual write column=86"
97,98,"MEM.E.Write","decode FFN residual: residual write column=86"
97,98,"VXM.ALU0","decode FFN residual: BF16 residual add column=89"
98,99,"MEM.E.Read","decode FFN residual: residual lhs column=92"
98,99,"MEM.E.Read","decode FFN residual: residual rhs column=92"
98,99,"MEM.E.Read","decode FFN residual: residual lhs column=92"
98,99,"MEM.E.Read","decode FFN residual: residual rhs column=92"
98,99,"MEM.E.Write","decode FFN residual: residual write column=87"
98,99,"MEM.E.Write","decode FFN residual: residual write column=87"
98,99,"VXM.ALU0","decode FFN residual: BF16 residual add column=90"
99,100,"MEM.E.Read","decode FFN residual: residual lhs column=93"
99,100,"MEM.E.Read","decode FFN residual: residual rhs column=93"
99,100,"MEM.E.Read","decode FFN residual: residual lhs column=93"
99,100,"MEM.E.Read","decode FFN residual: residual rhs column=93"
99,100,"MEM.E.Write","decode FFN residual: residual write column=88"
99,100,"MEM.E.Write","decode FFN residual: residual write column=88"
99,100,"VXM.ALU0","decode FFN residual: BF16 residual add column=91"
100,101,"MEM.E.Read","decode FFN residual: residual lhs column=94"
100,101,"MEM.E.Read","decode FFN residual: residual rhs column=94"
100,101,"MEM.E.Read","decode FFN residual: residual lhs column=94"
100,101,"MEM.E.Read","decode FFN residual: residual rhs column=94"
100,101,"MEM.E.Write","decode FFN residual: residual write column=89"
100,101,"MEM.E.Write","decode FFN residual: residual write column=89"
100,101,"VXM.ALU0","decode FFN residual: BF16 residual add column=92"
101,102,"MEM.E.Read","decode FFN residual: residual lhs column=95"
101,102,"MEM.E.Read","decode FFN residual: residual rhs column=95"
101,102,"MEM.E.Read","decode FFN residual: residual lhs column=95"
101,102,"MEM.E.Read","decode FFN residual: residual rhs column=95"
101,102,"MEM.E.Write","decode FFN residual: residual write column=90"
101,102,"MEM.E.Write","decode FFN residual: residual write column=90"
101,102,"VXM.ALU0","decode FFN residual: BF16 residual add column=93"
102,103,"MEM.E.Read","decode FFN residual: residual lhs column=96"
102,103,"MEM.E.Read","decode FFN residual: residual rhs column=96"
102,103,"MEM.E.Read","decode FFN residual: residual lhs column=96"
102,103,"MEM.E.Read","decode FFN residual: residual rhs column=96"
102,103,"MEM.E.Write","decode FFN residual: residual write column=91"
102,103,"MEM.E.Write","decode FFN residual: residual write column=91"
102,103,"VXM.ALU0","decode FFN residual: BF16 residual add column=94"
103,104,"MEM.E.Read","decode FFN residual: residual lhs column=97"
103,104,"MEM.E.Read","decode FFN residual: residual rhs column=97"
103,104,"MEM.E.Read","decode FFN residual: residual lhs column=97"
103,104,"MEM.E.Read","decode FFN residual: residual rhs column=97"
103,104,"MEM.E.Write","decode FFN residual: residual write column=92"
103,104,"MEM.E.Write","decode FFN residual: residual write column=92"
103,104,"VXM.ALU0","decode FFN residual: BF16 residual add column=95"
104,105,"MEM.E.Read","decode FFN residual: residual lhs column=98"
104,105,"MEM.E.Read","decode FFN residual: residual rhs column=98"
104,105,"MEM.E.Read","decode FFN residual: residual lhs column=98"
104,105,"MEM.E.Read","decode FFN residual: residual rhs column=98"
104,105,"MEM.E.Write","decode FFN residual: residual write column=93"
104,105,"MEM.E.Write","decode FFN residual: residual write column=93"
104,105,"VXM.ALU0","decode FFN residual: BF16 residual add column=96"
105,106,"MEM.E.Read","decode FFN residual: residual lhs column=99"
105,106,"MEM.E.Read","decode FFN residual: residual rhs column=99"
105,106,"MEM.E.Read","decode FFN residual: residual lhs column=99"
105,106,"MEM.E.Read","decode FFN residual: residual rhs column=99"
105,106,"MEM.E.Write","decode FFN residual: residual write column=94"
105,106,"MEM.E.Write","decode FFN residual: residual write column=94"
105,106,"VXM.ALU0","decode FFN residual: BF16 residual add column=97"
106,107,"MEM.E.Read","decode FFN residual: residual lhs column=100"
106,107,"MEM.E.Read","decode FFN residual: residual rhs column=100"
106,107,"MEM.E.Read","decode FFN residual: residual lhs column=100"
106,107,"MEM.E.Read","decode FFN residual: residual rhs column=100"
106,107,"MEM.E.Write","decode FFN residual: residual write column=95"
106,107,"MEM.E.Write","decode FFN residual: residual write column=95"
106,107,"VXM.ALU0","decode FFN residual: BF16 residual add column=98"
107,108,"MEM.E.Read","decode FFN residual: residual lhs column=101"
107,108,"MEM.E.Read","decode FFN residual: residual rhs column=101"
107,108,"MEM.E.Read","decode FFN residual: residual lhs column=101"
107,108,"MEM.E.Read","decode FFN residual: residual rhs column=101"
107,108,"MEM.E.Write","decode FFN residual: residual write column=96"
107,108,"MEM.E.Write","decode FFN residual: residual write column=96"
107,108,"VXM.ALU0","decode FFN residual: BF16 residual add column=99"
108,109,"MEM.E.Read","decode FFN residual: residual lhs column=102"
108,109,"MEM.E.Read","decode FFN residual: residual rhs column=102"
108,109,"MEM.E.Read","decode FFN residual: residual lhs column=102"
108,109,"MEM.E.Read","decode FFN residual: residual rhs column=102"
108,109,"MEM.E.Write","decode FFN residual: residual write column=97"
108,109,"MEM.E.Write","decode FFN residual: residual write column=97"
108,109,"VXM.ALU0","decode FFN residual: BF16 residual add column=100"
109,110,"MEM.E.Read","decode FFN residual: residual lhs column=103"
109,110,"MEM.E.Read","decode FFN residual: residual rhs column=103"
109,110,"MEM.E.Read","decode FFN residual: residual lhs column=103"
109,110,"MEM.E.Read","decode FFN residual: residual rhs column=103"
109,110,"MEM.E.Write","decode FFN residual: residual write column=98"
109,110,"MEM.E.Write","decode FFN residual: residual write column=98"
109,110,"VXM.ALU0","decode FFN residual: BF16 residual add column=101"
110,111,"MEM.E.Read","decode FFN residual: residual lhs column=104"
110,111,"MEM.E.Read","decode FFN residual: residual rhs column=104"
110,111,"MEM.E.Read","decode FFN residual: residual lhs column=104"
110,111,"MEM.E.Read","decode FFN residual: residual rhs column=104"
110,111,"MEM.E.Write","decode FFN residual: residual write column=99"
110,111,"MEM.E.Write","decode FFN residual: residual write column=99"
110,111,"VXM.ALU0","decode FFN residual: BF16 residual add column=102"
111,112,"MEM.E.Read","decode FFN residual: residual lhs column=105"
111,112,"MEM.E.Read","decode FFN residual: residual rhs column=105"
111,112,"MEM.E.Read","decode FFN residual: residual lhs column=105"
111,112,"MEM.E.Read","decode FFN residual: residual rhs column=105"
111,112,"MEM.E.Write","decode FFN residual: residual write column=100"
111,112,"MEM.E.Write","decode FFN residual: residual write column=100"
111,112,"VXM.ALU0","decode FFN residual: BF16 residual add column=103"
112,113,"MEM.E.Read","decode FFN residual: residual lhs column=106"
112,113,"MEM.E.Read","decode FFN residual: residual rhs column=106"
112,113,"MEM.E.Read","decode FFN residual: residual lhs column=106"
112,113,"MEM.E.Read","decode FFN residual: residual rhs column=106"
112,113,"MEM.E.Write","decode FFN residual: residual write column=101"
112,113,"MEM.E.Write","decode FFN residual: residual write column=101"
112,113,"VXM.ALU0","decode FFN residual: BF16 residual add column=104"
113,114,"MEM.E.Read","decode FFN residual: residual lhs column=107"
113,114,"MEM.E.Read","decode FFN residual: residual rhs column=107"
113,114,"MEM.E.Read","decode FFN residual: residual lhs column=107"
113,114,"MEM.E.Read","decode FFN residual: residual rhs column=107"
113,114,"MEM.E.Write","decode FFN residual: residual write column=102"
113,114,"MEM.E.Write","decode FFN residual: residual write column=102"
113,114,"VXM.ALU0","decode FFN residual: BF16 residual add column=105"
114,115,"MEM.E.Read","decode FFN residual: residual lhs column=108"
114,115,"MEM.E.Read","decode FFN residual: residual rhs column=108"
114,115,"MEM.E.Read","decode FFN residual: residual lhs column=108"
114,115,"MEM.E.Read","decode FFN residual: residual rhs column=108"
114,115,"MEM.E.Write","decode FFN residual: residual write column=103"
114,115,"MEM.E.Write","decode FFN residual: residual write column=103"
114,115,"VXM.ALU0","decode FFN residual: BF16 residual add column=106"
115,116,"MEM.E.Read","decode FFN residual: residual lhs column=109"
115,116,"MEM.E.Read","decode FFN residual: residual rhs column=109"
115,116,"MEM.E.Read","decode FFN residual: residual lhs column=109"
115,116,"MEM.E.Read","decode FFN residual: residual rhs column=109"
115,116,"MEM.E.Write","decode FFN residual: residual write column=104"
115,116,"MEM.E.Write","decode FFN residual: residual write column=104"
115,116,"VXM.ALU0","decode FFN residual: BF16 residual add column=107"
116,117,"MEM.E.Read","decode FFN residual: residual lhs column=110"
116,117,"MEM.E.Read","decode FFN residual: residual rhs column=110"
116,117,"MEM.E.Read","decode FFN residual: residual lhs column=110"
116,117,"MEM.E.Read","decode FFN residual: residual rhs column=110"
116,117,"MEM.E.Write","decode FFN residual: residual write column=105"
116,117,"MEM.E.Write","decode FFN residual: residual write column=105"
116,117,"VXM.ALU0","decode FFN residual: BF16 residual add column=108"
117,118,"MEM.E.Read","decode FFN residual: residual lhs column=111"
117,118,"MEM.E.Read","decode FFN residual: residual rhs column=111"
117,118,"MEM.E.Read","decode FFN residual: residual lhs column=111"
117,118,"MEM.E.Read","decode FFN residual: residual rhs column=111"
117,118,"MEM.E.Write","decode FFN residual: residual write column=106"
117,118,"MEM.E.Write","decode FFN residual: residual write column=106"
117,118,"VXM.ALU0","decode FFN residual: BF16 residual add column=109"
118,119,"MEM.E.Read","decode FFN residual: residual lhs column=112"
118,119,"MEM.E.Read","decode FFN residual: residual rhs column=112"
118,119,"MEM.E.Read","decode FFN residual: residual lhs column=112"
118,119,"MEM.E.Read","decode FFN residual: residual rhs column=112"
118,119,"MEM.E.Write","decode FFN residual: residual write column=107"
118,119,"MEM.E.Write","decode FFN residual: residual write column=107"
118,119,"VXM.ALU0","decode FFN residual: BF16 residual add column=110"
119,120,"MEM.E.Read","decode FFN residual: residual lhs column=113"
119,120,"MEM.E.Read","decode FFN residual: residual rhs column=113"
119,120,"MEM.E.Read","decode FFN residual: residual lhs column=113"
119,120,"MEM.E.Read","decode FFN residual: residual rhs column=113"
119,120,"MEM.E.Write","decode FFN residual: residual write column=108"
119,120,"MEM.E.Write","decode FFN residual: residual write column=108"
119,120,"VXM.ALU0","decode FFN residual: BF16 residual add column=111"
120,121,"MEM.E.Read","decode FFN residual: residual lhs column=114"
120,121,"MEM.E.Read","decode FFN residual: residual rhs column=114"
120,121,"MEM.E.Read","decode FFN residual: residual lhs column=114"
120,121,"MEM.E.Read","decode FFN residual: residual rhs column=114"
120,121,"MEM.E.Write","decode FFN residual: residual write column=109"
120,121,"MEM.E.Write","decode FFN residual: residual write column=109"
120,121,"VXM.ALU0","decode FFN residual: BF16 residual add column=112"
121,122,"MEM.E.Read","decode FFN residual: residual lhs column=115"
121,122,"MEM.E.Read","decode FFN residual: residual rhs column=115"
121,122,"MEM.E.Read","decode FFN residual: residual lhs column=115"
121,122,"MEM.E.Read","decode FFN residual: residual rhs column=115"
121,122,"MEM.E.Write","decode FFN residual: residual write column=110"
121,122,"MEM.E.Write","decode FFN residual: residual write column=110"
121,122,"VXM.ALU0","decode FFN residual: BF16 residual add column=113"
122,123,"MEM.E.Read","decode FFN residual: residual lhs column=116"
122,123,"MEM.E.Read","decode FFN residual: residual rhs column=116"
122,123,"MEM.E.Read","decode FFN residual: residual lhs column=116"
122,123,"MEM.E.Read","decode FFN residual: residual rhs column=116"
122,123,"MEM.E.Write","decode FFN residual: residual write column=111"
122,123,"MEM.E.Write","decode FFN residual: residual write column=111"
122,123,"VXM.ALU0","decode FFN residual: BF16 residual add column=114"
123,124,"MEM.E.Read","decode FFN residual: residual lhs column=117"
123,124,"MEM.E.Read","decode FFN residual: residual rhs column=117"
123,124,"MEM.E.Read","decode FFN residual: residual lhs column=117"
123,124,"MEM.E.Read","decode FFN residual: residual rhs column=117"
123,124,"MEM.E.Write","decode FFN residual: residual write column=112"
123,124,"MEM.E.Write","decode FFN residual: residual write column=112"
123,124,"VXM.ALU0","decode FFN residual: BF16 residual add column=115"
124,125,"MEM.E.Read","decode FFN residual: residual lhs column=118"
124,125,"MEM.E.Read","decode FFN residual: residual rhs column=118"
124,125,"MEM.E.Read","decode FFN residual: residual lhs column=118"
124,125,"MEM.E.Read","decode FFN residual: residual rhs column=118"
124,125,"MEM.E.Write","decode FFN residual: residual write column=113"
124,125,"MEM.E.Write","decode FFN residual: residual write column=113"
124,125,"VXM.ALU0","decode FFN residual: BF16 residual add column=116"
125,126,"MEM.E.Read","decode FFN residual: residual lhs column=119"
125,126,"MEM.E.Read","decode FFN residual: residual rhs column=119"
125,126,"MEM.E.Read","decode FFN residual: residual lhs column=119"
125,126,"MEM.E.Read","decode FFN residual: residual rhs column=119"
125,126,"MEM.E.Write","decode FFN residual: residual write column=114"
125,126,"MEM.E.Write","decode FFN residual: residual write column=114"
125,126,"VXM.ALU0","decode FFN residual: BF16 residual add column=117"
126,127,"MEM.E.Read","decode FFN residual: residual lhs column=120"
126,127,"MEM.E.Read","decode FFN residual: residual rhs column=120"
126,127,"MEM.E.Read","decode FFN residual: residual lhs column=120"
126,127,"MEM.E.Read","decode FFN residual: residual rhs column=120"
126,127,"MEM.E.Write","decode FFN residual: residual write column=115"
126,127,"MEM.E.Write","decode FFN residual: residual write column=115"
126,127,"VXM.ALU0","decode FFN residual: BF16 residual add column=118"
127,128,"MEM.E.Read","decode FFN residual: residual lhs column=121"
127,128,"MEM.E.Read","decode FFN residual: residual rhs column=121"
127,128,"MEM.E.Read","decode FFN residual: residual lhs column=121"
127,128,"MEM.E.Read","decode FFN residual: residual rhs column=121"
127,128,"MEM.E.Write","decode FFN residual: residual write column=116"
127,128,"MEM.E.Write","decode FFN residual: residual write column=116"
127,128,"VXM.ALU0","decode FFN residual: BF16 residual add column=119"
128,129,"MEM.E.Read","decode FFN residual: residual lhs column=122"
128,129,"MEM.E.Read","decode FFN residual: residual rhs column=122"
128,129,"MEM.E.Read","decode FFN residual: residual lhs column=122"
128,129,"MEM.E.Read","decode FFN residual: residual rhs column=122"
128,129,"MEM.E.Write","decode FFN residual: residual write column=117"
128,129,"MEM.E.Write","decode FFN residual: residual write column=117"
128,129,"VXM.ALU0","decode FFN residual: BF16 residual add column=120"
129,130,"MEM.E.Read","decode FFN residual: residual lhs column=123"
129,130,"MEM.E.Read","decode FFN residual: residual rhs column=123"
129,130,"MEM.E.Read","decode FFN residual: residual lhs column=123"
129,130,"MEM.E.Read","decode FFN residual: residual rhs column=123"
129,130,"MEM.E.Write","decode FFN residual: residual write column=118"
129,130,"MEM.E.Write","decode FFN residual: residual write column=118"
129,130,"VXM.ALU0","decode FFN residual: BF16 residual add column=121"
130,131,"MEM.E.Read","decode FFN residual: residual lhs column=124"
130,131,"MEM.E.Read","decode FFN residual: residual rhs column=124"
130,131,"MEM.E.Read","decode FFN residual: residual lhs column=124"
130,131,"MEM.E.Read","decode FFN residual: residual rhs column=124"
130,131,"MEM.E.Write","decode FFN residual: residual write column=119"
130,131,"MEM.E.Write","decode FFN residual: residual write column=119"
130,131,"VXM.ALU0","decode FFN residual: BF16 residual add column=122"
131,132,"MEM.E.Read","decode FFN residual: residual lhs column=125"
131,132,"MEM.E.Read","decode FFN residual: residual rhs column=125"
131,132,"MEM.E.Read","decode FFN residual: residual lhs column=125"
131,132,"MEM.E.Read","decode FFN residual: residual rhs column=125"
131,132,"MEM.E.Write","decode FFN residual: residual write column=120"
131,132,"MEM.E.Write","decode FFN residual: residual write column=120"
131,132,"VXM.ALU0","decode FFN residual: BF16 residual add column=123"
132,133,"MEM.E.Read","decode FFN residual: residual lhs column=126"
132,133,"MEM.E.Read","decode FFN residual: residual rhs column=126"
132,133,"MEM.E.Read","decode FFN residual: residual lhs column=126"
132,133,"MEM.E.Read","decode FFN residual: residual rhs column=126"
132,133,"MEM.E.Write","decode FFN residual: residual write column=121"
132,133,"MEM.E.Write","decode FFN residual: residual write column=121"
132,133,"VXM.ALU0","decode FFN residual: BF16 residual add column=124"
133,134,"MEM.E.Read","decode FFN residual: residual lhs column=127"
133,134,"MEM.E.Read","decode FFN residual: residual rhs column=127"
133,134,"MEM.E.Read","decode FFN residual: residual lhs column=127"
133,134,"MEM.E.Read","decode FFN residual: residual rhs column=127"
133,134,"MEM.E.Write","decode FFN residual: residual write column=122"
133,134,"MEM.E.Write","decode FFN residual: residual write column=122"
133,134,"VXM.ALU0","decode FFN residual: BF16 residual add column=125"
134,135,"MEM.E.Read","decode FFN residual: residual lhs column=128"
134,135,"MEM.E.Read","decode FFN residual: residual rhs column=128"
134,135,"MEM.E.Read","decode FFN residual: residual lhs column=128"
134,135,"MEM.E.Read","decode FFN residual: residual rhs column=128"
134,135,"MEM.E.Write","decode FFN residual: residual write column=123"
134,135,"MEM.E.Write","decode FFN residual: residual write column=123"
134,135,"VXM.ALU0","decode FFN residual: BF16 residual add column=126"
135,136,"MEM.E.Read","decode FFN residual: residual lhs column=129"
135,136,"MEM.E.Read","decode FFN residual: residual rhs column=129"
135,136,"MEM.E.Read","decode FFN residual: residual lhs column=129"
135,136,"MEM.E.Read","decode FFN residual: residual rhs column=129"
135,136,"MEM.E.Write","decode FFN residual: residual write column=124"
135,136,"MEM.E.Write","decode FFN residual: residual write column=124"
135,136,"VXM.ALU0","decode FFN residual: BF16 residual add column=127"
136,137,"MEM.E.Read","decode FFN residual: residual lhs column=130"
136,137,"MEM.E.Read","decode FFN residual: residual rhs column=130"
136,137,"MEM.E.Read","decode FFN residual: residual lhs column=130"
136,137,"MEM.E.Read","decode FFN residual: residual rhs column=130"
136,137,"MEM.E.Write","decode FFN residual: residual write column=125"
136,137,"MEM.E.Write","decode FFN residual: residual write column=125"
136,137,"VXM.ALU0","decode FFN residual: BF16 residual add column=128"
137,138,"MEM.E.Read","decode FFN residual: residual lhs column=131"
137,138,"MEM.E.Read","decode FFN residual: residual rhs column=131"
137,138,"MEM.E.Read","decode FFN residual: residual lhs column=131"
137,138,"MEM.E.Read","decode FFN residual: residual rhs column=131"
137,138,"MEM.E.Write","decode FFN residual: residual write column=126"
137,138,"MEM.E.Write","decode FFN residual: residual write column=126"
137,138,"VXM.ALU0","decode FFN residual: BF16 residual add column=129"
138,139,"MEM.E.Read","decode FFN residual: residual lhs column=132"
138,139,"MEM.E.Read","decode FFN residual: residual rhs column=132"
138,139,"MEM.E.Read","decode FFN residual: residual lhs column=132"
138,139,"MEM.E.Read","decode FFN residual: residual rhs column=132"
138,139,"MEM.E.Write","decode FFN residual: residual write column=127"
138,139,"MEM.E.Write","decode FFN residual: residual write column=127"
138,139,"VXM.ALU0","decode FFN residual: BF16 residual add column=130"
139,140,"MEM.E.Read","decode FFN residual: residual lhs column=133"
139,140,"MEM.E.Read","decode FFN residual: residual rhs column=133"
139,140,"MEM.E.Read","decode FFN residual: residual lhs column=133"
139,140,"MEM.E.Read","decode FFN residual: residual rhs column=133"
139,140,"MEM.E.Write","decode FFN residual: residual write column=128"
139,140,"MEM.E.Write","decode FFN residual: residual write column=128"
139,140,"VXM.ALU0","decode FFN residual: BF16 residual add column=131"
140,141,"MEM.E.Read","decode FFN residual: residual lhs column=134"
140,141,"MEM.E.Read","decode FFN residual: residual rhs column=134"
140,141,"MEM.E.Read","decode FFN residual: residual lhs column=134"
140,141,"MEM.E.Read","decode FFN residual: residual rhs column=134"
140,141,"MEM.E.Write","decode FFN residual: residual write column=129"
140,141,"MEM.E.Write","decode FFN residual: residual write column=129"
140,141,"VXM.ALU0","decode FFN residual: BF16 residual add column=132"
141,142,"MEM.E.Read","decode FFN residual: residual lhs column=135"
141,142,"MEM.E.Read","decode FFN residual: residual rhs column=135"
141,142,"MEM.E.Read","decode FFN residual: residual lhs column=135"
141,142,"MEM.E.Read","decode FFN residual: residual rhs column=135"
141,142,"MEM.E.Write","decode FFN residual: residual write column=130"
141,142,"MEM.E.Write","decode FFN residual: residual write column=130"
141,142,"VXM.ALU0","decode FFN residual: BF16 residual add column=133"
142,143,"MEM.E.Read","decode FFN residual: residual lhs column=136"
142,143,"MEM.E.Read","decode FFN residual: residual rhs column=136"
142,143,"MEM.E.Read","decode FFN residual: residual lhs column=136"
142,143,"MEM.E.Read","decode FFN residual: residual rhs column=136"
142,143,"MEM.E.Write","decode FFN residual: residual write column=131"
142,143,"MEM.E.Write","decode FFN residual: residual write column=131"
142,143,"VXM.ALU0","decode FFN residual: BF16 residual add column=134"
143,144,"MEM.E.Read","decode FFN residual: residual lhs column=137"
143,144,"MEM.E.Read","decode FFN residual: residual rhs column=137"
143,144,"MEM.E.Read","decode FFN residual: residual lhs column=137"
143,144,"MEM.E.Read","decode FFN residual: residual rhs column=137"
143,144,"MEM.E.Write","decode FFN residual: residual write column=132"
143,144,"MEM.E.Write","decode FFN residual: residual write column=132"
143,144,"VXM.ALU0","decode FFN residual: BF16 residual add column=135"
144,145,"MEM.E.Read","decode FFN residual: residual lhs column=138"
144,145,"MEM.E.Read","decode FFN residual: residual rhs column=138"
144,145,"MEM.E.Read","decode FFN residual: residual lhs column=138"
144,145,"MEM.E.Read","decode FFN residual: residual rhs column=138"
144,145,"MEM.E.Write","decode FFN residual: residual write column=133"
144,145,"MEM.E.Write","decode FFN residual: residual write column=133"
144,145,"VXM.ALU0","decode FFN residual: BF16 residual add column=136"
145,146,"MEM.E.Read","decode FFN residual: residual lhs column=139"
145,146,"MEM.E.Read","decode FFN residual: residual rhs column=139"
145,146,"MEM.E.Read","decode FFN residual: residual lhs column=139"
145,146,"MEM.E.Read","decode FFN residual: residual rhs column=139"
145,146,"MEM.E.Write","decode FFN residual: residual write column=134"
145,146,"MEM.E.Write","decode FFN residual: residual write column=134"
145,146,"VXM.ALU0","decode FFN residual: BF16 residual add column=137"
146,147,"MEM.E.Read","decode FFN residual: residual lhs column=140"
146,147,"MEM.E.Read","decode FFN residual: residual rhs column=140"
146,147,"MEM.E.Read","decode FFN residual: residual lhs column=140"
146,147,"MEM.E.Read","decode FFN residual: residual rhs column=140"
146,147,"MEM.E.Write","decode FFN residual: residual write column=135"
146,147,"MEM.E.Write","decode FFN residual: residual write column=135"
146,147,"VXM.ALU0","decode FFN residual: BF16 residual add column=138"
147,148,"MEM.E.Read","decode FFN residual: residual lhs column=141"
147,148,"MEM.E.Read","decode FFN residual: residual rhs column=141"
147,148,"MEM.E.Read","decode FFN residual: residual lhs column=141"
147,148,"MEM.E.Read","decode FFN residual: residual rhs column=141"
147,148,"MEM.E.Write","decode FFN residual: residual write column=136"
147,148,"MEM.E.Write","decode FFN residual: residual write column=136"
147,148,"VXM.ALU0","decode FFN residual: BF16 residual add column=139"
148,149,"MEM.E.Read","decode FFN residual: residual lhs column=142"
148,149,"MEM.E.Read","decode FFN residual: residual rhs column=142"
148,149,"MEM.E.Read","decode FFN residual: residual lhs column=142"
148,149,"MEM.E.Read","decode FFN residual: residual rhs column=142"
148,149,"MEM.E.Write","decode FFN residual: residual write column=137"
148,149,"MEM.E.Write","decode FFN residual: residual write column=137"
148,149,"VXM.ALU0","decode FFN residual: BF16 residual add column=140"
149,150,"MEM.E.Read","decode FFN residual: residual lhs column=143"
149,150,"MEM.E.Read","decode FFN residual: residual rhs column=143"
149,150,"MEM.E.Read","decode FFN residual: residual lhs column=143"
149,150,"MEM.E.Read","decode FFN residual: residual rhs column=143"
149,150,"MEM.E.Write","decode FFN residual: residual write column=138"
149,150,"MEM.E.Write","decode FFN residual: residual write column=138"
149,150,"VXM.ALU0","decode FFN residual: BF16 residual add column=141"
150,151,"MEM.E.Read","decode FFN residual: residual lhs column=144"
150,151,"MEM.E.Read","decode FFN residual: residual rhs column=144"
150,151,"MEM.E.Read","decode FFN residual: residual lhs column=144"
150,151,"MEM.E.Read","decode FFN residual: residual rhs column=144"
150,151,"MEM.E.Write","decode FFN residual: residual write column=139"
150,151,"MEM.E.Write","decode FFN residual: residual write column=139"
150,151,"VXM.ALU0","decode FFN residual: BF16 residual add column=142"
151,152,"MEM.E.Read","decode FFN residual: residual lhs column=145"
151,152,"MEM.E.Read","decode FFN residual: residual rhs column=145"
151,152,"MEM.E.Read","decode FFN residual: residual lhs column=145"
151,152,"MEM.E.Read","decode FFN residual: residual rhs column=145"
151,152,"MEM.E.Write","decode FFN residual: residual write column=140"
151,152,"MEM.E.Write","decode FFN residual: residual write column=140"
151,152,"VXM.ALU0","decode FFN residual: BF16 residual add column=143"
152,153,"MEM.E.Read","decode FFN residual: residual lhs column=146"
152,153,"MEM.E.Read","decode FFN residual: residual rhs column=146"
152,153,"MEM.E.Read","decode FFN residual: residual lhs column=146"
152,153,"MEM.E.Read","decode FFN residual: residual rhs column=146"
152,153,"MEM.E.Write","decode FFN residual: residual write column=141"
152,153,"MEM.E.Write","decode FFN residual: residual write column=141"
152,153,"VXM.ALU0","decode FFN residual: BF16 residual add column=144"
153,154,"MEM.E.Read","decode FFN residual: residual lhs column=147"
153,154,"MEM.E.Read","decode FFN residual: residual rhs column=147"
153,154,"MEM.E.Read","decode FFN residual: residual lhs column=147"
153,154,"MEM.E.Read","decode FFN residual: residual rhs column=147"
153,154,"MEM.E.Write","decode FFN residual: residual write column=142"
153,154,"MEM.E.Write","decode FFN residual: residual write column=142"
153,154,"VXM.ALU0","decode FFN residual: BF16 residual add column=145"
154,155,"MEM.E.Read","decode FFN residual: residual lhs column=148"
154,155,"MEM.E.Read","decode FFN residual: residual rhs column=148"
154,155,"MEM.E.Read","decode FFN residual: residual lhs column=148"
154,155,"MEM.E.Read","decode FFN residual: residual rhs column=148"
154,155,"MEM.E.Write","decode FFN residual: residual write column=143"
154,155,"MEM.E.Write","decode FFN residual: residual write column=143"
154,155,"VXM.ALU0","decode FFN residual: BF16 residual add column=146"
155,156,"MEM.E.Read","decode FFN residual: residual lhs column=149"
155,156,"MEM.E.Read","decode FFN residual: residual rhs column=149"
155,156,"MEM.E.Read","decode FFN residual: residual lhs column=149"
155,156,"MEM.E.Read","decode FFN residual: residual rhs column=149"
155,156,"MEM.E.Write","decode FFN residual: residual write column=144"
155,156,"MEM.E.Write","decode FFN residual: residual write column=144"
155,156,"VXM.ALU0","decode FFN residual: BF16 residual add column=147"
156,157,"MEM.E.Read","decode FFN residual: residual lhs column=150"
156,157,"MEM.E.Read","decode FFN residual: residual rhs column=150"
156,157,"MEM.E.Read","decode FFN residual: residual lhs column=150"
156,157,"MEM.E.Read","decode FFN residual: residual rhs column=150"
156,157,"MEM.E.Write","decode FFN residual: residual write column=145"
156,157,"MEM.E.Write","decode FFN residual: residual write column=145"
156,157,"VXM.ALU0","decode FFN residual: BF16 residual add column=148"
157,158,"MEM.E.Read","decode FFN residual: residual lhs column=151"
157,158,"MEM.E.Read","decode FFN residual: residual rhs column=151"
157,158,"MEM.E.Read","decode FFN residual: residual lhs column=151"
157,158,"MEM.E.Read","decode FFN residual: residual rhs column=151"
157,158,"MEM.E.Write","decode FFN residual: residual write column=146"
157,158,"MEM.E.Write","decode FFN residual: residual write column=146"
157,158,"VXM.ALU0","decode FFN residual: BF16 residual add column=149"
158,159,"MEM.E.Read","decode FFN residual: residual lhs column=152"
158,159,"MEM.E.Read","decode FFN residual: residual rhs column=152"
158,159,"MEM.E.Read","decode FFN residual: residual lhs column=152"
158,159,"MEM.E.Read","decode FFN residual: residual rhs column=152"
158,159,"MEM.E.Write","decode FFN residual: residual write column=147"
158,159,"MEM.E.Write","decode FFN residual: residual write column=147"
158,159,"VXM.ALU0","decode FFN residual: BF16 residual add column=150"
159,160,"MEM.E.Read","decode FFN residual: residual lhs column=153"
159,160,"MEM.E.Read","decode FFN residual: residual rhs column=153"
159,160,"MEM.E.Read","decode FFN residual: residual lhs column=153"
159,160,"MEM.E.Read","decode FFN residual: residual rhs column=153"
159,160,"MEM.E.Write","decode FFN residual: residual write column=148"
159,160,"MEM.E.Write","decode FFN residual: residual write column=148"
159,160,"VXM.ALU0","decode FFN residual: BF16 residual add column=151"
160,161,"MEM.E.Read","decode FFN residual: residual lhs column=154"
160,161,"MEM.E.Read","decode FFN residual: residual rhs column=154"
160,161,"MEM.E.Read","decode FFN residual: residual lhs column=154"
160,161,"MEM.E.Read","decode FFN residual: residual rhs column=154"
160,161,"MEM.E.Write","decode FFN residual: residual write column=149"
160,161,"MEM.E.Write","decode FFN residual: residual write column=149"
160,161,"VXM.ALU0","decode FFN residual: BF16 residual add column=152"
161,162,"MEM.E.Read","decode FFN residual: residual lhs column=155"
161,162,"MEM.E.Read","decode FFN residual: residual rhs column=155"
161,162,"MEM.E.Read","decode FFN residual: residual lhs column=155"
161,162,"MEM.E.Read","decode FFN residual: residual rhs column=155"
161,162,"MEM.E.Write","decode FFN residual: residual write column=150"
161,162,"MEM.E.Write","decode FFN residual: residual write column=150"
161,162,"VXM.ALU0","decode FFN residual: BF16 residual add column=153"
162,163,"MEM.E.Read","decode FFN residual: residual lhs column=156"
162,163,"MEM.E.Read","decode FFN residual: residual rhs column=156"
162,163,"MEM.E.Read","decode FFN residual: residual lhs column=156"
162,163,"MEM.E.Read","decode FFN residual: residual rhs column=156"
162,163,"MEM.E.Write","decode FFN residual: residual write column=151"
162,163,"MEM.E.Write","decode FFN residual: residual write column=151"
162,163,"VXM.ALU0","decode FFN residual: BF16 residual add column=154"
163,164,"MEM.E.Read","decode FFN residual: residual lhs column=157"
163,164,"MEM.E.Read","decode FFN residual: residual rhs column=157"
163,164,"MEM.E.Read","decode FFN residual: residual lhs column=157"
163,164,"MEM.E.Read","decode FFN residual: residual rhs column=157"
163,164,"MEM.E.Write","decode FFN residual: residual write column=152"
163,164,"MEM.E.Write","decode FFN residual: residual write column=152"
163,164,"VXM.ALU0","decode FFN residual: BF16 residual add column=155"
164,165,"MEM.E.Read","decode FFN residual: residual lhs column=158"
164,165,"MEM.E.Read","decode FFN residual: residual rhs column=158"
164,165,"MEM.E.Read","decode FFN residual: residual lhs column=158"
164,165,"MEM.E.Read","decode FFN residual: residual rhs column=158"
164,165,"MEM.E.Write","decode FFN residual: residual write column=153"
164,165,"MEM.E.Write","decode FFN residual: residual write column=153"
164,165,"VXM.ALU0","decode FFN residual: BF16 residual add column=156"
165,166,"MEM.E.Read","decode FFN residual: residual lhs column=159"
165,166,"MEM.E.Read","decode FFN residual: residual rhs column=159"
165,166,"MEM.E.Read","decode FFN residual: residual lhs column=159"
165,166,"MEM.E.Read","decode FFN residual: residual rhs column=159"
165,166,"MEM.E.Write","decode FFN residual: residual write column=154"
165,166,"MEM.E.Write","decode FFN residual: residual write column=154"
165,166,"VXM.ALU0","decode FFN residual: BF16 residual add column=157"
166,167,"MEM.E.Read","decode FFN residual: residual lhs column=160"
166,167,"MEM.E.Read","decode FFN residual: residual rhs column=160"
166,167,"MEM.E.Read","decode FFN residual: residual lhs column=160"
166,167,"MEM.E.Read","decode FFN residual: residual rhs column=160"
166,167,"MEM.E.Write","decode FFN residual: residual write column=155"
166,167,"MEM.E.Write","decode FFN residual: residual write column=155"
166,167,"VXM.ALU0","decode FFN residual: BF16 residual add column=158"
167,168,"MEM.E.Read","decode FFN residual: residual lhs column=161"
167,168,"MEM.E.Read","decode FFN residual: residual rhs column=161"
167,168,"MEM.E.Read","decode FFN residual: residual lhs column=161"
167,168,"MEM.E.Read","decode FFN residual: residual rhs column=161"
167,168,"MEM.E.Write","decode FFN residual: residual write column=156"
167,168,"MEM.E.Write","decode FFN residual: residual write column=156"
167,168,"VXM.ALU0","decode FFN residual: BF16 residual add column=159"
168,169,"MEM.E.Read","decode FFN residual: residual lhs column=162"
168,169,"MEM.E.Read","decode FFN residual: residual rhs column=162"
168,169,"MEM.E.Read","decode FFN residual: residual lhs column=162"
168,169,"MEM.E.Read","decode FFN residual: residual rhs column=162"
168,169,"MEM.E.Write","decode FFN residual: residual write column=157"
168,169,"MEM.E.Write","decode FFN residual: residual write column=157"
168,169,"VXM.ALU0","decode FFN residual: BF16 residual add column=160"
169,170,"MEM.E.Read","decode FFN residual: residual lhs column=163"
169,170,"MEM.E.Read","decode FFN residual: residual rhs column=163"
169,170,"MEM.E.Read","decode FFN residual: residual lhs column=163"
169,170,"MEM.E.Read","decode FFN residual: residual rhs column=163"
169,170,"MEM.E.Write","decode FFN residual: residual write column=158"
169,170,"MEM.E.Write","decode FFN residual: residual write column=158"
169,170,"VXM.ALU0","decode FFN residual: BF16 residual add column=161"
170,171,"MEM.E.Read","decode FFN residual: residual lhs column=164"
170,171,"MEM.E.Read","decode FFN residual: residual rhs column=164"
170,171,"MEM.E.Read","decode FFN residual: residual lhs column=164"
170,171,"MEM.E.Read","decode FFN residual: residual rhs column=164"
170,171,"MEM.E.Write","decode FFN residual: residual write column=159"
170,171,"MEM.E.Write","decode FFN residual: residual write column=159"
170,171,"VXM.ALU0","decode FFN residual: BF16 residual add column=162"
171,172,"MEM.E.Read","decode FFN residual: residual lhs column=165"
171,172,"MEM.E.Read","decode FFN residual: residual rhs column=165"
171,172,"MEM.E.Read","decode FFN residual: residual lhs column=165"
171,172,"MEM.E.Read","decode FFN residual: residual rhs column=165"
171,172,"MEM.E.Write","decode FFN residual: residual write column=160"
171,172,"MEM.E.Write","decode FFN residual: residual write column=160"
171,172,"VXM.ALU0","decode FFN residual: BF16 residual add column=163"
172,173,"MEM.E.Read","decode FFN residual: residual lhs column=166"
172,173,"MEM.E.Read","decode FFN residual: residual rhs column=166"
172,173,"MEM.E.Read","decode FFN residual: residual lhs column=166"
172,173,"MEM.E.Read","decode FFN residual: residual rhs column=166"
172,173,"MEM.E.Write","decode FFN residual: residual write column=161"
172,173,"MEM.E.Write","decode FFN residual: residual write column=161"
172,173,"VXM.ALU0","decode FFN residual: BF16 residual add column=164"
173,174,"MEM.E.Read","decode FFN residual: residual lhs column=167"
173,174,"MEM.E.Read","decode FFN residual: residual rhs column=167"
173,174,"MEM.E.Read","decode FFN residual: residual lhs column=167"
173,174,"MEM.E.Read","decode FFN residual: residual rhs column=167"
173,174,"MEM.E.Write","decode FFN residual: residual write column=162"
173,174,"MEM.E.Write","decode FFN residual: residual write column=162"
173,174,"VXM.ALU0","decode FFN residual: BF16 residual add column=165"
174,175,"MEM.E.Read","decode FFN residual: residual lhs column=168"
174,175,"MEM.E.Read","decode FFN residual: residual rhs column=168"
174,175,"MEM.E.Read","decode FFN residual: residual lhs column=168"
174,175,"MEM.E.Read","decode FFN residual: residual rhs column=168"
174,175,"MEM.E.Write","decode FFN residual: residual write column=163"
174,175,"MEM.E.Write","decode FFN residual: residual write column=163"
174,175,"VXM.ALU0","decode FFN residual: BF16 residual add column=166"
175,176,"MEM.E.Read","decode FFN residual: residual lhs column=169"
175,176,"MEM.E.Read","decode FFN residual: residual rhs column=169"
175,176,"MEM.E.Read","decode FFN residual: residual lhs column=169"
175,176,"MEM.E.Read","decode FFN residual: residual rhs column=169"
175,176,"MEM.E.Write","decode FFN residual: residual write column=164"
175,176,"MEM.E.Write","decode FFN residual: residual write column=164"
175,176,"VXM.ALU0","decode FFN residual: BF16 residual add column=167"
176,177,"MEM.E.Read","decode FFN residual: residual lhs column=170"
176,177,"MEM.E.Read","decode FFN residual: residual rhs column=170"
176,177,"MEM.E.Read","decode FFN residual: residual lhs column=170"
176,177,"MEM.E.Read","decode FFN residual: residual rhs column=170"
176,177,"MEM.E.Write","decode FFN residual: residual write column=165"
176,177,"MEM.E.Write","decode FFN residual: residual write column=165"
176,177,"VXM.ALU0","decode FFN residual: BF16 residual add column=168"
177,178,"MEM.E.Read","decode FFN residual: residual lhs column=171"
177,178,"MEM.E.Read","decode FFN residual: residual rhs column=171"
177,178,"MEM.E.Read","decode FFN residual: residual lhs column=171"
177,178,"MEM.E.Read","decode FFN residual: residual rhs column=171"
177,178,"MEM.E.Write","decode FFN residual: residual write column=166"
177,178,"MEM.E.Write","decode FFN residual: residual write column=166"
177,178,"VXM.ALU0","decode FFN residual: BF16 residual add column=169"
178,179,"MEM.E.Read","decode FFN residual: residual lhs column=172"
178,179,"MEM.E.Read","decode FFN residual: residual rhs column=172"
178,179,"MEM.E.Read","decode FFN residual: residual lhs column=172"
178,179,"MEM.E.Read","decode FFN residual: residual rhs column=172"
178,179,"MEM.E.Write","decode FFN residual: residual write column=167"
178,179,"MEM.E.Write","decode FFN residual: residual write column=167"
178,179,"VXM.ALU0","decode FFN residual: BF16 residual add column=170"
179,180,"MEM.E.Read","decode FFN residual: residual lhs column=173"
179,180,"MEM.E.Read","decode FFN residual: residual rhs column=173"
179,180,"MEM.E.Read","decode FFN residual: residual lhs column=173"
179,180,"MEM.E.Read","decode FFN residual: residual rhs column=173"
179,180,"MEM.E.Write","decode FFN residual: residual write column=168"
179,180,"MEM.E.Write","decode FFN residual: residual write column=168"
179,180,"VXM.ALU0","decode FFN residual: BF16 residual add column=171"
180,181,"MEM.E.Read","decode FFN residual: residual lhs column=174"
180,181,"MEM.E.Read","decode FFN residual: residual rhs column=174"
180,181,"MEM.E.Read","decode FFN residual: residual lhs column=174"
180,181,"MEM.E.Read","decode FFN residual: residual rhs column=174"
180,181,"MEM.E.Write","decode FFN residual: residual write column=169"
180,181,"MEM.E.Write","decode FFN residual: residual write column=169"
180,181,"VXM.ALU0","decode FFN residual: BF16 residual add column=172"
181,182,"MEM.E.Read","decode FFN residual: residual lhs column=175"
181,182,"MEM.E.Read","decode FFN residual: residual rhs column=175"
181,182,"MEM.E.Read","decode FFN residual: residual lhs column=175"
181,182,"MEM.E.Read","decode FFN residual: residual rhs column=175"
181,182,"MEM.E.Write","decode FFN residual: residual write column=170"
181,182,"MEM.E.Write","decode FFN residual: residual write column=170"
181,182,"VXM.ALU0","decode FFN residual: BF16 residual add column=173"
182,183,"MEM.E.Read","decode FFN residual: residual lhs column=176"
182,183,"MEM.E.Read","decode FFN residual: residual rhs column=176"
182,183,"MEM.E.Read","decode FFN residual: residual lhs column=176"
182,183,"MEM.E.Read","decode FFN residual: residual rhs column=176"
182,183,"MEM.E.Write","decode FFN residual: residual write column=171"
182,183,"MEM.E.Write","decode FFN residual: residual write column=171"
182,183,"VXM.ALU0","decode FFN residual: BF16 residual add column=174"
183,184,"MEM.E.Read","decode FFN residual: residual lhs column=177"
183,184,"MEM.E.Read","decode FFN residual: residual rhs column=177"
183,184,"MEM.E.Read","decode FFN residual: residual lhs column=177"
183,184,"MEM.E.Read","decode FFN residual: residual rhs column=177"
183,184,"MEM.E.Write","decode FFN residual: residual write column=172"
183,184,"MEM.E.Write","decode FFN residual: residual write column=172"
183,184,"VXM.ALU0","decode FFN residual: BF16 residual add column=175"
184,185,"MEM.E.Read","decode FFN residual: residual lhs column=178"
184,185,"MEM.E.Read","decode FFN residual: residual rhs column=178"
184,185,"MEM.E.Read","decode FFN residual: residual lhs column=178"
184,185,"MEM.E.Read","decode FFN residual: residual rhs column=178"
184,185,"MEM.E.Write","decode FFN residual: residual write column=173"
184,185,"MEM.E.Write","decode FFN residual: residual write column=173"
184,185,"VXM.ALU0","decode FFN residual: BF16 residual add column=176"
185,186,"MEM.E.Read","decode FFN residual: residual lhs column=179"
185,186,"MEM.E.Read","decode FFN residual: residual rhs column=179"
185,186,"MEM.E.Read","decode FFN residual: residual lhs column=179"
185,186,"MEM.E.Read","decode FFN residual: residual rhs column=179"
185,186,"MEM.E.Write","decode FFN residual: residual write column=174"
185,186,"MEM.E.Write","decode FFN residual: residual write column=174"
185,186,"VXM.ALU0","decode FFN residual: BF16 residual add column=177"
186,187,"MEM.E.Read","decode FFN residual: residual lhs column=180"
186,187,"MEM.E.Read","decode FFN residual: residual rhs column=180"
186,187,"MEM.E.Read","decode FFN residual: residual lhs column=180"
186,187,"MEM.E.Read","decode FFN residual: residual rhs column=180"
186,187,"MEM.E.Write","decode FFN residual: residual write column=175"
186,187,"MEM.E.Write","decode FFN residual: residual write column=175"
186,187,"VXM.ALU0","decode FFN residual: BF16 residual add column=178"
187,188,"MEM.E.Read","decode FFN residual: residual lhs column=181"
187,188,"MEM.E.Read","decode FFN residual: residual rhs column=181"
187,188,"MEM.E.Read","decode FFN residual: residual lhs column=181"
187,188,"MEM.E.Read","decode FFN residual: residual rhs column=181"
187,188,"MEM.E.Write","decode FFN residual: residual write column=176"
187,188,"MEM.E.Write","decode FFN residual: residual write column=176"
187,188,"VXM.ALU0","decode FFN residual: BF16 residual add column=179"
188,189,"MEM.E.Read","decode FFN residual: residual lhs column=182"
188,189,"MEM.E.Read","decode FFN residual: residual rhs column=182"
188,189,"MEM.E.Read","decode FFN residual: residual lhs column=182"
188,189,"MEM.E.Read","decode FFN residual: residual rhs column=182"
188,189,"MEM.E.Write","decode FFN residual: residual write column=177"
188,189,"MEM.E.Write","decode FFN residual: residual write column=177"
188,189,"VXM.ALU0","decode FFN residual: BF16 residual add column=180"
189,190,"MEM.E.Read","decode FFN residual: residual lhs column=183"
189,190,"MEM.E.Read","decode FFN residual: residual rhs column=183"
189,190,"MEM.E.Read","decode FFN residual: residual lhs column=183"
189,190,"MEM.E.Read","decode FFN residual: residual rhs column=183"
189,190,"MEM.E.Write","decode FFN residual: residual write column=178"
189,190,"MEM.E.Write","decode FFN residual: residual write column=178"
189,190,"VXM.ALU0","decode FFN residual: BF16 residual add column=181"
190,191,"MEM.E.Read","decode FFN residual: residual lhs column=184"
190,191,"MEM.E.Read","decode FFN residual: residual rhs column=184"
190,191,"MEM.E.Read","decode FFN residual: residual lhs column=184"
190,191,"MEM.E.Read","decode FFN residual: residual rhs column=184"
190,191,"MEM.E.Write","decode FFN residual: residual write column=179"
190,191,"MEM.E.Write","decode FFN residual: residual write column=179"
190,191,"VXM.ALU0","decode FFN residual: BF16 residual add column=182"
191,192,"MEM.E.Read","decode FFN residual: residual lhs column=185"
191,192,"MEM.E.Read","decode FFN residual: residual rhs column=185"
191,192,"MEM.E.Read","decode FFN residual: residual lhs column=185"
191,192,"MEM.E.Read","decode FFN residual: residual rhs column=185"
191,192,"MEM.E.Write","decode FFN residual: residual write column=180"
191,192,"MEM.E.Write","decode FFN residual: residual write column=180"
191,192,"VXM.ALU0","decode FFN residual: BF16 residual add column=183"
192,193,"MEM.E.Read","decode FFN residual: residual lhs column=186"
192,193,"MEM.E.Read","decode FFN residual: residual rhs column=186"
192,193,"MEM.E.Read","decode FFN residual: residual lhs column=186"
192,193,"MEM.E.Read","decode FFN residual: residual rhs column=186"
192,193,"MEM.E.Write","decode FFN residual: residual write column=181"
192,193,"MEM.E.Write","decode FFN residual: residual write column=181"
192,193,"VXM.ALU0","decode FFN residual: BF16 residual add column=184"
193,194,"MEM.E.Read","decode FFN residual: residual lhs column=187"
193,194,"MEM.E.Read","decode FFN residual: residual rhs column=187"
193,194,"MEM.E.Read","decode FFN residual: residual lhs column=187"
193,194,"MEM.E.Read","decode FFN residual: residual rhs column=187"
193,194,"MEM.E.Write","decode FFN residual: residual write column=182"
193,194,"MEM.E.Write","decode FFN residual: residual write column=182"
193,194,"VXM.ALU0","decode FFN residual: BF16 residual add column=185"
194,195,"MEM.E.Read","decode FFN residual: residual lhs column=188"
194,195,"MEM.E.Read","decode FFN residual: residual rhs column=188"
194,195,"MEM.E.Read","decode FFN residual: residual lhs column=188"
194,195,"MEM.E.Read","decode FFN residual: residual rhs column=188"
194,195,"MEM.E.Write","decode FFN residual: residual write column=183"
194,195,"MEM.E.Write","decode FFN residual: residual write column=183"
194,195,"VXM.ALU0","decode FFN residual: BF16 residual add column=186"
195,196,"MEM.E.Read","decode FFN residual: residual lhs column=189"
195,196,"MEM.E.Read","decode FFN residual: residual rhs column=189"
195,196,"MEM.E.Read","decode FFN residual: residual lhs column=189"
195,196,"MEM.E.Read","decode FFN residual: residual rhs column=189"
195,196,"MEM.E.Write","decode FFN residual: residual write column=184"
195,196,"MEM.E.Write","decode FFN residual: residual write column=184"
195,196,"VXM.ALU0","decode FFN residual: BF16 residual add column=187"
196,197,"MEM.E.Read","decode FFN residual: residual lhs column=190"
196,197,"MEM.E.Read","decode FFN residual: residual rhs column=190"
196,197,"MEM.E.Read","decode FFN residual: residual lhs column=190"
196,197,"MEM.E.Read","decode FFN residual: residual rhs column=190"
196,197,"MEM.E.Write","decode FFN residual: residual write column=185"
196,197,"MEM.E.Write","decode FFN residual: residual write column=185"
196,197,"VXM.ALU0","decode FFN residual: BF16 residual add column=188"
197,198,"MEM.E.Read","decode FFN residual: residual lhs column=191"
197,198,"MEM.E.Read","decode FFN residual: residual rhs column=191"
197,198,"MEM.E.Read","decode FFN residual: residual lhs column=191"
197,198,"MEM.E.Read","decode FFN residual: residual rhs column=191"
197,198,"MEM.E.Write","decode FFN residual: residual write column=186"
197,198,"MEM.E.Write","decode FFN residual: residual write column=186"
197,198,"VXM.ALU0","decode FFN residual: BF16 residual add column=189"
198,199,"MEM.E.Read","decode FFN residual: residual lhs column=192"
198,199,"MEM.E.Read","decode FFN residual: residual rhs column=192"
198,199,"MEM.E.Read","decode FFN residual: residual lhs column=192"
198,199,"MEM.E.Read","decode FFN residual: residual rhs column=192"
198,199,"MEM.E.Write","decode FFN residual: residual write column=187"
198,199,"MEM.E.Write","decode FFN residual: residual write column=187"
198,199,"VXM.ALU0","decode FFN residual: BF16 residual add column=190"
199,200,"MEM.E.Read","decode FFN residual: residual lhs column=193"
199,200,"MEM.E.Read","decode FFN residual: residual rhs column=193"
199,200,"MEM.E.Read","decode FFN residual: residual lhs column=193"
199,200,"MEM.E.Read","decode FFN residual: residual rhs column=193"
199,200,"MEM.E.Write","decode FFN residual: residual write column=188"
199,200,"MEM.E.Write","decode FFN residual: residual write column=188"
199,200,"VXM.ALU0","decode FFN residual: BF16 residual add column=191"
200,201,"MEM.E.Read","decode FFN residual: residual lhs column=194"
200,201,"MEM.E.Read","decode FFN residual: residual rhs column=194"
200,201,"MEM.E.Read","decode FFN residual: residual lhs column=194"
200,201,"MEM.E.Read","decode FFN residual: residual rhs column=194"
200,201,"MEM.E.Write","decode FFN residual: residual write column=189"
200,201,"MEM.E.Write","decode FFN residual: residual write column=189"
200,201,"VXM.ALU0","decode FFN residual: BF16 residual add column=192"
201,202,"MEM.E.Read","decode FFN residual: residual lhs column=195"
201,202,"MEM.E.Read","decode FFN residual: residual rhs column=195"
201,202,"MEM.E.Read","decode FFN residual: residual lhs column=195"
201,202,"MEM.E.Read","decode FFN residual: residual rhs column=195"
201,202,"MEM.E.Write","decode FFN residual: residual write column=190"
201,202,"MEM.E.Write","decode FFN residual: residual write column=190"
201,202,"VXM.ALU0","decode FFN residual: BF16 residual add column=193"
202,203,"MEM.E.Read","decode FFN residual: residual lhs column=196"
202,203,"MEM.E.Read","decode FFN residual: residual rhs column=196"
202,203,"MEM.E.Read","decode FFN residual: residual lhs column=196"
202,203,"MEM.E.Read","decode FFN residual: residual rhs column=196"
202,203,"MEM.E.Write","decode FFN residual: residual write column=191"
202,203,"MEM.E.Write","decode FFN residual: residual write column=191"
202,203,"VXM.ALU0","decode FFN residual: BF16 residual add column=194"
203,204,"MEM.E.Read","decode FFN residual: residual lhs column=197"
203,204,"MEM.E.Read","decode FFN residual: residual rhs column=197"
203,204,"MEM.E.Read","decode FFN residual: residual lhs column=197"
203,204,"MEM.E.Read","decode FFN residual: residual rhs column=197"
203,204,"MEM.E.Write","decode FFN residual: residual write column=192"
203,204,"MEM.E.Write","decode FFN residual: residual write column=192"
203,204,"VXM.ALU0","decode FFN residual: BF16 residual add column=195"
204,205,"MEM.E.Read","decode FFN residual: residual lhs column=198"
204,205,"MEM.E.Read","decode FFN residual: residual rhs column=198"
204,205,"MEM.E.Read","decode FFN residual: residual lhs column=198"
204,205,"MEM.E.Read","decode FFN residual: residual rhs column=198"
204,205,"MEM.E.Write","decode FFN residual: residual write column=193"
204,205,"MEM.E.Write","decode FFN residual: residual write column=193"
204,205,"VXM.ALU0","decode FFN residual: BF16 residual add column=196"
205,206,"MEM.E.Read","decode FFN residual: residual lhs column=199"
205,206,"MEM.E.Read","decode FFN residual: residual rhs column=199"
205,206,"MEM.E.Read","decode FFN residual: residual lhs column=199"
205,206,"MEM.E.Read","decode FFN residual: residual rhs column=199"
205,206,"MEM.E.Write","decode FFN residual: residual write column=194"
205,206,"MEM.E.Write","decode FFN residual: residual write column=194"
205,206,"VXM.ALU0","decode FFN residual: BF16 residual add column=197"
206,207,"MEM.E.Read","decode FFN residual: residual lhs column=200"
206,207,"MEM.E.Read","decode FFN residual: residual rhs column=200"
206,207,"MEM.E.Read","decode FFN residual: residual lhs column=200"
206,207,"MEM.E.Read","decode FFN residual: residual rhs column=200"
206,207,"MEM.E.Write","decode FFN residual: residual write column=195"
206,207,"MEM.E.Write","decode FFN residual: residual write column=195"
206,207,"VXM.ALU0","decode FFN residual: BF16 residual add column=198"
207,208,"MEM.E.Read","decode FFN residual: residual lhs column=201"
207,208,"MEM.E.Read","decode FFN residual: residual rhs column=201"
207,208,"MEM.E.Read","decode FFN residual: residual lhs column=201"
207,208,"MEM.E.Read","decode FFN residual: residual rhs column=201"
207,208,"MEM.E.Write","decode FFN residual: residual write column=196"
207,208,"MEM.E.Write","decode FFN residual: residual write column=196"
207,208,"VXM.ALU0","decode FFN residual: BF16 residual add column=199"
208,209,"MEM.E.Read","decode FFN residual: residual lhs column=202"
208,209,"MEM.E.Read","decode FFN residual: residual rhs column=202"
208,209,"MEM.E.Read","decode FFN residual: residual lhs column=202"
208,209,"MEM.E.Read","decode FFN residual: residual rhs column=202"
208,209,"MEM.E.Write","decode FFN residual: residual write column=197"
208,209,"MEM.E.Write","decode FFN residual: residual write column=197"
208,209,"VXM.ALU0","decode FFN residual: BF16 residual add column=200"
209,210,"MEM.E.Read","decode FFN residual: residual lhs column=203"
209,210,"MEM.E.Read","decode FFN residual: residual rhs column=203"
209,210,"MEM.E.Read","decode FFN residual: residual lhs column=203"
209,210,"MEM.E.Read","decode FFN residual: residual rhs column=203"
209,210,"MEM.E.Write","decode FFN residual: residual write column=198"
209,210,"MEM.E.Write","decode FFN residual: residual write column=198"
209,210,"VXM.ALU0","decode FFN residual: BF16 residual add column=201"
210,211,"MEM.E.Read","decode FFN residual: residual lhs column=204"
210,211,"MEM.E.Read","decode FFN residual: residual rhs column=204"
210,211,"MEM.E.Read","decode FFN residual: residual lhs column=204"
210,211,"MEM.E.Read","decode FFN residual: residual rhs column=204"
210,211,"MEM.E.Write","decode FFN residual: residual write column=199"
210,211,"MEM.E.Write","decode FFN residual: residual write column=199"
210,211,"VXM.ALU0","decode FFN residual: BF16 residual add column=202"
211,212,"MEM.E.Read","decode FFN residual: residual lhs column=205"
211,212,"MEM.E.Read","decode FFN residual: residual rhs column=205"
211,212,"MEM.E.Read","decode FFN residual: residual lhs column=205"
211,212,"MEM.E.Read","decode FFN residual: residual rhs column=205"
211,212,"MEM.E.Write","decode FFN residual: residual write column=200"
211,212,"MEM.E.Write","decode FFN residual: residual write column=200"
211,212,"VXM.ALU0","decode FFN residual: BF16 residual add column=203"
212,213,"MEM.E.Read","decode FFN residual: residual lhs column=206"
212,213,"MEM.E.Read","decode FFN residual: residual rhs column=206"
212,213,"MEM.E.Read","decode FFN residual: residual lhs column=206"
212,213,"MEM.E.Read","decode FFN residual: residual rhs column=206"
212,213,"MEM.E.Write","decode FFN residual: residual write column=201"
212,213,"MEM.E.Write","decode FFN residual: residual write column=201"
212,213,"VXM.ALU0","decode FFN residual: BF16 residual add column=204"
213,214,"MEM.E.Read","decode FFN residual: residual lhs column=207"
213,214,"MEM.E.Read","decode FFN residual: residual rhs column=207"
213,214,"MEM.E.Read","decode FFN residual: residual lhs column=207"
213,214,"MEM.E.Read","decode FFN residual: residual rhs column=207"
213,214,"MEM.E.Write","decode FFN residual: residual write column=202"
213,214,"MEM.E.Write","decode FFN residual: residual write column=202"
213,214,"VXM.ALU0","decode FFN residual: BF16 residual add column=205"
214,215,"MEM.E.Read","decode FFN residual: residual lhs column=208"
214,215,"MEM.E.Read","decode FFN residual: residual rhs column=208"
214,215,"MEM.E.Read","decode FFN residual: residual lhs column=208"
214,215,"MEM.E.Read","decode FFN residual: residual rhs column=208"
214,215,"MEM.E.Write","decode FFN residual: residual write column=203"
214,215,"MEM.E.Write","decode FFN residual: residual write column=203"
214,215,"VXM.ALU0","decode FFN residual: BF16 residual add column=206"
215,216,"MEM.E.Read","decode FFN residual: residual lhs column=209"
215,216,"MEM.E.Read","decode FFN residual: residual rhs column=209"
215,216,"MEM.E.Read","decode FFN residual: residual lhs column=209"
215,216,"MEM.E.Read","decode FFN residual: residual rhs column=209"
215,216,"MEM.E.Write","decode FFN residual: residual write column=204"
215,216,"MEM.E.Write","decode FFN residual: residual write column=204"
215,216,"VXM.ALU0","decode FFN residual: BF16 residual add column=207"
216,217,"MEM.E.Read","decode FFN residual: residual lhs column=210"
216,217,"MEM.E.Read","decode FFN residual: residual rhs column=210"
216,217,"MEM.E.Read","decode FFN residual: residual lhs column=210"
216,217,"MEM.E.Read","decode FFN residual: residual rhs column=210"
216,217,"MEM.E.Write","decode FFN residual: residual write column=205"
216,217,"MEM.E.Write","decode FFN residual: residual write column=205"
216,217,"VXM.ALU0","decode FFN residual: BF16 residual add column=208"
217,218,"MEM.E.Read","decode FFN residual: residual lhs column=211"
217,218,"MEM.E.Read","decode FFN residual: residual rhs column=211"
217,218,"MEM.E.Read","decode FFN residual: residual lhs column=211"
217,218,"MEM.E.Read","decode FFN residual: residual rhs column=211"
217,218,"MEM.E.Write","decode FFN residual: residual write column=206"
217,218,"MEM.E.Write","decode FFN residual: residual write column=206"
217,218,"VXM.ALU0","decode FFN residual: BF16 residual add column=209"
218,219,"MEM.E.Read","decode FFN residual: residual lhs column=212"
218,219,"MEM.E.Read","decode FFN residual: residual rhs column=212"
218,219,"MEM.E.Read","decode FFN residual: residual lhs column=212"
218,219,"MEM.E.Read","decode FFN residual: residual rhs column=212"
218,219,"MEM.E.Write","decode FFN residual: residual write column=207"
218,219,"MEM.E.Write","decode FFN residual: residual write column=207"
218,219,"VXM.ALU0","decode FFN residual: BF16 residual add column=210"
219,220,"MEM.E.Read","decode FFN residual: residual lhs column=213"
219,220,"MEM.E.Read","decode FFN residual: residual rhs column=213"
219,220,"MEM.E.Read","decode FFN residual: residual lhs column=213"
219,220,"MEM.E.Read","decode FFN residual: residual rhs column=213"
219,220,"MEM.E.Write","decode FFN residual: residual write column=208"
219,220,"MEM.E.Write","decode FFN residual: residual write column=208"
219,220,"VXM.ALU0","decode FFN residual: BF16 residual add column=211"
220,221,"MEM.E.Read","decode FFN residual: residual lhs column=214"
220,221,"MEM.E.Read","decode FFN residual: residual rhs column=214"
220,221,"MEM.E.Read","decode FFN residual: residual lhs column=214"
220,221,"MEM.E.Read","decode FFN residual: residual rhs column=214"
220,221,"MEM.E.Write","decode FFN residual: residual write column=209"
220,221,"MEM.E.Write","decode FFN residual: residual write column=209"
220,221,"VXM.ALU0","decode FFN residual: BF16 residual add column=212"
221,222,"MEM.E.Read","decode FFN residual: residual lhs column=215"
221,222,"MEM.E.Read","decode FFN residual: residual rhs column=215"
221,222,"MEM.E.Read","decode FFN residual: residual lhs column=215"
221,222,"MEM.E.Read","decode FFN residual: residual rhs column=215"
221,222,"MEM.E.Write","decode FFN residual: residual write column=210"
221,222,"MEM.E.Write","decode FFN residual: residual write column=210"
221,222,"VXM.ALU0","decode FFN residual: BF16 residual add column=213"
222,223,"MEM.E.Read","decode FFN residual: residual lhs column=216"
222,223,"MEM.E.Read","decode FFN residual: residual rhs column=216"
222,223,"MEM.E.Read","decode FFN residual: residual lhs column=216"
222,223,"MEM.E.Read","decode FFN residual: residual rhs column=216"
222,223,"MEM.E.Write","decode FFN residual: residual write column=211"
222,223,"MEM.E.Write","decode FFN residual: residual write column=211"
222,223,"VXM.ALU0","decode FFN residual: BF16 residual add column=214"
223,224,"MEM.E.Read","decode FFN residual: residual lhs column=217"
223,224,"MEM.E.Read","decode FFN residual: residual rhs column=217"
223,224,"MEM.E.Read","decode FFN residual: residual lhs column=217"
223,224,"MEM.E.Read","decode FFN residual: residual rhs column=217"
223,224,"MEM.E.Write","decode FFN residual: residual write column=212"
223,224,"MEM.E.Write","decode FFN residual: residual write column=212"
223,224,"VXM.ALU0","decode FFN residual: BF16 residual add column=215"
224,225,"MEM.E.Read","decode FFN residual: residual lhs column=218"
224,225,"MEM.E.Read","decode FFN residual: residual rhs column=218"
224,225,"MEM.E.Read","decode FFN residual: residual lhs column=218"
224,225,"MEM.E.Read","decode FFN residual: residual rhs column=218"
224,225,"MEM.E.Write","decode FFN residual: residual write column=213"
224,225,"MEM.E.Write","decode FFN residual: residual write column=213"
224,225,"VXM.ALU0","decode FFN residual: BF16 residual add column=216"
225,226,"MEM.E.Read","decode FFN residual: residual lhs column=219"
225,226,"MEM.E.Read","decode FFN residual: residual rhs column=219"
225,226,"MEM.E.Read","decode FFN residual: residual lhs column=219"
225,226,"MEM.E.Read","decode FFN residual: residual rhs column=219"
225,226,"MEM.E.Write","decode FFN residual: residual write column=214"
225,226,"MEM.E.Write","decode FFN residual: residual write column=214"
225,226,"VXM.ALU0","decode FFN residual: BF16 residual add column=217"
226,227,"MEM.E.Read","decode FFN residual: residual lhs column=220"
226,227,"MEM.E.Read","decode FFN residual: residual rhs column=220"
226,227,"MEM.E.Read","decode FFN residual: residual lhs column=220"
226,227,"MEM.E.Read","decode FFN residual: residual rhs column=220"
226,227,"MEM.E.Write","decode FFN residual: residual write column=215"
226,227,"MEM.E.Write","decode FFN residual: residual write column=215"
226,227,"VXM.ALU0","decode FFN residual: BF16 residual add column=218"
227,228,"MEM.E.Read","decode FFN residual: residual lhs column=221"
227,228,"MEM.E.Read","decode FFN residual: residual rhs column=221"
227,228,"MEM.E.Read","decode FFN residual: residual lhs column=221"
227,228,"MEM.E.Read","decode FFN residual: residual rhs column=221"
227,228,"MEM.E.Write","decode FFN residual: residual write column=216"
227,228,"MEM.E.Write","decode FFN residual: residual write column=216"
227,228,"VXM.ALU0","decode FFN residual: BF16 residual add column=219"
228,229,"MEM.E.Read","decode FFN residual: residual lhs column=222"
228,229,"MEM.E.Read","decode FFN residual: residual rhs column=222"
228,229,"MEM.E.Read","decode FFN residual: residual lhs column=222"
228,229,"MEM.E.Read","decode FFN residual: residual rhs column=222"
228,229,"MEM.E.Write","decode FFN residual: residual write column=217"
228,229,"MEM.E.Write","decode FFN residual: residual write column=217"
228,229,"VXM.ALU0","decode FFN residual: BF16 residual add column=220"
229,230,"MEM.E.Read","decode FFN residual: residual lhs column=223"
229,230,"MEM.E.Read","decode FFN residual: residual rhs column=223"
229,230,"MEM.E.Read","decode FFN residual: residual lhs column=223"
229,230,"MEM.E.Read","decode FFN residual: residual rhs column=223"
229,230,"MEM.E.Write","decode FFN residual: residual write column=218"
229,230,"MEM.E.Write","decode FFN residual: residual write column=218"
229,230,"VXM.ALU0","decode FFN residual: BF16 residual add column=221"
230,231,"MEM.E.Read","decode FFN residual: residual lhs column=224"
230,231,"MEM.E.Read","decode FFN residual: residual rhs column=224"
230,231,"MEM.E.Read","decode FFN residual: residual lhs column=224"
230,231,"MEM.E.Read","decode FFN residual: residual rhs column=224"
230,231,"MEM.E.Write","decode FFN residual: residual write column=219"
230,231,"MEM.E.Write","decode FFN residual: residual write column=219"
230,231,"VXM.ALU0","decode FFN residual: BF16 residual add column=222"
231,232,"MEM.E.Read","decode FFN residual: residual lhs column=225"
231,232,"MEM.E.Read","decode FFN residual: residual rhs column=225"
231,232,"MEM.E.Read","decode FFN residual: residual lhs column=225"
231,232,"MEM.E.Read","decode FFN residual: residual rhs column=225"
231,232,"MEM.E.Write","decode FFN residual: residual write column=220"
231,232,"MEM.E.Write","decode FFN residual: residual write column=220"
231,232,"VXM.ALU0","decode FFN residual: BF16 residual add column=223"
232,233,"MEM.E.Read","decode FFN residual: residual lhs column=226"
232,233,"MEM.E.Read","decode FFN residual: residual rhs column=226"
232,233,"MEM.E.Read","decode FFN residual: residual lhs column=226"
232,233,"MEM.E.Read","decode FFN residual: residual rhs column=226"
232,233,"MEM.E.Write","decode FFN residual: residual write column=221"
232,233,"MEM.E.Write","decode FFN residual: residual write column=221"
232,233,"VXM.ALU0","decode FFN residual: BF16 residual add column=224"
233,234,"MEM.E.Read","decode FFN residual: residual lhs column=227"
233,234,"MEM.E.Read","decode FFN residual: residual rhs column=227"
233,234,"MEM.E.Read","decode FFN residual: residual lhs column=227"
233,234,"MEM.E.Read","decode FFN residual: residual rhs column=227"
233,234,"MEM.E.Write","decode FFN residual: residual write column=222"
233,234,"MEM.E.Write","decode FFN residual: residual write column=222"
233,234,"VXM.ALU0","decode FFN residual: BF16 residual add column=225"
234,235,"MEM.E.Read","decode FFN residual: residual lhs column=228"
234,235,"MEM.E.Read","decode FFN residual: residual rhs column=228"
234,235,"MEM.E.Read","decode FFN residual: residual lhs column=228"
234,235,"MEM.E.Read","decode FFN residual: residual rhs column=228"
234,235,"MEM.E.Write","decode FFN residual: residual write column=223"
234,235,"MEM.E.Write","decode FFN residual: residual write column=223"
234,235,"VXM.ALU0","decode FFN residual: BF16 residual add column=226"
235,236,"MEM.E.Read","decode FFN residual: residual lhs column=229"
235,236,"MEM.E.Read","decode FFN residual: residual rhs column=229"
235,236,"MEM.E.Read","decode FFN residual: residual lhs column=229"
235,236,"MEM.E.Read","decode FFN residual: residual rhs column=229"
235,236,"MEM.E.Write","decode FFN residual: residual write column=224"
235,236,"MEM.E.Write","decode FFN residual: residual write column=224"
235,236,"VXM.ALU0","decode FFN residual: BF16 residual add column=227"
236,237,"MEM.E.Read","decode FFN residual: residual lhs column=230"
236,237,"MEM.E.Read","decode FFN residual: residual rhs column=230"
236,237,"MEM.E.Read","decode FFN residual: residual lhs column=230"
236,237,"MEM.E.Read","decode FFN residual: residual rhs column=230"
236,237,"MEM.E.Write","decode FFN residual: residual write column=225"
236,237,"MEM.E.Write","decode FFN residual: residual write column=225"
236,237,"VXM.ALU0","decode FFN residual: BF16 residual add column=228"
237,238,"MEM.E.Read","decode FFN residual: residual lhs column=231"
237,238,"MEM.E.Read","decode FFN residual: residual rhs column=231"
237,238,"MEM.E.Read","decode FFN residual: residual lhs column=231"
237,238,"MEM.E.Read","decode FFN residual: residual rhs column=231"
237,238,"MEM.E.Write","decode FFN residual: residual write column=226"
237,238,"MEM.E.Write","decode FFN residual: residual write column=226"
237,238,"VXM.ALU0","decode FFN residual: BF16 residual add column=229"
238,239,"MEM.E.Read","decode FFN residual: residual lhs column=232"
238,239,"MEM.E.Read","decode FFN residual: residual rhs column=232"
238,239,"MEM.E.Read","decode FFN residual: residual lhs column=232"
238,239,"MEM.E.Read","decode FFN residual: residual rhs column=232"
238,239,"MEM.E.Write","decode FFN residual: residual write column=227"
238,239,"MEM.E.Write","decode FFN residual: residual write column=227"
238,239,"VXM.ALU0","decode FFN residual: BF16 residual add column=230"
239,240,"MEM.E.Read","decode FFN residual: residual lhs column=233"
239,240,"MEM.E.Read","decode FFN residual: residual rhs column=233"
239,240,"MEM.E.Read","decode FFN residual: residual lhs column=233"
239,240,"MEM.E.Read","decode FFN residual: residual rhs column=233"
239,240,"MEM.E.Write","decode FFN residual: residual write column=228"
239,240,"MEM.E.Write","decode FFN residual: residual write column=228"
239,240,"VXM.ALU0","decode FFN residual: BF16 residual add column=231"
240,241,"MEM.E.Read","decode FFN residual: residual lhs column=234"
240,241,"MEM.E.Read","decode FFN residual: residual rhs column=234"
240,241,"MEM.E.Read","decode FFN residual: residual lhs column=234"
240,241,"MEM.E.Read","decode FFN residual: residual rhs column=234"
240,241,"MEM.E.Write","decode FFN residual: residual write column=229"
240,241,"MEM.E.Write","decode FFN residual: residual write column=229"
240,241,"VXM.ALU0","decode FFN residual: BF16 residual add column=232"
241,242,"MEM.E.Read","decode FFN residual: residual lhs column=235"
241,242,"MEM.E.Read","decode FFN residual: residual rhs column=235"
241,242,"MEM.E.Read","decode FFN residual: residual lhs column=235"
241,242,"MEM.E.Read","decode FFN residual: residual rhs column=235"
241,242,"MEM.E.Write","decode FFN residual: residual write column=230"
241,242,"MEM.E.Write","decode FFN residual: residual write column=230"
241,242,"VXM.ALU0","decode FFN residual: BF16 residual add column=233"
242,243,"MEM.E.Read","decode FFN residual: residual lhs column=236"
242,243,"MEM.E.Read","decode FFN residual: residual rhs column=236"
242,243,"MEM.E.Read","decode FFN residual: residual lhs column=236"
242,243,"MEM.E.Read","decode FFN residual: residual rhs column=236"
242,243,"MEM.E.Write","decode FFN residual: residual write column=231"
242,243,"MEM.E.Write","decode FFN residual: residual write column=231"
242,243,"VXM.ALU0","decode FFN residual: BF16 residual add column=234"
243,244,"MEM.E.Read","decode FFN residual: residual lhs column=237"
243,244,"MEM.E.Read","decode FFN residual: residual rhs column=237"
243,244,"MEM.E.Read","decode FFN residual: residual lhs column=237"
243,244,"MEM.E.Read","decode FFN residual: residual rhs column=237"
243,244,"MEM.E.Write","decode FFN residual: residual write column=232"
243,244,"MEM.E.Write","decode FFN residual: residual write column=232"
243,244,"VXM.ALU0","decode FFN residual: BF16 residual add column=235"
244,245,"MEM.E.Read","decode FFN residual: residual lhs column=238"
244,245,"MEM.E.Read","decode FFN residual: residual rhs column=238"
244,245,"MEM.E.Read","decode FFN residual: residual lhs column=238"
244,245,"MEM.E.Read","decode FFN residual: residual rhs column=238"
244,245,"MEM.E.Write","decode FFN residual: residual write column=233"
244,245,"MEM.E.Write","decode FFN residual: residual write column=233"
244,245,"VXM.ALU0","decode FFN residual: BF16 residual add column=236"
245,246,"MEM.E.Read","decode FFN residual: residual lhs column=239"
245,246,"MEM.E.Read","decode FFN residual: residual rhs column=239"
245,246,"MEM.E.Read","decode FFN residual: residual lhs column=239"
245,246,"MEM.E.Read","decode FFN residual: residual rhs column=239"
245,246,"MEM.E.Write","decode FFN residual: residual write column=234"
245,246,"MEM.E.Write","decode FFN residual: residual write column=234"
245,246,"VXM.ALU0","decode FFN residual: BF16 residual add column=237"
246,247,"MEM.E.Read","decode FFN residual: residual lhs column=240"
246,247,"MEM.E.Read","decode FFN residual: residual rhs column=240"
246,247,"MEM.E.Read","decode FFN residual: residual lhs column=240"
246,247,"MEM.E.Read","decode FFN residual: residual rhs column=240"
246,247,"MEM.E.Write","decode FFN residual: residual write column=235"
246,247,"MEM.E.Write","decode FFN residual: residual write column=235"
246,247,"VXM.ALU0","decode FFN residual: BF16 residual add column=238"
247,248,"MEM.E.Read","decode FFN residual: residual lhs column=241"
247,248,"MEM.E.Read","decode FFN residual: residual rhs column=241"
247,248,"MEM.E.Read","decode FFN residual: residual lhs column=241"
247,248,"MEM.E.Read","decode FFN residual: residual rhs column=241"
247,248,"MEM.E.Write","decode FFN residual: residual write column=236"
247,248,"MEM.E.Write","decode FFN residual: residual write column=236"
247,248,"VXM.ALU0","decode FFN residual: BF16 residual add column=239"
248,249,"MEM.E.Read","decode FFN residual: residual lhs column=242"
248,249,"MEM.E.Read","decode FFN residual: residual rhs column=242"
248,249,"MEM.E.Read","decode FFN residual: residual lhs column=242"
248,249,"MEM.E.Read","decode FFN residual: residual rhs column=242"
248,249,"MEM.E.Write","decode FFN residual: residual write column=237"
248,249,"MEM.E.Write","decode FFN residual: residual write column=237"
248,249,"VXM.ALU0","decode FFN residual: BF16 residual add column=240"
249,250,"MEM.E.Read","decode FFN residual: residual lhs column=243"
249,250,"MEM.E.Read","decode FFN residual: residual rhs column=243"
249,250,"MEM.E.Read","decode FFN residual: residual lhs column=243"
249,250,"MEM.E.Read","decode FFN residual: residual rhs column=243"
249,250,"MEM.E.Write","decode FFN residual: residual write column=238"
249,250,"MEM.E.Write","decode FFN residual: residual write column=238"
249,250,"VXM.ALU0","decode FFN residual: BF16 residual add column=241"
250,251,"MEM.E.Read","decode FFN residual: residual lhs column=244"
250,251,"MEM.E.Read","decode FFN residual: residual rhs column=244"
250,251,"MEM.E.Read","decode FFN residual: residual lhs column=244"
250,251,"MEM.E.Read","decode FFN residual: residual rhs column=244"
250,251,"MEM.E.Write","decode FFN residual: residual write column=239"
250,251,"MEM.E.Write","decode FFN residual: residual write column=239"
250,251,"VXM.ALU0","decode FFN residual: BF16 residual add column=242"
251,252,"MEM.E.Read","decode FFN residual: residual lhs column=245"
251,252,"MEM.E.Read","decode FFN residual: residual rhs column=245"
251,252,"MEM.E.Read","decode FFN residual: residual lhs column=245"
251,252,"MEM.E.Read","decode FFN residual: residual rhs column=245"
251,252,"MEM.E.Write","decode FFN residual: residual write column=240"
251,252,"MEM.E.Write","decode FFN residual: residual write column=240"
251,252,"VXM.ALU0","decode FFN residual: BF16 residual add column=243"
252,253,"MEM.E.Read","decode FFN residual: residual lhs column=246"
252,253,"MEM.E.Read","decode FFN residual: residual rhs column=246"
252,253,"MEM.E.Read","decode FFN residual: residual lhs column=246"
252,253,"MEM.E.Read","decode FFN residual: residual rhs column=246"
252,253,"MEM.E.Write","decode FFN residual: residual write column=241"
252,253,"MEM.E.Write","decode FFN residual: residual write column=241"
252,253,"VXM.ALU0","decode FFN residual: BF16 residual add column=244"
253,254,"MEM.E.Read","decode FFN residual: residual lhs column=247"
253,254,"MEM.E.Read","decode FFN residual: residual rhs column=247"
253,254,"MEM.E.Read","decode FFN residual: residual lhs column=247"
253,254,"MEM.E.Read","decode FFN residual: residual rhs column=247"
253,254,"MEM.E.Write","decode FFN residual: residual write column=242"
253,254,"MEM.E.Write","decode FFN residual: residual write column=242"
253,254,"VXM.ALU0","decode FFN residual: BF16 residual add column=245"
254,255,"MEM.E.Read","decode FFN residual: residual lhs column=248"
254,255,"MEM.E.Read","decode FFN residual: residual rhs column=248"
254,255,"MEM.E.Read","decode FFN residual: residual lhs column=248"
254,255,"MEM.E.Read","decode FFN residual: residual rhs column=248"
254,255,"MEM.E.Write","decode FFN residual: residual write column=243"
254,255,"MEM.E.Write","decode FFN residual: residual write column=243"
254,255,"VXM.ALU0","decode FFN residual: BF16 residual add column=246"
255,256,"MEM.E.Read","decode FFN residual: residual lhs column=249"
255,256,"MEM.E.Read","decode FFN residual: residual rhs column=249"
255,256,"MEM.E.Read","decode FFN residual: residual lhs column=249"
255,256,"MEM.E.Read","decode FFN residual: residual rhs column=249"
255,256,"MEM.E.Write","decode FFN residual: residual write column=244"
255,256,"MEM.E.Write","decode FFN residual: residual write column=244"
255,256,"VXM.ALU0","decode FFN residual: BF16 residual add column=247"
256,257,"MEM.E.Read","decode FFN residual: residual lhs column=250"
256,257,"MEM.E.Read","decode FFN residual: residual rhs column=250"
256,257,"MEM.E.Read","decode FFN residual: residual lhs column=250"
256,257,"MEM.E.Read","decode FFN residual: residual rhs column=250"
256,257,"MEM.E.Write","decode FFN residual: residual write column=245"
256,257,"MEM.E.Write","decode FFN residual: residual write column=245"
256,257,"VXM.ALU0","decode FFN residual: BF16 residual add column=248"
257,258,"MEM.E.Read","decode FFN residual: residual lhs column=251"
257,258,"MEM.E.Read","decode FFN residual: residual rhs column=251"
257,258,"MEM.E.Read","decode FFN residual: residual lhs column=251"
257,258,"MEM.E.Read","decode FFN residual: residual rhs column=251"
257,258,"MEM.E.Write","decode FFN residual: residual write column=246"
257,258,"MEM.E.Write","decode FFN residual: residual write column=246"
257,258,"VXM.ALU0","decode FFN residual: BF16 residual add column=249"
258,259,"MEM.E.Read","decode FFN residual: residual lhs column=252"
258,259,"MEM.E.Read","decode FFN residual: residual rhs column=252"
258,259,"MEM.E.Read","decode FFN residual: residual lhs column=252"
258,259,"MEM.E.Read","decode FFN residual: residual rhs column=252"
258,259,"MEM.E.Write","decode FFN residual: residual write column=247"
258,259,"MEM.E.Write","decode FFN residual: residual write column=247"
258,259,"VXM.ALU0","decode FFN residual: BF16 residual add column=250"
259,260,"MEM.E.Read","decode FFN residual: residual lhs column=253"
259,260,"MEM.E.Read","decode FFN residual: residual rhs column=253"
259,260,"MEM.E.Read","decode FFN residual: residual lhs column=253"
259,260,"MEM.E.Read","decode FFN residual: residual rhs column=253"
259,260,"MEM.E.Write","decode FFN residual: residual write column=248"
259,260,"MEM.E.Write","decode FFN residual: residual write column=248"
259,260,"VXM.ALU0","decode FFN residual: BF16 residual add column=251"
260,261,"MEM.E.Read","decode FFN residual: residual lhs column=254"
260,261,"MEM.E.Read","decode FFN residual: residual rhs column=254"
260,261,"MEM.E.Read","decode FFN residual: residual lhs column=254"
260,261,"MEM.E.Read","decode FFN residual: residual rhs column=254"
260,261,"MEM.E.Write","decode FFN residual: residual write column=249"
260,261,"MEM.E.Write","decode FFN residual: residual write column=249"
260,261,"VXM.ALU0","decode FFN residual: BF16 residual add column=252"
261,262,"MEM.E.Read","decode FFN residual: residual lhs column=255"
261,262,"MEM.E.Read","decode FFN residual: residual rhs column=255"
261,262,"MEM.E.Read","decode FFN residual: residual lhs column=255"
261,262,"MEM.E.Read","decode FFN residual: residual rhs column=255"
261,262,"MEM.E.Write","decode FFN residual: residual write column=250"
261,262,"MEM.E.Write","decode FFN residual: residual write column=250"
261,262,"VXM.ALU0","decode FFN residual: BF16 residual add column=253"
262,263,"MEM.E.Read","decode FFN residual: residual lhs column=256"
262,263,"MEM.E.Read","decode FFN residual: residual rhs column=256"
262,263,"MEM.E.Read","decode FFN residual: residual lhs column=256"
262,263,"MEM.E.Read","decode FFN residual: residual rhs column=256"
262,263,"MEM.E.Write","decode FFN residual: residual write column=251"
262,263,"MEM.E.Write","decode FFN residual: residual write column=251"
262,263,"VXM.ALU0","decode FFN residual: BF16 residual add column=254"
263,264,"MEM.E.Read","decode FFN residual: residual lhs column=257"
263,264,"MEM.E.Read","decode FFN residual: residual rhs column=257"
263,264,"MEM.E.Read","decode FFN residual: residual lhs column=257"
263,264,"MEM.E.Read","decode FFN residual: residual rhs column=257"
263,264,"MEM.E.Write","decode FFN residual: residual write column=252"
263,264,"MEM.E.Write","decode FFN residual: residual write column=252"
263,264,"VXM.ALU0","decode FFN residual: BF16 residual add column=255"
264,265,"MEM.E.Read","decode FFN residual: residual lhs column=258"
264,265,"MEM.E.Read","decode FFN residual: residual rhs column=258"
264,265,"MEM.E.Read","decode FFN residual: residual lhs column=258"
264,265,"MEM.E.Read","decode FFN residual: residual rhs column=258"
264,265,"MEM.E.Write","decode FFN residual: residual write column=253"
264,265,"MEM.E.Write","decode FFN residual: residual write column=253"
264,265,"VXM.ALU0","decode FFN residual: BF16 residual add column=256"
265,266,"MEM.E.Read","decode FFN residual: residual lhs column=259"
265,266,"MEM.E.Read","decode FFN residual: residual rhs column=259"
265,266,"MEM.E.Read","decode FFN residual: residual lhs column=259"
265,266,"MEM.E.Read","decode FFN residual: residual rhs column=259"
265,266,"MEM.E.Write","decode FFN residual: residual write column=254"
265,266,"MEM.E.Write","decode FFN residual: residual write column=254"
265,266,"VXM.ALU0","decode FFN residual: BF16 residual add column=257"
266,267,"MEM.E.Read","decode FFN residual: residual lhs column=260"
266,267,"MEM.E.Read","decode FFN residual: residual rhs column=260"
266,267,"MEM.E.Read","decode FFN residual: residual lhs column=260"
266,267,"MEM.E.Read","decode FFN residual: residual rhs column=260"
266,267,"MEM.E.Write","decode FFN residual: residual write column=255"
266,267,"MEM.E.Write","decode FFN residual: residual write column=255"
266,267,"VXM.ALU0","decode FFN residual: BF16 residual add column=258"
267,268,"MEM.E.Read","decode FFN residual: residual lhs column=261"
267,268,"MEM.E.Read","decode FFN residual: residual rhs column=261"
267,268,"MEM.E.Read","decode FFN residual: residual lhs column=261"
267,268,"MEM.E.Read","decode FFN residual: residual rhs column=261"
267,268,"MEM.E.Write","decode FFN residual: residual write column=256"
267,268,"MEM.E.Write","decode FFN residual: residual write column=256"
267,268,"VXM.ALU0","decode FFN residual: BF16 residual add column=259"
268,269,"MEM.E.Read","decode FFN residual: residual lhs column=262"
268,269,"MEM.E.Read","decode FFN residual: residual rhs column=262"
268,269,"MEM.E.Read","decode FFN residual: residual lhs column=262"
268,269,"MEM.E.Read","decode FFN residual: residual rhs column=262"
268,269,"MEM.E.Write","decode FFN residual: residual write column=257"
268,269,"MEM.E.Write","decode FFN residual: residual write column=257"
268,269,"VXM.ALU0","decode FFN residual: BF16 residual add column=260"
269,270,"MEM.E.Read","decode FFN residual: residual lhs column=263"
269,270,"MEM.E.Read","decode FFN residual: residual rhs column=263"
269,270,"MEM.E.Read","decode FFN residual: residual lhs column=263"
269,270,"MEM.E.Read","decode FFN residual: residual rhs column=263"
269,270,"MEM.E.Write","decode FFN residual: residual write column=258"
269,270,"MEM.E.Write","decode FFN residual: residual write column=258"
269,270,"VXM.ALU0","decode FFN residual: BF16 residual add column=261"
270,271,"MEM.E.Read","decode FFN residual: residual lhs column=264"
270,271,"MEM.E.Read","decode FFN residual: residual rhs column=264"
270,271,"MEM.E.Read","decode FFN residual: residual lhs column=264"
270,271,"MEM.E.Read","decode FFN residual: residual rhs column=264"
270,271,"MEM.E.Write","decode FFN residual: residual write column=259"
270,271,"MEM.E.Write","decode FFN residual: residual write column=259"
270,271,"VXM.ALU0","decode FFN residual: BF16 residual add column=262"
271,272,"MEM.E.Read","decode FFN residual: residual lhs column=265"
271,272,"MEM.E.Read","decode FFN residual: residual rhs column=265"
271,272,"MEM.E.Read","decode FFN residual: residual lhs column=265"
271,272,"MEM.E.Read","decode FFN residual: residual rhs column=265"
271,272,"MEM.E.Write","decode FFN residual: residual write column=260"
271,272,"MEM.E.Write","decode FFN residual: residual write column=260"
271,272,"VXM.ALU0","decode FFN residual: BF16 residual add column=263"
272,273,"MEM.E.Read","decode FFN residual: residual lhs column=266"
272,273,"MEM.E.Read","decode FFN residual: residual rhs column=266"
272,273,"MEM.E.Read","decode FFN residual: residual lhs column=266"
272,273,"MEM.E.Read","decode FFN residual: residual rhs column=266"
272,273,"MEM.E.Write","decode FFN residual: residual write column=261"
272,273,"MEM.E.Write","decode FFN residual: residual write column=261"
272,273,"VXM.ALU0","decode FFN residual: BF16 residual add column=264"
273,274,"MEM.E.Read","decode FFN residual: residual lhs column=267"
273,274,"MEM.E.Read","decode FFN residual: residual rhs column=267"
273,274,"MEM.E.Read","decode FFN residual: residual lhs column=267"
273,274,"MEM.E.Read","decode FFN residual: residual rhs column=267"
273,274,"MEM.E.Write","decode FFN residual: residual write column=262"
273,274,"MEM.E.Write","decode FFN residual: residual write column=262"
273,274,"VXM.ALU0","decode FFN residual: BF16 residual add column=265"
274,275,"MEM.E.Read","decode FFN residual: residual lhs column=268"
274,275,"MEM.E.Read","decode FFN residual: residual rhs column=268"
274,275,"MEM.E.Read","decode FFN residual: residual lhs column=268"
274,275,"MEM.E.Read","decode FFN residual: residual rhs column=268"
274,275,"MEM.E.Write","decode FFN residual: residual write column=263"
274,275,"MEM.E.Write","decode FFN residual: residual write column=263"
274,275,"VXM.ALU0","decode FFN residual: BF16 residual add column=266"
275,276,"MEM.E.Read","decode FFN residual: residual lhs column=269"
275,276,"MEM.E.Read","decode FFN residual: residual rhs column=269"
275,276,"MEM.E.Read","decode FFN residual: residual lhs column=269"
275,276,"MEM.E.Read","decode FFN residual: residual rhs column=269"
275,276,"MEM.E.Write","decode FFN residual: residual write column=264"
275,276,"MEM.E.Write","decode FFN residual: residual write column=264"
275,276,"VXM.ALU0","decode FFN residual: BF16 residual add column=267"
276,277,"MEM.E.Read","decode FFN residual: residual lhs column=270"
276,277,"MEM.E.Read","decode FFN residual: residual rhs column=270"
276,277,"MEM.E.Read","decode FFN residual: residual lhs column=270"
276,277,"MEM.E.Read","decode FFN residual: residual rhs column=270"
276,277,"MEM.E.Write","decode FFN residual: residual write column=265"
276,277,"MEM.E.Write","decode FFN residual: residual write column=265"
276,277,"VXM.ALU0","decode FFN residual: BF16 residual add column=268"
277,278,"MEM.E.Read","decode FFN residual: residual lhs column=271"
277,278,"MEM.E.Read","decode FFN residual: residual rhs column=271"
277,278,"MEM.E.Read","decode FFN residual: residual lhs column=271"
277,278,"MEM.E.Read","decode FFN residual: residual rhs column=271"
277,278,"MEM.E.Write","decode FFN residual: residual write column=266"
277,278,"MEM.E.Write","decode FFN residual: residual write column=266"
277,278,"VXM.ALU0","decode FFN residual: BF16 residual add column=269"
278,279,"MEM.E.Read","decode FFN residual: residual lhs column=272"
278,279,"MEM.E.Read","decode FFN residual: residual rhs column=272"
278,279,"MEM.E.Read","decode FFN residual: residual lhs column=272"
278,279,"MEM.E.Read","decode FFN residual: residual rhs column=272"
278,279,"MEM.E.Write","decode FFN residual: residual write column=267"
278,279,"MEM.E.Write","decode FFN residual: residual write column=267"
278,279,"VXM.ALU0","decode FFN residual: BF16 residual add column=270"
279,280,"MEM.E.Read","decode FFN residual: residual lhs column=273"
279,280,"MEM.E.Read","decode FFN residual: residual rhs column=273"
279,280,"MEM.E.Read","decode FFN residual: residual lhs column=273"
279,280,"MEM.E.Read","decode FFN residual: residual rhs column=273"
279,280,"MEM.E.Write","decode FFN residual: residual write column=268"
279,280,"MEM.E.Write","decode FFN residual: residual write column=268"
279,280,"VXM.ALU0","decode FFN residual: BF16 residual add column=271"
280,281,"MEM.E.Read","decode FFN residual: residual lhs column=274"
280,281,"MEM.E.Read","decode FFN residual: residual rhs column=274"
280,281,"MEM.E.Read","decode FFN residual: residual lhs column=274"
280,281,"MEM.E.Read","decode FFN residual: residual rhs column=274"
280,281,"MEM.E.Write","decode FFN residual: residual write column=269"
280,281,"MEM.E.Write","decode FFN residual: residual write column=269"
280,281,"VXM.ALU0","decode FFN residual: BF16 residual add column=272"
281,282,"MEM.E.Read","decode FFN residual: residual lhs column=275"
281,282,"MEM.E.Read","decode FFN residual: residual rhs column=275"
281,282,"MEM.E.Read","decode FFN residual: residual lhs column=275"
281,282,"MEM.E.Read","decode FFN residual: residual rhs column=275"
281,282,"MEM.E.Write","decode FFN residual: residual write column=270"
281,282,"MEM.E.Write","decode FFN residual: residual write column=270"
281,282,"VXM.ALU0","decode FFN residual: BF16 residual add column=273"
282,283,"MEM.E.Read","decode FFN residual: residual lhs column=276"
282,283,"MEM.E.Read","decode FFN residual: residual rhs column=276"
282,283,"MEM.E.Read","decode FFN residual: residual lhs column=276"
282,283,"MEM.E.Read","decode FFN residual: residual rhs column=276"
282,283,"MEM.E.Write","decode FFN residual: residual write column=271"
282,283,"MEM.E.Write","decode FFN residual: residual write column=271"
282,283,"VXM.ALU0","decode FFN residual: BF16 residual add column=274"
283,284,"MEM.E.Read","decode FFN residual: residual lhs column=277"
283,284,"MEM.E.Read","decode FFN residual: residual rhs column=277"
283,284,"MEM.E.Read","decode FFN residual: residual lhs column=277"
283,284,"MEM.E.Read","decode FFN residual: residual rhs column=277"
283,284,"MEM.E.Write","decode FFN residual: residual write column=272"
283,284,"MEM.E.Write","decode FFN residual: residual write column=272"
283,284,"VXM.ALU0","decode FFN residual: BF16 residual add column=275"
284,285,"MEM.E.Read","decode FFN residual: residual lhs column=278"
284,285,"MEM.E.Read","decode FFN residual: residual rhs column=278"
284,285,"MEM.E.Read","decode FFN residual: residual lhs column=278"
284,285,"MEM.E.Read","decode FFN residual: residual rhs column=278"
284,285,"MEM.E.Write","decode FFN residual: residual write column=273"
284,285,"MEM.E.Write","decode FFN residual: residual write column=273"
284,285,"VXM.ALU0","decode FFN residual: BF16 residual add column=276"
285,286,"MEM.E.Read","decode FFN residual: residual lhs column=279"
285,286,"MEM.E.Read","decode FFN residual: residual rhs column=279"
285,286,"MEM.E.Read","decode FFN residual: residual lhs column=279"
285,286,"MEM.E.Read","decode FFN residual: residual rhs column=279"
285,286,"MEM.E.Write","decode FFN residual: residual write column=274"
285,286,"MEM.E.Write","decode FFN residual: residual write column=274"
285,286,"VXM.ALU0","decode FFN residual: BF16 residual add column=277"
286,287,"MEM.E.Read","decode FFN residual: residual lhs column=280"
286,287,"MEM.E.Read","decode FFN residual: residual rhs column=280"
286,287,"MEM.E.Read","decode FFN residual: residual lhs column=280"
286,287,"MEM.E.Read","decode FFN residual: residual rhs column=280"
286,287,"MEM.E.Write","decode FFN residual: residual write column=275"
286,287,"MEM.E.Write","decode FFN residual: residual write column=275"
286,287,"VXM.ALU0","decode FFN residual: BF16 residual add column=278"
287,288,"MEM.E.Read","decode FFN residual: residual lhs column=281"
287,288,"MEM.E.Read","decode FFN residual: residual rhs column=281"
287,288,"MEM.E.Read","decode FFN residual: residual lhs column=281"
287,288,"MEM.E.Read","decode FFN residual: residual rhs column=281"
287,288,"MEM.E.Write","decode FFN residual: residual write column=276"
287,288,"MEM.E.Write","decode FFN residual: residual write column=276"
287,288,"VXM.ALU0","decode FFN residual: BF16 residual add column=279"
288,289,"MEM.E.Read","decode FFN residual: residual lhs column=282"
288,289,"MEM.E.Read","decode FFN residual: residual rhs column=282"
288,289,"MEM.E.Read","decode FFN residual: residual lhs column=282"
288,289,"MEM.E.Read","decode FFN residual: residual rhs column=282"
288,289,"MEM.E.Write","decode FFN residual: residual write column=277"
288,289,"MEM.E.Write","decode FFN residual: residual write column=277"
288,289,"VXM.ALU0","decode FFN residual: BF16 residual add column=280"
289,290,"MEM.E.Read","decode FFN residual: residual lhs column=283"
289,290,"MEM.E.Read","decode FFN residual: residual rhs column=283"
289,290,"MEM.E.Read","decode FFN residual: residual lhs column=283"
289,290,"MEM.E.Read","decode FFN residual: residual rhs column=283"
289,290,"MEM.E.Write","decode FFN residual: residual write column=278"
289,290,"MEM.E.Write","decode FFN residual: residual write column=278"
289,290,"VXM.ALU0","decode FFN residual: BF16 residual add column=281"
290,291,"MEM.E.Read","decode FFN residual: residual lhs column=284"
290,291,"MEM.E.Read","decode FFN residual: residual rhs column=284"
290,291,"MEM.E.Read","decode FFN residual: residual lhs column=284"
290,291,"MEM.E.Read","decode FFN residual: residual rhs column=284"
290,291,"MEM.E.Write","decode FFN residual: residual write column=279"
290,291,"MEM.E.Write","decode FFN residual: residual write column=279"
290,291,"VXM.ALU0","decode FFN residual: BF16 residual add column=282"
291,292,"MEM.E.Read","decode FFN residual: residual lhs column=285"
291,292,"MEM.E.Read","decode FFN residual: residual rhs column=285"
291,292,"MEM.E.Read","decode FFN residual: residual lhs column=285"
291,292,"MEM.E.Read","decode FFN residual: residual rhs column=285"
291,292,"MEM.E.Write","decode FFN residual: residual write column=280"
291,292,"MEM.E.Write","decode FFN residual: residual write column=280"
291,292,"VXM.ALU0","decode FFN residual: BF16 residual add column=283"
292,293,"MEM.E.Read","decode FFN residual: residual lhs column=286"
292,293,"MEM.E.Read","decode FFN residual: residual rhs column=286"
292,293,"MEM.E.Read","decode FFN residual: residual lhs column=286"
292,293,"MEM.E.Read","decode FFN residual: residual rhs column=286"
292,293,"MEM.E.Write","decode FFN residual: residual write column=281"
292,293,"MEM.E.Write","decode FFN residual: residual write column=281"
292,293,"VXM.ALU0","decode FFN residual: BF16 residual add column=284"
293,294,"MEM.E.Read","decode FFN residual: residual lhs column=287"
293,294,"MEM.E.Read","decode FFN residual: residual rhs column=287"
293,294,"MEM.E.Read","decode FFN residual: residual lhs column=287"
293,294,"MEM.E.Read","decode FFN residual: residual rhs column=287"
293,294,"MEM.E.Write","decode FFN residual: residual write column=282"
293,294,"MEM.E.Write","decode FFN residual: residual write column=282"
293,294,"VXM.ALU0","decode FFN residual: BF16 residual add column=285"
294,295,"MEM.E.Read","decode FFN residual: residual lhs column=288"
294,295,"MEM.E.Read","decode FFN residual: residual rhs column=288"
294,295,"MEM.E.Read","decode FFN residual: residual lhs column=288"
294,295,"MEM.E.Read","decode FFN residual: residual rhs column=288"
294,295,"MEM.E.Write","decode FFN residual: residual write column=283"
294,295,"MEM.E.Write","decode FFN residual: residual write column=283"
294,295,"VXM.ALU0","decode FFN residual: BF16 residual add column=286"
295,296,"MEM.E.Read","decode FFN residual: residual lhs column=289"
295,296,"MEM.E.Read","decode FFN residual: residual rhs column=289"
295,296,"MEM.E.Read","decode FFN residual: residual lhs column=289"
295,296,"MEM.E.Read","decode FFN residual: residual rhs column=289"
295,296,"MEM.E.Write","decode FFN residual: residual write column=284"
295,296,"MEM.E.Write","decode FFN residual: residual write column=284"
295,296,"VXM.ALU0","decode FFN residual: BF16 residual add column=287"
296,297,"MEM.E.Read","decode FFN residual: residual lhs column=290"
296,297,"MEM.E.Read","decode FFN residual: residual rhs column=290"
296,297,"MEM.E.Read","decode FFN residual: residual lhs column=290"
296,297,"MEM.E.Read","decode FFN residual: residual rhs column=290"
296,297,"MEM.E.Write","decode FFN residual: residual write column=285"
296,297,"MEM.E.Write","decode FFN residual: residual write column=285"
296,297,"VXM.ALU0","decode FFN residual: BF16 residual add column=288"
297,298,"MEM.E.Read","decode FFN residual: residual lhs column=291"
297,298,"MEM.E.Read","decode FFN residual: residual rhs column=291"
297,298,"MEM.E.Read","decode FFN residual: residual lhs column=291"
297,298,"MEM.E.Read","decode FFN residual: residual rhs column=291"
297,298,"MEM.E.Write","decode FFN residual: residual write column=286"
297,298,"MEM.E.Write","decode FFN residual: residual write column=286"
297,298,"VXM.ALU0","decode FFN residual: BF16 residual add column=289"
298,299,"MEM.E.Read","decode FFN residual: residual lhs column=292"
298,299,"MEM.E.Read","decode FFN residual: residual rhs column=292"
298,299,"MEM.E.Read","decode FFN residual: residual lhs column=292"
298,299,"MEM.E.Read","decode FFN residual: residual rhs column=292"
298,299,"MEM.E.Write","decode FFN residual: residual write column=287"
298,299,"MEM.E.Write","decode FFN residual: residual write column=287"
298,299,"VXM.ALU0","decode FFN residual: BF16 residual add column=290"
299,300,"MEM.E.Read","decode FFN residual: residual lhs column=293"
299,300,"MEM.E.Read","decode FFN residual: residual rhs column=293"
299,300,"MEM.E.Read","decode FFN residual: residual lhs column=293"
299,300,"MEM.E.Read","decode FFN residual: residual rhs column=293"
299,300,"MEM.E.Write","decode FFN residual: residual write column=288"
299,300,"MEM.E.Write","decode FFN residual: residual write column=288"
299,300,"VXM.ALU0","decode FFN residual: BF16 residual add column=291"
300,301,"MEM.E.Read","decode FFN residual: residual lhs column=294"
300,301,"MEM.E.Read","decode FFN residual: residual rhs column=294"
300,301,"MEM.E.Read","decode FFN residual: residual lhs column=294"
300,301,"MEM.E.Read","decode FFN residual: residual rhs column=294"
300,301,"MEM.E.Write","decode FFN residual: residual write column=289"
300,301,"MEM.E.Write","decode FFN residual: residual write column=289"
300,301,"VXM.ALU0","decode FFN residual: BF16 residual add column=292"
301,302,"MEM.E.Read","decode FFN residual: residual lhs column=295"
301,302,"MEM.E.Read","decode FFN residual: residual rhs column=295"
301,302,"MEM.E.Read","decode FFN residual: residual lhs column=295"
301,302,"MEM.E.Read","decode FFN residual: residual rhs column=295"
301,302,"MEM.E.Write","decode FFN residual: residual write column=290"
301,302,"MEM.E.Write","decode FFN residual: residual write column=290"
301,302,"VXM.ALU0","decode FFN residual: BF16 residual add column=293"
302,303,"MEM.E.Read","decode FFN residual: residual lhs column=296"
302,303,"MEM.E.Read","decode FFN residual: residual rhs column=296"
302,303,"MEM.E.Read","decode FFN residual: residual lhs column=296"
302,303,"MEM.E.Read","decode FFN residual: residual rhs column=296"
302,303,"MEM.E.Write","decode FFN residual: residual write column=291"
302,303,"MEM.E.Write","decode FFN residual: residual write column=291"
302,303,"VXM.ALU0","decode FFN residual: BF16 residual add column=294"
303,304,"MEM.E.Read","decode FFN residual: residual lhs column=297"
303,304,"MEM.E.Read","decode FFN residual: residual rhs column=297"
303,304,"MEM.E.Read","decode FFN residual: residual lhs column=297"
303,304,"MEM.E.Read","decode FFN residual: residual rhs column=297"
303,304,"MEM.E.Write","decode FFN residual: residual write column=292"
303,304,"MEM.E.Write","decode FFN residual: residual write column=292"
303,304,"VXM.ALU0","decode FFN residual: BF16 residual add column=295"
304,305,"MEM.E.Read","decode FFN residual: residual lhs column=298"
304,305,"MEM.E.Read","decode FFN residual: residual rhs column=298"
304,305,"MEM.E.Read","decode FFN residual: residual lhs column=298"
304,305,"MEM.E.Read","decode FFN residual: residual rhs column=298"
304,305,"MEM.E.Write","decode FFN residual: residual write column=293"
304,305,"MEM.E.Write","decode FFN residual: residual write column=293"
304,305,"VXM.ALU0","decode FFN residual: BF16 residual add column=296"
305,306,"MEM.E.Read","decode FFN residual: residual lhs column=299"
305,306,"MEM.E.Read","decode FFN residual: residual rhs column=299"
305,306,"MEM.E.Read","decode FFN residual: residual lhs column=299"
305,306,"MEM.E.Read","decode FFN residual: residual rhs column=299"
305,306,"MEM.E.Write","decode FFN residual: residual write column=294"
305,306,"MEM.E.Write","decode FFN residual: residual write column=294"
305,306,"VXM.ALU0","decode FFN residual: BF16 residual add column=297"
306,307,"MEM.E.Read","decode FFN residual: residual lhs column=300"
306,307,"MEM.E.Read","decode FFN residual: residual rhs column=300"
306,307,"MEM.E.Read","decode FFN residual: residual lhs column=300"
306,307,"MEM.E.Read","decode FFN residual: residual rhs column=300"
306,307,"MEM.E.Write","decode FFN residual: residual write column=295"
306,307,"MEM.E.Write","decode FFN residual: residual write column=295"
306,307,"VXM.ALU0","decode FFN residual: BF16 residual add column=298"
307,308,"MEM.E.Read","decode FFN residual: residual lhs column=301"
307,308,"MEM.E.Read","decode FFN residual: residual rhs column=301"
307,308,"MEM.E.Read","decode FFN residual: residual lhs column=301"
307,308,"MEM.E.Read","decode FFN residual: residual rhs column=301"
307,308,"MEM.E.Write","decode FFN residual: residual write column=296"
307,308,"MEM.E.Write","decode FFN residual: residual write column=296"
307,308,"VXM.ALU0","decode FFN residual: BF16 residual add column=299"
308,309,"MEM.E.Read","decode FFN residual: residual lhs column=302"
308,309,"MEM.E.Read","decode FFN residual: residual rhs column=302"
308,309,"MEM.E.Read","decode FFN residual: residual lhs column=302"
308,309,"MEM.E.Read","decode FFN residual: residual rhs column=302"
308,309,"MEM.E.Write","decode FFN residual: residual write column=297"
308,309,"MEM.E.Write","decode FFN residual: residual write column=297"
308,309,"VXM.ALU0","decode FFN residual: BF16 residual add column=300"
309,310,"MEM.E.Read","decode FFN residual: residual lhs column=303"
309,310,"MEM.E.Read","decode FFN residual: residual rhs column=303"
309,310,"MEM.E.Read","decode FFN residual: residual lhs column=303"
309,310,"MEM.E.Read","decode FFN residual: residual rhs column=303"
309,310,"MEM.E.Write","decode FFN residual: residual write column=298"
309,310,"MEM.E.Write","decode FFN residual: residual write column=298"
309,310,"VXM.ALU0","decode FFN residual: BF16 residual add column=301"
310,311,"MEM.E.Read","decode FFN residual: residual lhs column=304"
310,311,"MEM.E.Read","decode FFN residual: residual rhs column=304"
310,311,"MEM.E.Read","decode FFN residual: residual lhs column=304"
310,311,"MEM.E.Read","decode FFN residual: residual rhs column=304"
310,311,"MEM.E.Write","decode FFN residual: residual write column=299"
310,311,"MEM.E.Write","decode FFN residual: residual write column=299"
310,311,"VXM.ALU0","decode FFN residual: BF16 residual add column=302"
311,312,"MEM.E.Read","decode FFN residual: residual lhs column=305"
311,312,"MEM.E.Read","decode FFN residual: residual rhs column=305"
311,312,"MEM.E.Read","decode FFN residual: residual lhs column=305"
311,312,"MEM.E.Read","decode FFN residual: residual rhs column=305"
311,312,"MEM.E.Write","decode FFN residual: residual write column=300"
311,312,"MEM.E.Write","decode FFN residual: residual write column=300"
311,312,"VXM.ALU0","decode FFN residual: BF16 residual add column=303"
312,313,"MEM.E.Read","decode FFN residual: residual lhs column=306"
312,313,"MEM.E.Read","decode FFN residual: residual rhs column=306"
312,313,"MEM.E.Read","decode FFN residual: residual lhs column=306"
312,313,"MEM.E.Read","decode FFN residual: residual rhs column=306"
312,313,"MEM.E.Write","decode FFN residual: residual write column=301"
312,313,"MEM.E.Write","decode FFN residual: residual write column=301"
312,313,"VXM.ALU0","decode FFN residual: BF16 residual add column=304"
313,314,"MEM.E.Read","decode FFN residual: residual lhs column=307"
313,314,"MEM.E.Read","decode FFN residual: residual rhs column=307"
313,314,"MEM.E.Read","decode FFN residual: residual lhs column=307"
313,314,"MEM.E.Read","decode FFN residual: residual rhs column=307"
313,314,"MEM.E.Write","decode FFN residual: residual write column=302"
313,314,"MEM.E.Write","decode FFN residual: residual write column=302"
313,314,"VXM.ALU0","decode FFN residual: BF16 residual add column=305"
314,315,"MEM.E.Read","decode FFN residual: residual lhs column=308"
314,315,"MEM.E.Read","decode FFN residual: residual rhs column=308"
314,315,"MEM.E.Read","decode FFN residual: residual lhs column=308"
314,315,"MEM.E.Read","decode FFN residual: residual rhs column=308"
314,315,"MEM.E.Write","decode FFN residual: residual write column=303"
314,315,"MEM.E.Write","decode FFN residual: residual write column=303"
314,315,"VXM.ALU0","decode FFN residual: BF16 residual add column=306"
315,316,"MEM.E.Read","decode FFN residual: residual lhs column=309"
315,316,"MEM.E.Read","decode FFN residual: residual rhs column=309"
315,316,"MEM.E.Read","decode FFN residual: residual lhs column=309"
315,316,"MEM.E.Read","decode FFN residual: residual rhs column=309"
315,316,"MEM.E.Write","decode FFN residual: residual write column=304"
315,316,"MEM.E.Write","decode FFN residual: residual write column=304"
315,316,"VXM.ALU0","decode FFN residual: BF16 residual add column=307"
316,317,"MEM.E.Read","decode FFN residual: residual lhs column=310"
316,317,"MEM.E.Read","decode FFN residual: residual rhs column=310"
316,317,"MEM.E.Read","decode FFN residual: residual lhs column=310"
316,317,"MEM.E.Read","decode FFN residual: residual rhs column=310"
316,317,"MEM.E.Write","decode FFN residual: residual write column=305"
316,317,"MEM.E.Write","decode FFN residual: residual write column=305"
316,317,"VXM.ALU0","decode FFN residual: BF16 residual add column=308"
317,318,"MEM.E.Read","decode FFN residual: residual lhs column=311"
317,318,"MEM.E.Read","decode FFN residual: residual rhs column=311"
317,318,"MEM.E.Read","decode FFN residual: residual lhs column=311"
317,318,"MEM.E.Read","decode FFN residual: residual rhs column=311"
317,318,"MEM.E.Write","decode FFN residual: residual write column=306"
317,318,"MEM.E.Write","decode FFN residual: residual write column=306"
317,318,"VXM.ALU0","decode FFN residual: BF16 residual add column=309"
318,319,"MEM.E.Read","decode FFN residual: residual lhs column=312"
318,319,"MEM.E.Read","decode FFN residual: residual rhs column=312"
318,319,"MEM.E.Read","decode FFN residual: residual lhs column=312"
318,319,"MEM.E.Read","decode FFN residual: residual rhs column=312"
318,319,"MEM.E.Write","decode FFN residual: residual write column=307"
318,319,"MEM.E.Write","decode FFN residual: residual write column=307"
318,319,"VXM.ALU0","decode FFN residual: BF16 residual add column=310"
319,320,"MEM.E.Read","decode FFN residual: residual lhs column=313"
319,320,"MEM.E.Read","decode FFN residual: residual rhs column=313"
319,320,"MEM.E.Read","decode FFN residual: residual lhs column=313"
319,320,"MEM.E.Read","decode FFN residual: residual rhs column=313"
319,320,"MEM.E.Write","decode FFN residual: residual write column=308"
319,320,"MEM.E.Write","decode FFN residual: residual write column=308"
319,320,"VXM.ALU0","decode FFN residual: BF16 residual add column=311"
320,321,"MEM.E.Read","decode FFN residual: residual lhs column=314"
320,321,"MEM.E.Read","decode FFN residual: residual rhs column=314"
320,321,"MEM.E.Read","decode FFN residual: residual lhs column=314"
320,321,"MEM.E.Read","decode FFN residual: residual rhs column=314"
320,321,"MEM.E.Write","decode FFN residual: residual write column=309"
320,321,"MEM.E.Write","decode FFN residual: residual write column=309"
320,321,"VXM.ALU0","decode FFN residual: BF16 residual add column=312"
321,322,"MEM.E.Read","decode FFN residual: residual lhs column=315"
321,322,"MEM.E.Read","decode FFN residual: residual rhs column=315"
321,322,"MEM.E.Read","decode FFN residual: residual lhs column=315"
321,322,"MEM.E.Read","decode FFN residual: residual rhs column=315"
321,322,"MEM.E.Write","decode FFN residual: residual write column=310"
321,322,"MEM.E.Write","decode FFN residual: residual write column=310"
321,322,"VXM.ALU0","decode FFN residual: BF16 residual add column=313"
322,323,"MEM.E.Read","decode FFN residual: residual lhs column=316"
322,323,"MEM.E.Read","decode FFN residual: residual rhs column=316"
322,323,"MEM.E.Read","decode FFN residual: residual lhs column=316"
322,323,"MEM.E.Read","decode FFN residual: residual rhs column=316"
322,323,"MEM.E.Write","decode FFN residual: residual write column=311"
322,323,"MEM.E.Write","decode FFN residual: residual write column=311"
322,323,"VXM.ALU0","decode FFN residual: BF16 residual add column=314"
323,324,"MEM.E.Read","decode FFN residual: residual lhs column=317"
323,324,"MEM.E.Read","decode FFN residual: residual rhs column=317"
323,324,"MEM.E.Read","decode FFN residual: residual lhs column=317"
323,324,"MEM.E.Read","decode FFN residual: residual rhs column=317"
323,324,"MEM.E.Write","decode FFN residual: residual write column=312"
323,324,"MEM.E.Write","decode FFN residual: residual write column=312"
323,324,"VXM.ALU0","decode FFN residual: BF16 residual add column=315"
324,325,"MEM.E.Read","decode FFN residual: residual lhs column=318"
324,325,"MEM.E.Read","decode FFN residual: residual rhs column=318"
324,325,"MEM.E.Read","decode FFN residual: residual lhs column=318"
324,325,"MEM.E.Read","decode FFN residual: residual rhs column=318"
324,325,"MEM.E.Write","decode FFN residual: residual write column=313"
324,325,"MEM.E.Write","decode FFN residual: residual write column=313"
324,325,"VXM.ALU0","decode FFN residual: BF16 residual add column=316"
325,326,"MEM.E.Read","decode FFN residual: residual lhs column=319"
325,326,"MEM.E.Read","decode FFN residual: residual rhs column=319"
325,326,"MEM.E.Read","decode FFN residual: residual lhs column=319"
325,326,"MEM.E.Read","decode FFN residual: residual rhs column=319"
325,326,"MEM.E.Write","decode FFN residual: residual write column=314"
325,326,"MEM.E.Write","decode FFN residual: residual write column=314"
325,326,"VXM.ALU0","decode FFN residual: BF16 residual add column=317"
326,327,"MEM.E.Read","decode FFN residual: residual lhs column=320"
326,327,"MEM.E.Read","decode FFN residual: residual rhs column=320"
326,327,"MEM.E.Read","decode FFN residual: residual lhs column=320"
326,327,"MEM.E.Read","decode FFN residual: residual rhs column=320"
326,327,"MEM.E.Write","decode FFN residual: residual write column=315"
326,327,"MEM.E.Write","decode FFN residual: residual write column=315"
326,327,"VXM.ALU0","decode FFN residual: BF16 residual add column=318"
327,328,"MEM.E.Read","decode FFN residual: residual lhs column=321"
327,328,"MEM.E.Read","decode FFN residual: residual rhs column=321"
327,328,"MEM.E.Read","decode FFN residual: residual lhs column=321"
327,328,"MEM.E.Read","decode FFN residual: residual rhs column=321"
327,328,"MEM.E.Write","decode FFN residual: residual write column=316"
327,328,"MEM.E.Write","decode FFN residual: residual write column=316"
327,328,"VXM.ALU0","decode FFN residual: BF16 residual add column=319"
328,329,"MEM.E.Read","decode FFN residual: residual lhs column=322"
328,329,"MEM.E.Read","decode FFN residual: residual rhs column=322"
328,329,"MEM.E.Read","decode FFN residual: residual lhs column=322"
328,329,"MEM.E.Read","decode FFN residual: residual rhs column=322"
328,329,"MEM.E.Write","decode FFN residual: residual write column=317"
328,329,"MEM.E.Write","decode FFN residual: residual write column=317"
328,329,"VXM.ALU0","decode FFN residual: BF16 residual add column=320"
329,330,"MEM.E.Read","decode FFN residual: residual lhs column=323"
329,330,"MEM.E.Read","decode FFN residual: residual rhs column=323"
329,330,"MEM.E.Read","decode FFN residual: residual lhs column=323"
329,330,"MEM.E.Read","decode FFN residual: residual rhs column=323"
329,330,"MEM.E.Write","decode FFN residual: residual write column=318"
329,330,"MEM.E.Write","decode FFN residual: residual write column=318"
329,330,"VXM.ALU0","decode FFN residual: BF16 residual add column=321"
330,331,"MEM.E.Read","decode FFN residual: residual lhs column=324"
330,331,"MEM.E.Read","decode FFN residual: residual rhs column=324"
330,331,"MEM.E.Read","decode FFN residual: residual lhs column=324"
330,331,"MEM.E.Read","decode FFN residual: residual rhs column=324"
330,331,"MEM.E.Write","decode FFN residual: residual write column=319"
330,331,"MEM.E.Write","decode FFN residual: residual write column=319"
330,331,"VXM.ALU0","decode FFN residual: BF16 residual add column=322"
331,332,"MEM.E.Read","decode FFN residual: residual lhs column=325"
331,332,"MEM.E.Read","decode FFN residual: residual rhs column=325"
331,332,"MEM.E.Read","decode FFN residual: residual lhs column=325"
331,332,"MEM.E.Read","decode FFN residual: residual rhs column=325"
331,332,"MEM.E.Write","decode FFN residual: residual write column=320"
331,332,"MEM.E.Write","decode FFN residual: residual write column=320"
331,332,"VXM.ALU0","decode FFN residual: BF16 residual add column=323"
332,333,"MEM.E.Read","decode FFN residual: residual lhs column=326"
332,333,"MEM.E.Read","decode FFN residual: residual rhs column=326"
332,333,"MEM.E.Read","decode FFN residual: residual lhs column=326"
332,333,"MEM.E.Read","decode FFN residual: residual rhs column=326"
332,333,"MEM.E.Write","decode FFN residual: residual write column=321"
332,333,"MEM.E.Write","decode FFN residual: residual write column=321"
332,333,"VXM.ALU0","decode FFN residual: BF16 residual add column=324"
333,334,"MEM.E.Read","decode FFN residual: residual lhs column=327"
333,334,"MEM.E.Read","decode FFN residual: residual rhs column=327"
333,334,"MEM.E.Read","decode FFN residual: residual lhs column=327"
333,334,"MEM.E.Read","decode FFN residual: residual rhs column=327"
333,334,"MEM.E.Write","decode FFN residual: residual write column=322"
333,334,"MEM.E.Write","decode FFN residual: residual write column=322"
333,334,"VXM.ALU0","decode FFN residual: BF16 residual add column=325"
334,335,"MEM.E.Read","decode FFN residual: residual lhs column=328"
334,335,"MEM.E.Read","decode FFN residual: residual rhs column=328"
334,335,"MEM.E.Read","decode FFN residual: residual lhs column=328"
334,335,"MEM.E.Read","decode FFN residual: residual rhs column=328"
334,335,"MEM.E.Write","decode FFN residual: residual write column=323"
334,335,"MEM.E.Write","decode FFN residual: residual write column=323"
334,335,"VXM.ALU0","decode FFN residual: BF16 residual add column=326"
335,336,"MEM.E.Read","decode FFN residual: residual lhs column=329"
335,336,"MEM.E.Read","decode FFN residual: residual rhs column=329"
335,336,"MEM.E.Read","decode FFN residual: residual lhs column=329"
335,336,"MEM.E.Read","decode FFN residual: residual rhs column=329"
335,336,"MEM.E.Write","decode FFN residual: residual write column=324"
335,336,"MEM.E.Write","decode FFN residual: residual write column=324"
335,336,"VXM.ALU0","decode FFN residual: BF16 residual add column=327"
336,337,"MEM.E.Read","decode FFN residual: residual lhs column=330"
336,337,"MEM.E.Read","decode FFN residual: residual rhs column=330"
336,337,"MEM.E.Read","decode FFN residual: residual lhs column=330"
336,337,"MEM.E.Read","decode FFN residual: residual rhs column=330"
336,337,"MEM.E.Write","decode FFN residual: residual write column=325"
336,337,"MEM.E.Write","decode FFN residual: residual write column=325"
336,337,"VXM.ALU0","decode FFN residual: BF16 residual add column=328"
337,338,"MEM.E.Read","decode FFN residual: residual lhs column=331"
337,338,"MEM.E.Read","decode FFN residual: residual rhs column=331"
337,338,"MEM.E.Read","decode FFN residual: residual lhs column=331"
337,338,"MEM.E.Read","decode FFN residual: residual rhs column=331"
337,338,"MEM.E.Write","decode FFN residual: residual write column=326"
337,338,"MEM.E.Write","decode FFN residual: residual write column=326"
337,338,"VXM.ALU0","decode FFN residual: BF16 residual add column=329"
338,339,"MEM.E.Read","decode FFN residual: residual lhs column=332"
338,339,"MEM.E.Read","decode FFN residual: residual rhs column=332"
338,339,"MEM.E.Read","decode FFN residual: residual lhs column=332"
338,339,"MEM.E.Read","decode FFN residual: residual rhs column=332"
338,339,"MEM.E.Write","decode FFN residual: residual write column=327"
338,339,"MEM.E.Write","decode FFN residual: residual write column=327"
338,339,"VXM.ALU0","decode FFN residual: BF16 residual add column=330"
339,340,"MEM.E.Read","decode FFN residual: residual lhs column=333"
339,340,"MEM.E.Read","decode FFN residual: residual rhs column=333"
339,340,"MEM.E.Read","decode FFN residual: residual lhs column=333"
339,340,"MEM.E.Read","decode FFN residual: residual rhs column=333"
339,340,"MEM.E.Write","decode FFN residual: residual write column=328"
339,340,"MEM.E.Write","decode FFN residual: residual write column=328"
339,340,"VXM.ALU0","decode FFN residual: BF16 residual add column=331"
340,341,"MEM.E.Read","decode FFN residual: residual lhs column=334"
340,341,"MEM.E.Read","decode FFN residual: residual rhs column=334"
340,341,"MEM.E.Read","decode FFN residual: residual lhs column=334"
340,341,"MEM.E.Read","decode FFN residual: residual rhs column=334"
340,341,"MEM.E.Write","decode FFN residual: residual write column=329"
340,341,"MEM.E.Write","decode FFN residual: residual write column=329"
340,341,"VXM.ALU0","decode FFN residual: BF16 residual add column=332"
341,342,"MEM.E.Read","decode FFN residual: residual lhs column=335"
341,342,"MEM.E.Read","decode FFN residual: residual rhs column=335"
341,342,"MEM.E.Read","decode FFN residual: residual lhs column=335"
341,342,"MEM.E.Read","decode FFN residual: residual rhs column=335"
341,342,"MEM.E.Write","decode FFN residual: residual write column=330"
341,342,"MEM.E.Write","decode FFN residual: residual write column=330"
341,342,"VXM.ALU0","decode FFN residual: BF16 residual add column=333"
342,343,"MEM.E.Read","decode FFN residual: residual lhs column=336"
342,343,"MEM.E.Read","decode FFN residual: residual rhs column=336"
342,343,"MEM.E.Read","decode FFN residual: residual lhs column=336"
342,343,"MEM.E.Read","decode FFN residual: residual rhs column=336"
342,343,"MEM.E.Write","decode FFN residual: residual write column=331"
342,343,"MEM.E.Write","decode FFN residual: residual write column=331"
342,343,"VXM.ALU0","decode FFN residual: BF16 residual add column=334"
343,344,"MEM.E.Read","decode FFN residual: residual lhs column=337"
343,344,"MEM.E.Read","decode FFN residual: residual rhs column=337"
343,344,"MEM.E.Read","decode FFN residual: residual lhs column=337"
343,344,"MEM.E.Read","decode FFN residual: residual rhs column=337"
343,344,"MEM.E.Write","decode FFN residual: residual write column=332"
343,344,"MEM.E.Write","decode FFN residual: residual write column=332"
343,344,"VXM.ALU0","decode FFN residual: BF16 residual add column=335"
344,345,"MEM.E.Read","decode FFN residual: residual lhs column=338"
344,345,"MEM.E.Read","decode FFN residual: residual rhs column=338"
344,345,"MEM.E.Read","decode FFN residual: residual lhs column=338"
344,345,"MEM.E.Read","decode FFN residual: residual rhs column=338"
344,345,"MEM.E.Write","decode FFN residual: residual write column=333"
344,345,"MEM.E.Write","decode FFN residual: residual write column=333"
344,345,"VXM.ALU0","decode FFN residual: BF16 residual add column=336"
345,346,"MEM.E.Read","decode FFN residual: residual lhs column=339"
345,346,"MEM.E.Read","decode FFN residual: residual rhs column=339"
345,346,"MEM.E.Read","decode FFN residual: residual lhs column=339"
345,346,"MEM.E.Read","decode FFN residual: residual rhs column=339"
345,346,"MEM.E.Write","decode FFN residual: residual write column=334"
345,346,"MEM.E.Write","decode FFN residual: residual write column=334"
345,346,"VXM.ALU0","decode FFN residual: BF16 residual add column=337"
346,347,"MEM.E.Read","decode FFN residual: residual lhs column=340"
346,347,"MEM.E.Read","decode FFN residual: residual rhs column=340"
346,347,"MEM.E.Read","decode FFN residual: residual lhs column=340"
346,347,"MEM.E.Read","decode FFN residual: residual rhs column=340"
346,347,"MEM.E.Write","decode FFN residual: residual write column=335"
346,347,"MEM.E.Write","decode FFN residual: residual write column=335"
346,347,"VXM.ALU0","decode FFN residual: BF16 residual add column=338"
347,348,"MEM.E.Read","decode FFN residual: residual lhs column=341"
347,348,"MEM.E.Read","decode FFN residual: residual rhs column=341"
347,348,"MEM.E.Read","decode FFN residual: residual lhs column=341"
347,348,"MEM.E.Read","decode FFN residual: residual rhs column=341"
347,348,"MEM.E.Write","decode FFN residual: residual write column=336"
347,348,"MEM.E.Write","decode FFN residual: residual write column=336"
347,348,"VXM.ALU0","decode FFN residual: BF16 residual add column=339"
348,349,"MEM.E.Read","decode FFN residual: residual lhs column=342"
348,349,"MEM.E.Read","decode FFN residual: residual rhs column=342"
348,349,"MEM.E.Read","decode FFN residual: residual lhs column=342"
348,349,"MEM.E.Read","decode FFN residual: residual rhs column=342"
348,349,"MEM.E.Write","decode FFN residual: residual write column=337"
348,349,"MEM.E.Write","decode FFN residual: residual write column=337"
348,349,"VXM.ALU0","decode FFN residual: BF16 residual add column=340"
349,350,"MEM.E.Read","decode FFN residual: residual lhs column=343"
349,350,"MEM.E.Read","decode FFN residual: residual rhs column=343"
349,350,"MEM.E.Read","decode FFN residual: residual lhs column=343"
349,350,"MEM.E.Read","decode FFN residual: residual rhs column=343"
349,350,"MEM.E.Write","decode FFN residual: residual write column=338"
349,350,"MEM.E.Write","decode FFN residual: residual write column=338"
349,350,"VXM.ALU0","decode FFN residual: BF16 residual add column=341"
350,351,"MEM.E.Read","decode FFN residual: residual lhs column=344"
350,351,"MEM.E.Read","decode FFN residual: residual rhs column=344"
350,351,"MEM.E.Read","decode FFN residual: residual lhs column=344"
350,351,"MEM.E.Read","decode FFN residual: residual rhs column=344"
350,351,"MEM.E.Write","decode FFN residual: residual write column=339"
350,351,"MEM.E.Write","decode FFN residual: residual write column=339"
350,351,"VXM.ALU0","decode FFN residual: BF16 residual add column=342"
351,352,"MEM.E.Read","decode FFN residual: residual lhs column=345"
351,352,"MEM.E.Read","decode FFN residual: residual rhs column=345"
351,352,"MEM.E.Read","decode FFN residual: residual lhs column=345"
351,352,"MEM.E.Read","decode FFN residual: residual rhs column=345"
351,352,"MEM.E.Write","decode FFN residual: residual write column=340"
351,352,"MEM.E.Write","decode FFN residual: residual write column=340"
351,352,"VXM.ALU0","decode FFN residual: BF16 residual add column=343"
352,353,"MEM.E.Read","decode FFN residual: residual lhs column=346"
352,353,"MEM.E.Read","decode FFN residual: residual rhs column=346"
352,353,"MEM.E.Read","decode FFN residual: residual lhs column=346"
352,353,"MEM.E.Read","decode FFN residual: residual rhs column=346"
352,353,"MEM.E.Write","decode FFN residual: residual write column=341"
352,353,"MEM.E.Write","decode FFN residual: residual write column=341"
352,353,"VXM.ALU0","decode FFN residual: BF16 residual add column=344"
353,354,"MEM.E.Read","decode FFN residual: residual lhs column=347"
353,354,"MEM.E.Read","decode FFN residual: residual rhs column=347"
353,354,"MEM.E.Read","decode FFN residual: residual lhs column=347"
353,354,"MEM.E.Read","decode FFN residual: residual rhs column=347"
353,354,"MEM.E.Write","decode FFN residual: residual write column=342"
353,354,"MEM.E.Write","decode FFN residual: residual write column=342"
353,354,"VXM.ALU0","decode FFN residual: BF16 residual add column=345"
354,355,"MEM.E.Read","decode FFN residual: residual lhs column=348"
354,355,"MEM.E.Read","decode FFN residual: residual rhs column=348"
354,355,"MEM.E.Read","decode FFN residual: residual lhs column=348"
354,355,"MEM.E.Read","decode FFN residual: residual rhs column=348"
354,355,"MEM.E.Write","decode FFN residual: residual write column=343"
354,355,"MEM.E.Write","decode FFN residual: residual write column=343"
354,355,"VXM.ALU0","decode FFN residual: BF16 residual add column=346"
355,356,"MEM.E.Read","decode FFN residual: residual lhs column=349"
355,356,"MEM.E.Read","decode FFN residual: residual rhs column=349"
355,356,"MEM.E.Read","decode FFN residual: residual lhs column=349"
355,356,"MEM.E.Read","decode FFN residual: residual rhs column=349"
355,356,"MEM.E.Write","decode FFN residual: residual write column=344"
355,356,"MEM.E.Write","decode FFN residual: residual write column=344"
355,356,"VXM.ALU0","decode FFN residual: BF16 residual add column=347"
356,357,"MEM.E.Read","decode FFN residual: residual lhs column=350"
356,357,"MEM.E.Read","decode FFN residual: residual rhs column=350"
356,357,"MEM.E.Read","decode FFN residual: residual lhs column=350"
356,357,"MEM.E.Read","decode FFN residual: residual rhs column=350"
356,357,"MEM.E.Write","decode FFN residual: residual write column=345"
356,357,"MEM.E.Write","decode FFN residual: residual write column=345"
356,357,"VXM.ALU0","decode FFN residual: BF16 residual add column=348"
357,358,"MEM.E.Read","decode FFN residual: residual lhs column=351"
357,358,"MEM.E.Read","decode FFN residual: residual rhs column=351"
357,358,"MEM.E.Read","decode FFN residual: residual lhs column=351"
357,358,"MEM.E.Read","decode FFN residual: residual rhs column=351"
357,358,"MEM.E.Write","decode FFN residual: residual write column=346"
357,358,"MEM.E.Write","decode FFN residual: residual write column=346"
357,358,"VXM.ALU0","decode FFN residual: BF16 residual add column=349"
358,359,"MEM.E.Read","decode FFN residual: residual lhs column=352"
358,359,"MEM.E.Read","decode FFN residual: residual rhs column=352"
358,359,"MEM.E.Read","decode FFN residual: residual lhs column=352"
358,359,"MEM.E.Read","decode FFN residual: residual rhs column=352"
358,359,"MEM.E.Write","decode FFN residual: residual write column=347"
358,359,"MEM.E.Write","decode FFN residual: residual write column=347"
358,359,"VXM.ALU0","decode FFN residual: BF16 residual add column=350"
359,360,"MEM.E.Read","decode FFN residual: residual lhs column=353"
359,360,"MEM.E.Read","decode FFN residual: residual rhs column=353"
359,360,"MEM.E.Read","decode FFN residual: residual lhs column=353"
359,360,"MEM.E.Read","decode FFN residual: residual rhs column=353"
359,360,"MEM.E.Write","decode FFN residual: residual write column=348"
359,360,"MEM.E.Write","decode FFN residual: residual write column=348"
359,360,"VXM.ALU0","decode FFN residual: BF16 residual add column=351"
360,361,"MEM.E.Read","decode FFN residual: residual lhs column=354"
360,361,"MEM.E.Read","decode FFN residual: residual rhs column=354"
360,361,"MEM.E.Read","decode FFN residual: residual lhs column=354"
360,361,"MEM.E.Read","decode FFN residual: residual rhs column=354"
360,361,"MEM.E.Write","decode FFN residual: residual write column=349"
360,361,"MEM.E.Write","decode FFN residual: residual write column=349"
360,361,"VXM.ALU0","decode FFN residual: BF16 residual add column=352"
361,362,"MEM.E.Read","decode FFN residual: residual lhs column=355"
361,362,"MEM.E.Read","decode FFN residual: residual rhs column=355"
361,362,"MEM.E.Read","decode FFN residual: residual lhs column=355"
361,362,"MEM.E.Read","decode FFN residual: residual rhs column=355"
361,362,"MEM.E.Write","decode FFN residual: residual write column=350"
361,362,"MEM.E.Write","decode FFN residual: residual write column=350"
361,362,"VXM.ALU0","decode FFN residual: BF16 residual add column=353"
362,363,"MEM.E.Read","decode FFN residual: residual lhs column=356"
362,363,"MEM.E.Read","decode FFN residual: residual rhs column=356"
362,363,"MEM.E.Read","decode FFN residual: residual lhs column=356"
362,363,"MEM.E.Read","decode FFN residual: residual rhs column=356"
362,363,"MEM.E.Write","decode FFN residual: residual write column=351"
362,363,"MEM.E.Write","decode FFN residual: residual write column=351"
362,363,"VXM.ALU0","decode FFN residual: BF16 residual add column=354"
363,364,"MEM.E.Read","decode FFN residual: residual lhs column=357"
363,364,"MEM.E.Read","decode FFN residual: residual rhs column=357"
363,364,"MEM.E.Read","decode FFN residual: residual lhs column=357"
363,364,"MEM.E.Read","decode FFN residual: residual rhs column=357"
363,364,"MEM.E.Write","decode FFN residual: residual write column=352"
363,364,"MEM.E.Write","decode FFN residual: residual write column=352"
363,364,"VXM.ALU0","decode FFN residual: BF16 residual add column=355"
364,365,"MEM.E.Read","decode FFN residual: residual lhs column=358"
364,365,"MEM.E.Read","decode FFN residual: residual rhs column=358"
364,365,"MEM.E.Read","decode FFN residual: residual lhs column=358"
364,365,"MEM.E.Read","decode FFN residual: residual rhs column=358"
364,365,"MEM.E.Write","decode FFN residual: residual write column=353"
364,365,"MEM.E.Write","decode FFN residual: residual write column=353"
364,365,"VXM.ALU0","decode FFN residual: BF16 residual add column=356"
365,366,"MEM.E.Read","decode FFN residual: residual lhs column=359"
365,366,"MEM.E.Read","decode FFN residual: residual rhs column=359"
365,366,"MEM.E.Read","decode FFN residual: residual lhs column=359"
365,366,"MEM.E.Read","decode FFN residual: residual rhs column=359"
365,366,"MEM.E.Write","decode FFN residual: residual write column=354"
365,366,"MEM.E.Write","decode FFN residual: residual write column=354"
365,366,"VXM.ALU0","decode FFN residual: BF16 residual add column=357"
366,367,"MEM.E.Read","decode FFN residual: residual lhs column=360"
366,367,"MEM.E.Read","decode FFN residual: residual rhs column=360"
366,367,"MEM.E.Read","decode FFN residual: residual lhs column=360"
366,367,"MEM.E.Read","decode FFN residual: residual rhs column=360"
366,367,"MEM.E.Write","decode FFN residual: residual write column=355"
366,367,"MEM.E.Write","decode FFN residual: residual write column=355"
366,367,"VXM.ALU0","decode FFN residual: BF16 residual add column=358"
367,368,"MEM.E.Read","decode FFN residual: residual lhs column=361"
367,368,"MEM.E.Read","decode FFN residual: residual rhs column=361"
367,368,"MEM.E.Read","decode FFN residual: residual lhs column=361"
367,368,"MEM.E.Read","decode FFN residual: residual rhs column=361"
367,368,"MEM.E.Write","decode FFN residual: residual write column=356"
367,368,"MEM.E.Write","decode FFN residual: residual write column=356"
367,368,"VXM.ALU0","decode FFN residual: BF16 residual add column=359"
368,369,"MEM.E.Read","decode FFN residual: residual lhs column=362"
368,369,"MEM.E.Read","decode FFN residual: residual rhs column=362"
368,369,"MEM.E.Read","decode FFN residual: residual lhs column=362"
368,369,"MEM.E.Read","decode FFN residual: residual rhs column=362"
368,369,"MEM.E.Write","decode FFN residual: residual write column=357"
368,369,"MEM.E.Write","decode FFN residual: residual write column=357"
368,369,"VXM.ALU0","decode FFN residual: BF16 residual add column=360"
369,370,"MEM.E.Read","decode FFN residual: residual lhs column=363"
369,370,"MEM.E.Read","decode FFN residual: residual rhs column=363"
369,370,"MEM.E.Read","decode FFN residual: residual lhs column=363"
369,370,"MEM.E.Read","decode FFN residual: residual rhs column=363"
369,370,"MEM.E.Write","decode FFN residual: residual write column=358"
369,370,"MEM.E.Write","decode FFN residual: residual write column=358"
369,370,"VXM.ALU0","decode FFN residual: BF16 residual add column=361"
370,371,"MEM.E.Read","decode FFN residual: residual lhs column=364"
370,371,"MEM.E.Read","decode FFN residual: residual rhs column=364"
370,371,"MEM.E.Read","decode FFN residual: residual lhs column=364"
370,371,"MEM.E.Read","decode FFN residual: residual rhs column=364"
370,371,"MEM.E.Write","decode FFN residual: residual write column=359"
370,371,"MEM.E.Write","decode FFN residual: residual write column=359"
370,371,"VXM.ALU0","decode FFN residual: BF16 residual add column=362"
371,372,"MEM.E.Read","decode FFN residual: residual lhs column=365"
371,372,"MEM.E.Read","decode FFN residual: residual rhs column=365"
371,372,"MEM.E.Read","decode FFN residual: residual lhs column=365"
371,372,"MEM.E.Read","decode FFN residual: residual rhs column=365"
371,372,"MEM.E.Write","decode FFN residual: residual write column=360"
371,372,"MEM.E.Write","decode FFN residual: residual write column=360"
371,372,"VXM.ALU0","decode FFN residual: BF16 residual add column=363"
372,373,"MEM.E.Read","decode FFN residual: residual lhs column=366"
372,373,"MEM.E.Read","decode FFN residual: residual rhs column=366"
372,373,"MEM.E.Read","decode FFN residual: residual lhs column=366"
372,373,"MEM.E.Read","decode FFN residual: residual rhs column=366"
372,373,"MEM.E.Write","decode FFN residual: residual write column=361"
372,373,"MEM.E.Write","decode FFN residual: residual write column=361"
372,373,"VXM.ALU0","decode FFN residual: BF16 residual add column=364"
373,374,"MEM.E.Read","decode FFN residual: residual lhs column=367"
373,374,"MEM.E.Read","decode FFN residual: residual rhs column=367"
373,374,"MEM.E.Read","decode FFN residual: residual lhs column=367"
373,374,"MEM.E.Read","decode FFN residual: residual rhs column=367"
373,374,"MEM.E.Write","decode FFN residual: residual write column=362"
373,374,"MEM.E.Write","decode FFN residual: residual write column=362"
373,374,"VXM.ALU0","decode FFN residual: BF16 residual add column=365"
374,375,"MEM.E.Read","decode FFN residual: residual lhs column=368"
374,375,"MEM.E.Read","decode FFN residual: residual rhs column=368"
374,375,"MEM.E.Read","decode FFN residual: residual lhs column=368"
374,375,"MEM.E.Read","decode FFN residual: residual rhs column=368"
374,375,"MEM.E.Write","decode FFN residual: residual write column=363"
374,375,"MEM.E.Write","decode FFN residual: residual write column=363"
374,375,"VXM.ALU0","decode FFN residual: BF16 residual add column=366"
375,376,"MEM.E.Read","decode FFN residual: residual lhs column=369"
375,376,"MEM.E.Read","decode FFN residual: residual rhs column=369"
375,376,"MEM.E.Read","decode FFN residual: residual lhs column=369"
375,376,"MEM.E.Read","decode FFN residual: residual rhs column=369"
375,376,"MEM.E.Write","decode FFN residual: residual write column=364"
375,376,"MEM.E.Write","decode FFN residual: residual write column=364"
375,376,"VXM.ALU0","decode FFN residual: BF16 residual add column=367"
376,377,"MEM.E.Read","decode FFN residual: residual lhs column=370"
376,377,"MEM.E.Read","decode FFN residual: residual rhs column=370"
376,377,"MEM.E.Read","decode FFN residual: residual lhs column=370"
376,377,"MEM.E.Read","decode FFN residual: residual rhs column=370"
376,377,"MEM.E.Write","decode FFN residual: residual write column=365"
376,377,"MEM.E.Write","decode FFN residual: residual write column=365"
376,377,"VXM.ALU0","decode FFN residual: BF16 residual add column=368"
377,378,"MEM.E.Read","decode FFN residual: residual lhs column=371"
377,378,"MEM.E.Read","decode FFN residual: residual rhs column=371"
377,378,"MEM.E.Read","decode FFN residual: residual lhs column=371"
377,378,"MEM.E.Read","decode FFN residual: residual rhs column=371"
377,378,"MEM.E.Write","decode FFN residual: residual write column=366"
377,378,"MEM.E.Write","decode FFN residual: residual write column=366"
377,378,"VXM.ALU0","decode FFN residual: BF16 residual add column=369"
378,379,"MEM.E.Read","decode FFN residual: residual lhs column=372"
378,379,"MEM.E.Read","decode FFN residual: residual rhs column=372"
378,379,"MEM.E.Read","decode FFN residual: residual lhs column=372"
378,379,"MEM.E.Read","decode FFN residual: residual rhs column=372"
378,379,"MEM.E.Write","decode FFN residual: residual write column=367"
378,379,"MEM.E.Write","decode FFN residual: residual write column=367"
378,379,"VXM.ALU0","decode FFN residual: BF16 residual add column=370"
379,380,"MEM.E.Read","decode FFN residual: residual lhs column=373"
379,380,"MEM.E.Read","decode FFN residual: residual rhs column=373"
379,380,"MEM.E.Read","decode FFN residual: residual lhs column=373"
379,380,"MEM.E.Read","decode FFN residual: residual rhs column=373"
379,380,"MEM.E.Write","decode FFN residual: residual write column=368"
379,380,"MEM.E.Write","decode FFN residual: residual write column=368"
379,380,"VXM.ALU0","decode FFN residual: BF16 residual add column=371"
380,381,"MEM.E.Read","decode FFN residual: residual lhs column=374"
380,381,"MEM.E.Read","decode FFN residual: residual rhs column=374"
380,381,"MEM.E.Read","decode FFN residual: residual lhs column=374"
380,381,"MEM.E.Read","decode FFN residual: residual rhs column=374"
380,381,"MEM.E.Write","decode FFN residual: residual write column=369"
380,381,"MEM.E.Write","decode FFN residual: residual write column=369"
380,381,"VXM.ALU0","decode FFN residual: BF16 residual add column=372"
381,382,"MEM.E.Read","decode FFN residual: residual lhs column=375"
381,382,"MEM.E.Read","decode FFN residual: residual rhs column=375"
381,382,"MEM.E.Read","decode FFN residual: residual lhs column=375"
381,382,"MEM.E.Read","decode FFN residual: residual rhs column=375"
381,382,"MEM.E.Write","decode FFN residual: residual write column=370"
381,382,"MEM.E.Write","decode FFN residual: residual write column=370"
381,382,"VXM.ALU0","decode FFN residual: BF16 residual add column=373"
382,383,"MEM.E.Read","decode FFN residual: residual lhs column=376"
382,383,"MEM.E.Read","decode FFN residual: residual rhs column=376"
382,383,"MEM.E.Read","decode FFN residual: residual lhs column=376"
382,383,"MEM.E.Read","decode FFN residual: residual rhs column=376"
382,383,"MEM.E.Write","decode FFN residual: residual write column=371"
382,383,"MEM.E.Write","decode FFN residual: residual write column=371"
382,383,"VXM.ALU0","decode FFN residual: BF16 residual add column=374"
383,384,"MEM.E.Read","decode FFN residual: residual lhs column=377"
383,384,"MEM.E.Read","decode FFN residual: residual rhs column=377"
383,384,"MEM.E.Read","decode FFN residual: residual lhs column=377"
383,384,"MEM.E.Read","decode FFN residual: residual rhs column=377"
383,384,"MEM.E.Write","decode FFN residual: residual write column=372"
383,384,"MEM.E.Write","decode FFN residual: residual write column=372"
383,384,"VXM.ALU0","decode FFN residual: BF16 residual add column=375"
384,385,"MEM.E.Read","decode FFN residual: residual lhs column=378"
384,385,"MEM.E.Read","decode FFN residual: residual rhs column=378"
384,385,"MEM.E.Read","decode FFN residual: residual lhs column=378"
384,385,"MEM.E.Read","decode FFN residual: residual rhs column=378"
384,385,"MEM.E.Write","decode FFN residual: residual write column=373"
384,385,"MEM.E.Write","decode FFN residual: residual write column=373"
384,385,"VXM.ALU0","decode FFN residual: BF16 residual add column=376"
385,386,"MEM.E.Read","decode FFN residual: residual lhs column=379"
385,386,"MEM.E.Read","decode FFN residual: residual rhs column=379"
385,386,"MEM.E.Read","decode FFN residual: residual lhs column=379"
385,386,"MEM.E.Read","decode FFN residual: residual rhs column=379"
385,386,"MEM.E.Write","decode FFN residual: residual write column=374"
385,386,"MEM.E.Write","decode FFN residual: residual write column=374"
385,386,"VXM.ALU0","decode FFN residual: BF16 residual add column=377"
386,387,"MEM.E.Read","decode FFN residual: residual lhs column=380"
386,387,"MEM.E.Read","decode FFN residual: residual rhs column=380"
386,387,"MEM.E.Read","decode FFN residual: residual lhs column=380"
386,387,"MEM.E.Read","decode FFN residual: residual rhs column=380"
386,387,"MEM.E.Write","decode FFN residual: residual write column=375"
386,387,"MEM.E.Write","decode FFN residual: residual write column=375"
386,387,"VXM.ALU0","decode FFN residual: BF16 residual add column=378"
387,388,"MEM.E.Read","decode FFN residual: residual lhs column=381"
387,388,"MEM.E.Read","decode FFN residual: residual rhs column=381"
387,388,"MEM.E.Read","decode FFN residual: residual lhs column=381"
387,388,"MEM.E.Read","decode FFN residual: residual rhs column=381"
387,388,"MEM.E.Write","decode FFN residual: residual write column=376"
387,388,"MEM.E.Write","decode FFN residual: residual write column=376"
387,388,"VXM.ALU0","decode FFN residual: BF16 residual add column=379"
388,389,"MEM.E.Read","decode FFN residual: residual lhs column=382"
388,389,"MEM.E.Read","decode FFN residual: residual rhs column=382"
388,389,"MEM.E.Read","decode FFN residual: residual lhs column=382"
388,389,"MEM.E.Read","decode FFN residual: residual rhs column=382"
388,389,"MEM.E.Write","decode FFN residual: residual write column=377"
388,389,"MEM.E.Write","decode FFN residual: residual write column=377"
388,389,"VXM.ALU0","decode FFN residual: BF16 residual add column=380"
389,390,"MEM.E.Read","decode FFN residual: residual lhs column=383"
389,390,"MEM.E.Read","decode FFN residual: residual rhs column=383"
389,390,"MEM.E.Read","decode FFN residual: residual lhs column=383"
389,390,"MEM.E.Read","decode FFN residual: residual rhs column=383"
389,390,"MEM.E.Write","decode FFN residual: residual write column=378"
389,390,"MEM.E.Write","decode FFN residual: residual write column=378"
389,390,"VXM.ALU0","decode FFN residual: BF16 residual add column=381"
390,391,"MEM.E.Read","decode FFN residual: residual lhs column=384"
390,391,"MEM.E.Read","decode FFN residual: residual rhs column=384"
390,391,"MEM.E.Read","decode FFN residual: residual lhs column=384"
390,391,"MEM.E.Read","decode FFN residual: residual rhs column=384"
390,391,"MEM.E.Write","decode FFN residual: residual write column=379"
390,391,"MEM.E.Write","decode FFN residual: residual write column=379"
390,391,"VXM.ALU0","decode FFN residual: BF16 residual add column=382"
391,392,"MEM.E.Read","decode FFN residual: residual lhs column=385"
391,392,"MEM.E.Read","decode FFN residual: residual rhs column=385"
391,392,"MEM.E.Read","decode FFN residual: residual lhs column=385"
391,392,"MEM.E.Read","decode FFN residual: residual rhs column=385"
391,392,"MEM.E.Write","decode FFN residual: residual write column=380"
391,392,"MEM.E.Write","decode FFN residual: residual write column=380"
391,392,"VXM.ALU0","decode FFN residual: BF16 residual add column=383"
392,393,"MEM.E.Read","decode FFN residual: residual lhs column=386"
392,393,"MEM.E.Read","decode FFN residual: residual rhs column=386"
392,393,"MEM.E.Read","decode FFN residual: residual lhs column=386"
392,393,"MEM.E.Read","decode FFN residual: residual rhs column=386"
392,393,"MEM.E.Write","decode FFN residual: residual write column=381"
392,393,"MEM.E.Write","decode FFN residual: residual write column=381"
392,393,"VXM.ALU0","decode FFN residual: BF16 residual add column=384"
393,394,"MEM.E.Read","decode FFN residual: residual lhs column=387"
393,394,"MEM.E.Read","decode FFN residual: residual rhs column=387"
393,394,"MEM.E.Read","decode FFN residual: residual lhs column=387"
393,394,"MEM.E.Read","decode FFN residual: residual rhs column=387"
393,394,"MEM.E.Write","decode FFN residual: residual write column=382"
393,394,"MEM.E.Write","decode FFN residual: residual write column=382"
393,394,"VXM.ALU0","decode FFN residual: BF16 residual add column=385"
394,395,"MEM.E.Read","decode FFN residual: residual lhs column=388"
394,395,"MEM.E.Read","decode FFN residual: residual rhs column=388"
394,395,"MEM.E.Read","decode FFN residual: residual lhs column=388"
394,395,"MEM.E.Read","decode FFN residual: residual rhs column=388"
394,395,"MEM.E.Write","decode FFN residual: residual write column=383"
394,395,"MEM.E.Write","decode FFN residual: residual write column=383"
394,395,"VXM.ALU0","decode FFN residual: BF16 residual add column=386"
395,396,"MEM.E.Read","decode FFN residual: residual lhs column=389"
395,396,"MEM.E.Read","decode FFN residual: residual rhs column=389"
395,396,"MEM.E.Read","decode FFN residual: residual lhs column=389"
395,396,"MEM.E.Read","decode FFN residual: residual rhs column=389"
395,396,"MEM.E.Write","decode FFN residual: residual write column=384"
395,396,"MEM.E.Write","decode FFN residual: residual write column=384"
395,396,"VXM.ALU0","decode FFN residual: BF16 residual add column=387"
396,397,"MEM.E.Read","decode FFN residual: residual lhs column=390"
396,397,"MEM.E.Read","decode FFN residual: residual rhs column=390"
396,397,"MEM.E.Read","decode FFN residual: residual lhs column=390"
396,397,"MEM.E.Read","decode FFN residual: residual rhs column=390"
396,397,"MEM.E.Write","decode FFN residual: residual write column=385"
396,397,"MEM.E.Write","decode FFN residual: residual write column=385"
396,397,"VXM.ALU0","decode FFN residual: BF16 residual add column=388"
397,398,"MEM.E.Read","decode FFN residual: residual lhs column=391"
397,398,"MEM.E.Read","decode FFN residual: residual rhs column=391"
397,398,"MEM.E.Read","decode FFN residual: residual lhs column=391"
397,398,"MEM.E.Read","decode FFN residual: residual rhs column=391"
397,398,"MEM.E.Write","decode FFN residual: residual write column=386"
397,398,"MEM.E.Write","decode FFN residual: residual write column=386"
397,398,"VXM.ALU0","decode FFN residual: BF16 residual add column=389"
398,399,"MEM.E.Read","decode FFN residual: residual lhs column=392"
398,399,"MEM.E.Read","decode FFN residual: residual rhs column=392"
398,399,"MEM.E.Read","decode FFN residual: residual lhs column=392"
398,399,"MEM.E.Read","decode FFN residual: residual rhs column=392"
398,399,"MEM.E.Write","decode FFN residual: residual write column=387"
398,399,"MEM.E.Write","decode FFN residual: residual write column=387"
398,399,"VXM.ALU0","decode FFN residual: BF16 residual add column=390"
399,400,"MEM.E.Read","decode FFN residual: residual lhs column=393"
399,400,"MEM.E.Read","decode FFN residual: residual rhs column=393"
399,400,"MEM.E.Read","decode FFN residual: residual lhs column=393"
399,400,"MEM.E.Read","decode FFN residual: residual rhs column=393"
399,400,"MEM.E.Write","decode FFN residual: residual write column=388"
399,400,"MEM.E.Write","decode FFN residual: residual write column=388"
399,400,"VXM.ALU0","decode FFN residual: BF16 residual add column=391"
400,401,"MEM.E.Read","decode FFN residual: residual lhs column=394"
400,401,"MEM.E.Read","decode FFN residual: residual rhs column=394"
400,401,"MEM.E.Read","decode FFN residual: residual lhs column=394"
400,401,"MEM.E.Read","decode FFN residual: residual rhs column=394"
400,401,"MEM.E.Write","decode FFN residual: residual write column=389"
400,401,"MEM.E.Write","decode FFN residual: residual write column=389"
400,401,"VXM.ALU0","decode FFN residual: BF16 residual add column=392"
401,402,"MEM.E.Read","decode FFN residual: residual lhs column=395"
401,402,"MEM.E.Read","decode FFN residual: residual rhs column=395"
401,402,"MEM.E.Read","decode FFN residual: residual lhs column=395"
401,402,"MEM.E.Read","decode FFN residual: residual rhs column=395"
401,402,"MEM.E.Write","decode FFN residual: residual write column=390"
401,402,"MEM.E.Write","decode FFN residual: residual write column=390"
401,402,"VXM.ALU0","decode FFN residual: BF16 residual add column=393"
402,403,"MEM.E.Read","decode FFN residual: residual lhs column=396"
402,403,"MEM.E.Read","decode FFN residual: residual rhs column=396"
402,403,"MEM.E.Read","decode FFN residual: residual lhs column=396"
402,403,"MEM.E.Read","decode FFN residual: residual rhs column=396"
402,403,"MEM.E.Write","decode FFN residual: residual write column=391"
402,403,"MEM.E.Write","decode FFN residual: residual write column=391"
402,403,"VXM.ALU0","decode FFN residual: BF16 residual add column=394"
403,404,"MEM.E.Read","decode FFN residual: residual lhs column=397"
403,404,"MEM.E.Read","decode FFN residual: residual rhs column=397"
403,404,"MEM.E.Read","decode FFN residual: residual lhs column=397"
403,404,"MEM.E.Read","decode FFN residual: residual rhs column=397"
403,404,"MEM.E.Write","decode FFN residual: residual write column=392"
403,404,"MEM.E.Write","decode FFN residual: residual write column=392"
403,404,"VXM.ALU0","decode FFN residual: BF16 residual add column=395"
404,405,"MEM.E.Read","decode FFN residual: residual lhs column=398"
404,405,"MEM.E.Read","decode FFN residual: residual rhs column=398"
404,405,"MEM.E.Read","decode FFN residual: residual lhs column=398"
404,405,"MEM.E.Read","decode FFN residual: residual rhs column=398"
404,405,"MEM.E.Write","decode FFN residual: residual write column=393"
404,405,"MEM.E.Write","decode FFN residual: residual write column=393"
404,405,"VXM.ALU0","decode FFN residual: BF16 residual add column=396"
405,406,"MEM.E.Read","decode FFN residual: residual lhs column=399"
405,406,"MEM.E.Read","decode FFN residual: residual rhs column=399"
405,406,"MEM.E.Read","decode FFN residual: residual lhs column=399"
405,406,"MEM.E.Read","decode FFN residual: residual rhs column=399"
405,406,"MEM.E.Write","decode FFN residual: residual write column=394"
405,406,"MEM.E.Write","decode FFN residual: residual write column=394"
405,406,"VXM.ALU0","decode FFN residual: BF16 residual add column=397"
406,407,"MEM.E.Read","decode FFN residual: residual lhs column=400"
406,407,"MEM.E.Read","decode FFN residual: residual rhs column=400"
406,407,"MEM.E.Read","decode FFN residual: residual lhs column=400"
406,407,"MEM.E.Read","decode FFN residual: residual rhs column=400"
406,407,"MEM.E.Write","decode FFN residual: residual write column=395"
406,407,"MEM.E.Write","decode FFN residual: residual write column=395"
406,407,"VXM.ALU0","decode FFN residual: BF16 residual add column=398"
407,408,"MEM.E.Read","decode FFN residual: residual lhs column=401"
407,408,"MEM.E.Read","decode FFN residual: residual rhs column=401"
407,408,"MEM.E.Read","decode FFN residual: residual lhs column=401"
407,408,"MEM.E.Read","decode FFN residual: residual rhs column=401"
407,408,"MEM.E.Write","decode FFN residual: residual write column=396"
407,408,"MEM.E.Write","decode FFN residual: residual write column=396"
407,408,"VXM.ALU0","decode FFN residual: BF16 residual add column=399"
408,409,"MEM.E.Read","decode FFN residual: residual lhs column=402"
408,409,"MEM.E.Read","decode FFN residual: residual rhs column=402"
408,409,"MEM.E.Read","decode FFN residual: residual lhs column=402"
408,409,"MEM.E.Read","decode FFN residual: residual rhs column=402"
408,409,"MEM.E.Write","decode FFN residual: residual write column=397"
408,409,"MEM.E.Write","decode FFN residual: residual write column=397"
408,409,"VXM.ALU0","decode FFN residual: BF16 residual add column=400"
409,410,"MEM.E.Read","decode FFN residual: residual lhs column=403"
409,410,"MEM.E.Read","decode FFN residual: residual rhs column=403"
409,410,"MEM.E.Read","decode FFN residual: residual lhs column=403"
409,410,"MEM.E.Read","decode FFN residual: residual rhs column=403"
409,410,"MEM.E.Write","decode FFN residual: residual write column=398"
409,410,"MEM.E.Write","decode FFN residual: residual write column=398"
409,410,"VXM.ALU0","decode FFN residual: BF16 residual add column=401"
410,411,"MEM.E.Read","decode FFN residual: residual lhs column=404"
410,411,"MEM.E.Read","decode FFN residual: residual rhs column=404"
410,411,"MEM.E.Read","decode FFN residual: residual lhs column=404"
410,411,"MEM.E.Read","decode FFN residual: residual rhs column=404"
410,411,"MEM.E.Write","decode FFN residual: residual write column=399"
410,411,"MEM.E.Write","decode FFN residual: residual write column=399"
410,411,"VXM.ALU0","decode FFN residual: BF16 residual add column=402"
411,412,"MEM.E.Read","decode FFN residual: residual lhs column=405"
411,412,"MEM.E.Read","decode FFN residual: residual rhs column=405"
411,412,"MEM.E.Read","decode FFN residual: residual lhs column=405"
411,412,"MEM.E.Read","decode FFN residual: residual rhs column=405"
411,412,"MEM.E.Write","decode FFN residual: residual write column=400"
411,412,"MEM.E.Write","decode FFN residual: residual write column=400"
411,412,"VXM.ALU0","decode FFN residual: BF16 residual add column=403"
412,413,"MEM.E.Read","decode FFN residual: residual lhs column=406"
412,413,"MEM.E.Read","decode FFN residual: residual rhs column=406"
412,413,"MEM.E.Read","decode FFN residual: residual lhs column=406"
412,413,"MEM.E.Read","decode FFN residual: residual rhs column=406"
412,413,"MEM.E.Write","decode FFN residual: residual write column=401"
412,413,"MEM.E.Write","decode FFN residual: residual write column=401"
412,413,"VXM.ALU0","decode FFN residual: BF16 residual add column=404"
413,414,"MEM.E.Read","decode FFN residual: residual lhs column=407"
413,414,"MEM.E.Read","decode FFN residual: residual rhs column=407"
413,414,"MEM.E.Read","decode FFN residual: residual lhs column=407"
413,414,"MEM.E.Read","decode FFN residual: residual rhs column=407"
413,414,"MEM.E.Write","decode FFN residual: residual write column=402"
413,414,"MEM.E.Write","decode FFN residual: residual write column=402"
413,414,"VXM.ALU0","decode FFN residual: BF16 residual add column=405"
414,415,"MEM.E.Read","decode FFN residual: residual lhs column=408"
414,415,"MEM.E.Read","decode FFN residual: residual rhs column=408"
414,415,"MEM.E.Read","decode FFN residual: residual lhs column=408"
414,415,"MEM.E.Read","decode FFN residual: residual rhs column=408"
414,415,"MEM.E.Write","decode FFN residual: residual write column=403"
414,415,"MEM.E.Write","decode FFN residual: residual write column=403"
414,415,"VXM.ALU0","decode FFN residual: BF16 residual add column=406"
415,416,"MEM.E.Read","decode FFN residual: residual lhs column=409"
415,416,"MEM.E.Read","decode FFN residual: residual rhs column=409"
415,416,"MEM.E.Read","decode FFN residual: residual lhs column=409"
415,416,"MEM.E.Read","decode FFN residual: residual rhs column=409"
415,416,"MEM.E.Write","decode FFN residual: residual write column=404"
415,416,"MEM.E.Write","decode FFN residual: residual write column=404"
415,416,"VXM.ALU0","decode FFN residual: BF16 residual add column=407"
416,417,"MEM.E.Read","decode FFN residual: residual lhs column=410"
416,417,"MEM.E.Read","decode FFN residual: residual rhs column=410"
416,417,"MEM.E.Read","decode FFN residual: residual lhs column=410"
416,417,"MEM.E.Read","decode FFN residual: residual rhs column=410"
416,417,"MEM.E.Write","decode FFN residual: residual write column=405"
416,417,"MEM.E.Write","decode FFN residual: residual write column=405"
416,417,"VXM.ALU0","decode FFN residual: BF16 residual add column=408"
417,418,"MEM.E.Read","decode FFN residual: residual lhs column=411"
417,418,"MEM.E.Read","decode FFN residual: residual rhs column=411"
417,418,"MEM.E.Read","decode FFN residual: residual lhs column=411"
417,418,"MEM.E.Read","decode FFN residual: residual rhs column=411"
417,418,"MEM.E.Write","decode FFN residual: residual write column=406"
417,418,"MEM.E.Write","decode FFN residual: residual write column=406"
417,418,"VXM.ALU0","decode FFN residual: BF16 residual add column=409"
418,419,"MEM.E.Read","decode FFN residual: residual lhs column=412"
418,419,"MEM.E.Read","decode FFN residual: residual rhs column=412"
418,419,"MEM.E.Read","decode FFN residual: residual lhs column=412"
418,419,"MEM.E.Read","decode FFN residual: residual rhs column=412"
418,419,"MEM.E.Write","decode FFN residual: residual write column=407"
418,419,"MEM.E.Write","decode FFN residual: residual write column=407"
418,419,"VXM.ALU0","decode FFN residual: BF16 residual add column=410"
419,420,"MEM.E.Read","decode FFN residual: residual lhs column=413"
419,420,"MEM.E.Read","decode FFN residual: residual rhs column=413"
419,420,"MEM.E.Read","decode FFN residual: residual lhs column=413"
419,420,"MEM.E.Read","decode FFN residual: residual rhs column=413"
419,420,"MEM.E.Write","decode FFN residual: residual write column=408"
419,420,"MEM.E.Write","decode FFN residual: residual write column=408"
419,420,"VXM.ALU0","decode FFN residual: BF16 residual add column=411"
420,421,"MEM.E.Read","decode FFN residual: residual lhs column=414"
420,421,"MEM.E.Read","decode FFN residual: residual rhs column=414"
420,421,"MEM.E.Read","decode FFN residual: residual lhs column=414"
420,421,"MEM.E.Read","decode FFN residual: residual rhs column=414"
420,421,"MEM.E.Write","decode FFN residual: residual write column=409"
420,421,"MEM.E.Write","decode FFN residual: residual write column=409"
420,421,"VXM.ALU0","decode FFN residual: BF16 residual add column=412"
421,422,"MEM.E.Read","decode FFN residual: residual lhs column=415"
421,422,"MEM.E.Read","decode FFN residual: residual rhs column=415"
421,422,"MEM.E.Read","decode FFN residual: residual lhs column=415"
421,422,"MEM.E.Read","decode FFN residual: residual rhs column=415"
421,422,"MEM.E.Write","decode FFN residual: residual write column=410"
421,422,"MEM.E.Write","decode FFN residual: residual write column=410"
421,422,"VXM.ALU0","decode FFN residual: BF16 residual add column=413"
422,423,"MEM.E.Read","decode FFN residual: residual lhs column=416"
422,423,"MEM.E.Read","decode FFN residual: residual rhs column=416"
422,423,"MEM.E.Read","decode FFN residual: residual lhs column=416"
422,423,"MEM.E.Read","decode FFN residual: residual rhs column=416"
422,423,"MEM.E.Write","decode FFN residual: residual write column=411"
422,423,"MEM.E.Write","decode FFN residual: residual write column=411"
422,423,"VXM.ALU0","decode FFN residual: BF16 residual add column=414"
423,424,"MEM.E.Read","decode FFN residual: residual lhs column=417"
423,424,"MEM.E.Read","decode FFN residual: residual rhs column=417"
423,424,"MEM.E.Read","decode FFN residual: residual lhs column=417"
423,424,"MEM.E.Read","decode FFN residual: residual rhs column=417"
423,424,"MEM.E.Write","decode FFN residual: residual write column=412"
423,424,"MEM.E.Write","decode FFN residual: residual write column=412"
423,424,"VXM.ALU0","decode FFN residual: BF16 residual add column=415"
424,425,"MEM.E.Read","decode FFN residual: residual lhs column=418"
424,425,"MEM.E.Read","decode FFN residual: residual rhs column=418"
424,425,"MEM.E.Read","decode FFN residual: residual lhs column=418"
424,425,"MEM.E.Read","decode FFN residual: residual rhs column=418"
424,425,"MEM.E.Write","decode FFN residual: residual write column=413"
424,425,"MEM.E.Write","decode FFN residual: residual write column=413"
424,425,"VXM.ALU0","decode FFN residual: BF16 residual add column=416"
425,426,"MEM.E.Read","decode FFN residual: residual lhs column=419"
425,426,"MEM.E.Read","decode FFN residual: residual rhs column=419"
425,426,"MEM.E.Read","decode FFN residual: residual lhs column=419"
425,426,"MEM.E.Read","decode FFN residual: residual rhs column=419"
425,426,"MEM.E.Write","decode FFN residual: residual write column=414"
425,426,"MEM.E.Write","decode FFN residual: residual write column=414"
425,426,"VXM.ALU0","decode FFN residual: BF16 residual add column=417"
426,427,"MEM.E.Read","decode FFN residual: residual lhs column=420"
426,427,"MEM.E.Read","decode FFN residual: residual rhs column=420"
426,427,"MEM.E.Read","decode FFN residual: residual lhs column=420"
426,427,"MEM.E.Read","decode FFN residual: residual rhs column=420"
426,427,"MEM.E.Write","decode FFN residual: residual write column=415"
426,427,"MEM.E.Write","decode FFN residual: residual write column=415"
426,427,"VXM.ALU0","decode FFN residual: BF16 residual add column=418"
427,428,"MEM.E.Read","decode FFN residual: residual lhs column=421"
427,428,"MEM.E.Read","decode FFN residual: residual rhs column=421"
427,428,"MEM.E.Read","decode FFN residual: residual lhs column=421"
427,428,"MEM.E.Read","decode FFN residual: residual rhs column=421"
427,428,"MEM.E.Write","decode FFN residual: residual write column=416"
427,428,"MEM.E.Write","decode FFN residual: residual write column=416"
427,428,"VXM.ALU0","decode FFN residual: BF16 residual add column=419"
428,429,"MEM.E.Read","decode FFN residual: residual lhs column=422"
428,429,"MEM.E.Read","decode FFN residual: residual rhs column=422"
428,429,"MEM.E.Read","decode FFN residual: residual lhs column=422"
428,429,"MEM.E.Read","decode FFN residual: residual rhs column=422"
428,429,"MEM.E.Write","decode FFN residual: residual write column=417"
428,429,"MEM.E.Write","decode FFN residual: residual write column=417"
428,429,"VXM.ALU0","decode FFN residual: BF16 residual add column=420"
429,430,"MEM.E.Read","decode FFN residual: residual lhs column=423"
429,430,"MEM.E.Read","decode FFN residual: residual rhs column=423"
429,430,"MEM.E.Read","decode FFN residual: residual lhs column=423"
429,430,"MEM.E.Read","decode FFN residual: residual rhs column=423"
429,430,"MEM.E.Write","decode FFN residual: residual write column=418"
429,430,"MEM.E.Write","decode FFN residual: residual write column=418"
429,430,"VXM.ALU0","decode FFN residual: BF16 residual add column=421"
430,431,"MEM.E.Read","decode FFN residual: residual lhs column=424"
430,431,"MEM.E.Read","decode FFN residual: residual rhs column=424"
430,431,"MEM.E.Read","decode FFN residual: residual lhs column=424"
430,431,"MEM.E.Read","decode FFN residual: residual rhs column=424"
430,431,"MEM.E.Write","decode FFN residual: residual write column=419"
430,431,"MEM.E.Write","decode FFN residual: residual write column=419"
430,431,"VXM.ALU0","decode FFN residual: BF16 residual add column=422"
431,432,"MEM.E.Read","decode FFN residual: residual lhs column=425"
431,432,"MEM.E.Read","decode FFN residual: residual rhs column=425"
431,432,"MEM.E.Read","decode FFN residual: residual lhs column=425"
431,432,"MEM.E.Read","decode FFN residual: residual rhs column=425"
431,432,"MEM.E.Write","decode FFN residual: residual write column=420"
431,432,"MEM.E.Write","decode FFN residual: residual write column=420"
431,432,"VXM.ALU0","decode FFN residual: BF16 residual add column=423"
432,433,"MEM.E.Read","decode FFN residual: residual lhs column=426"
432,433,"MEM.E.Read","decode FFN residual: residual rhs column=426"
432,433,"MEM.E.Read","decode FFN residual: residual lhs column=426"
432,433,"MEM.E.Read","decode FFN residual: residual rhs column=426"
432,433,"MEM.E.Write","decode FFN residual: residual write column=421"
432,433,"MEM.E.Write","decode FFN residual: residual write column=421"
432,433,"VXM.ALU0","decode FFN residual: BF16 residual add column=424"
433,434,"MEM.E.Read","decode FFN residual: residual lhs column=427"
433,434,"MEM.E.Read","decode FFN residual: residual rhs column=427"
433,434,"MEM.E.Read","decode FFN residual: residual lhs column=427"
433,434,"MEM.E.Read","decode FFN residual: residual rhs column=427"
433,434,"MEM.E.Write","decode FFN residual: residual write column=422"
433,434,"MEM.E.Write","decode FFN residual: residual write column=422"
433,434,"VXM.ALU0","decode FFN residual: BF16 residual add column=425"
434,435,"MEM.E.Read","decode FFN residual: residual lhs column=428"
434,435,"MEM.E.Read","decode FFN residual: residual rhs column=428"
434,435,"MEM.E.Read","decode FFN residual: residual lhs column=428"
434,435,"MEM.E.Read","decode FFN residual: residual rhs column=428"
434,435,"MEM.E.Write","decode FFN residual: residual write column=423"
434,435,"MEM.E.Write","decode FFN residual: residual write column=423"
434,435,"VXM.ALU0","decode FFN residual: BF16 residual add column=426"
435,436,"MEM.E.Read","decode FFN residual: residual lhs column=429"
435,436,"MEM.E.Read","decode FFN residual: residual rhs column=429"
435,436,"MEM.E.Read","decode FFN residual: residual lhs column=429"
435,436,"MEM.E.Read","decode FFN residual: residual rhs column=429"
435,436,"MEM.E.Write","decode FFN residual: residual write column=424"
435,436,"MEM.E.Write","decode FFN residual: residual write column=424"
435,436,"VXM.ALU0","decode FFN residual: BF16 residual add column=427"
436,437,"MEM.E.Read","decode FFN residual: residual lhs column=430"
436,437,"MEM.E.Read","decode FFN residual: residual rhs column=430"
436,437,"MEM.E.Read","decode FFN residual: residual lhs column=430"
436,437,"MEM.E.Read","decode FFN residual: residual rhs column=430"
436,437,"MEM.E.Write","decode FFN residual: residual write column=425"
436,437,"MEM.E.Write","decode FFN residual: residual write column=425"
436,437,"VXM.ALU0","decode FFN residual: BF16 residual add column=428"
437,438,"MEM.E.Read","decode FFN residual: residual lhs column=431"
437,438,"MEM.E.Read","decode FFN residual: residual rhs column=431"
437,438,"MEM.E.Read","decode FFN residual: residual lhs column=431"
437,438,"MEM.E.Read","decode FFN residual: residual rhs column=431"
437,438,"MEM.E.Write","decode FFN residual: residual write column=426"
437,438,"MEM.E.Write","decode FFN residual: residual write column=426"
437,438,"VXM.ALU0","decode FFN residual: BF16 residual add column=429"
438,439,"MEM.E.Read","decode FFN residual: residual lhs column=432"
438,439,"MEM.E.Read","decode FFN residual: residual rhs column=432"
438,439,"MEM.E.Read","decode FFN residual: residual lhs column=432"
438,439,"MEM.E.Read","decode FFN residual: residual rhs column=432"
438,439,"MEM.E.Write","decode FFN residual: residual write column=427"
438,439,"MEM.E.Write","decode FFN residual: residual write column=427"
438,439,"VXM.ALU0","decode FFN residual: BF16 residual add column=430"
439,440,"MEM.E.Read","decode FFN residual: residual lhs column=433"
439,440,"MEM.E.Read","decode FFN residual: residual rhs column=433"
439,440,"MEM.E.Read","decode FFN residual: residual lhs column=433"
439,440,"MEM.E.Read","decode FFN residual: residual rhs column=433"
439,440,"MEM.E.Write","decode FFN residual: residual write column=428"
439,440,"MEM.E.Write","decode FFN residual: residual write column=428"
439,440,"VXM.ALU0","decode FFN residual: BF16 residual add column=431"
440,441,"MEM.E.Read","decode FFN residual: residual lhs column=434"
440,441,"MEM.E.Read","decode FFN residual: residual rhs column=434"
440,441,"MEM.E.Read","decode FFN residual: residual lhs column=434"
440,441,"MEM.E.Read","decode FFN residual: residual rhs column=434"
440,441,"MEM.E.Write","decode FFN residual: residual write column=429"
440,441,"MEM.E.Write","decode FFN residual: residual write column=429"
440,441,"VXM.ALU0","decode FFN residual: BF16 residual add column=432"
441,442,"MEM.E.Read","decode FFN residual: residual lhs column=435"
441,442,"MEM.E.Read","decode FFN residual: residual rhs column=435"
441,442,"MEM.E.Read","decode FFN residual: residual lhs column=435"
441,442,"MEM.E.Read","decode FFN residual: residual rhs column=435"
441,442,"MEM.E.Write","decode FFN residual: residual write column=430"
441,442,"MEM.E.Write","decode FFN residual: residual write column=430"
441,442,"VXM.ALU0","decode FFN residual: BF16 residual add column=433"
442,443,"MEM.E.Read","decode FFN residual: residual lhs column=436"
442,443,"MEM.E.Read","decode FFN residual: residual rhs column=436"
442,443,"MEM.E.Read","decode FFN residual: residual lhs column=436"
442,443,"MEM.E.Read","decode FFN residual: residual rhs column=436"
442,443,"MEM.E.Write","decode FFN residual: residual write column=431"
442,443,"MEM.E.Write","decode FFN residual: residual write column=431"
442,443,"VXM.ALU0","decode FFN residual: BF16 residual add column=434"
443,444,"MEM.E.Read","decode FFN residual: residual lhs column=437"
443,444,"MEM.E.Read","decode FFN residual: residual rhs column=437"
443,444,"MEM.E.Read","decode FFN residual: residual lhs column=437"
443,444,"MEM.E.Read","decode FFN residual: residual rhs column=437"
443,444,"MEM.E.Write","decode FFN residual: residual write column=432"
443,444,"MEM.E.Write","decode FFN residual: residual write column=432"
443,444,"VXM.ALU0","decode FFN residual: BF16 residual add column=435"
444,445,"MEM.E.Read","decode FFN residual: residual lhs column=438"
444,445,"MEM.E.Read","decode FFN residual: residual rhs column=438"
444,445,"MEM.E.Read","decode FFN residual: residual lhs column=438"
444,445,"MEM.E.Read","decode FFN residual: residual rhs column=438"
444,445,"MEM.E.Write","decode FFN residual: residual write column=433"
444,445,"MEM.E.Write","decode FFN residual: residual write column=433"
444,445,"VXM.ALU0","decode FFN residual: BF16 residual add column=436"
445,446,"MEM.E.Read","decode FFN residual: residual lhs column=439"
445,446,"MEM.E.Read","decode FFN residual: residual rhs column=439"
445,446,"MEM.E.Read","decode FFN residual: residual lhs column=439"
445,446,"MEM.E.Read","decode FFN residual: residual rhs column=439"
445,446,"MEM.E.Write","decode FFN residual: residual write column=434"
445,446,"MEM.E.Write","decode FFN residual: residual write column=434"
445,446,"VXM.ALU0","decode FFN residual: BF16 residual add column=437"
446,447,"MEM.E.Read","decode FFN residual: residual lhs column=440"
446,447,"MEM.E.Read","decode FFN residual: residual rhs column=440"
446,447,"MEM.E.Read","decode FFN residual: residual lhs column=440"
446,447,"MEM.E.Read","decode FFN residual: residual rhs column=440"
446,447,"MEM.E.Write","decode FFN residual: residual write column=435"
446,447,"MEM.E.Write","decode FFN residual: residual write column=435"
446,447,"VXM.ALU0","decode FFN residual: BF16 residual add column=438"
447,448,"MEM.E.Read","decode FFN residual: residual lhs column=441"
447,448,"MEM.E.Read","decode FFN residual: residual rhs column=441"
447,448,"MEM.E.Read","decode FFN residual: residual lhs column=441"
447,448,"MEM.E.Read","decode FFN residual: residual rhs column=441"
447,448,"MEM.E.Write","decode FFN residual: residual write column=436"
447,448,"MEM.E.Write","decode FFN residual: residual write column=436"
447,448,"VXM.ALU0","decode FFN residual: BF16 residual add column=439"
448,449,"MEM.E.Read","decode FFN residual: residual lhs column=442"
448,449,"MEM.E.Read","decode FFN residual: residual rhs column=442"
448,449,"MEM.E.Read","decode FFN residual: residual lhs column=442"
448,449,"MEM.E.Read","decode FFN residual: residual rhs column=442"
448,449,"MEM.E.Write","decode FFN residual: residual write column=437"
448,449,"MEM.E.Write","decode FFN residual: residual write column=437"
448,449,"VXM.ALU0","decode FFN residual: BF16 residual add column=440"
449,450,"MEM.E.Read","decode FFN residual: residual lhs column=443"
449,450,"MEM.E.Read","decode FFN residual: residual rhs column=443"
449,450,"MEM.E.Read","decode FFN residual: residual lhs column=443"
449,450,"MEM.E.Read","decode FFN residual: residual rhs column=443"
449,450,"MEM.E.Write","decode FFN residual: residual write column=438"
449,450,"MEM.E.Write","decode FFN residual: residual write column=438"
449,450,"VXM.ALU0","decode FFN residual: BF16 residual add column=441"
450,451,"MEM.E.Read","decode FFN residual: residual lhs column=444"
450,451,"MEM.E.Read","decode FFN residual: residual rhs column=444"
450,451,"MEM.E.Read","decode FFN residual: residual lhs column=444"
450,451,"MEM.E.Read","decode FFN residual: residual rhs column=444"
450,451,"MEM.E.Write","decode FFN residual: residual write column=439"
450,451,"MEM.E.Write","decode FFN residual: residual write column=439"
450,451,"VXM.ALU0","decode FFN residual: BF16 residual add column=442"
451,452,"MEM.E.Read","decode FFN residual: residual lhs column=445"
451,452,"MEM.E.Read","decode FFN residual: residual rhs column=445"
451,452,"MEM.E.Read","decode FFN residual: residual lhs column=445"
451,452,"MEM.E.Read","decode FFN residual: residual rhs column=445"
451,452,"MEM.E.Write","decode FFN residual: residual write column=440"
451,452,"MEM.E.Write","decode FFN residual: residual write column=440"
451,452,"VXM.ALU0","decode FFN residual: BF16 residual add column=443"
452,453,"MEM.E.Read","decode FFN residual: residual lhs column=446"
452,453,"MEM.E.Read","decode FFN residual: residual rhs column=446"
452,453,"MEM.E.Read","decode FFN residual: residual lhs column=446"
452,453,"MEM.E.Read","decode FFN residual: residual rhs column=446"
452,453,"MEM.E.Write","decode FFN residual: residual write column=441"
452,453,"MEM.E.Write","decode FFN residual: residual write column=441"
452,453,"VXM.ALU0","decode FFN residual: BF16 residual add column=444"
453,454,"MEM.E.Read","decode FFN residual: residual lhs column=447"
453,454,"MEM.E.Read","decode FFN residual: residual rhs column=447"
453,454,"MEM.E.Read","decode FFN residual: residual lhs column=447"
453,454,"MEM.E.Read","decode FFN residual: residual rhs column=447"
453,454,"MEM.E.Write","decode FFN residual: residual write column=442"
453,454,"MEM.E.Write","decode FFN residual: residual write column=442"
453,454,"VXM.ALU0","decode FFN residual: BF16 residual add column=445"
454,455,"MEM.E.Read","decode FFN residual: residual lhs column=448"
454,455,"MEM.E.Read","decode FFN residual: residual rhs column=448"
454,455,"MEM.E.Read","decode FFN residual: residual lhs column=448"
454,455,"MEM.E.Read","decode FFN residual: residual rhs column=448"
454,455,"MEM.E.Write","decode FFN residual: residual write column=443"
454,455,"MEM.E.Write","decode FFN residual: residual write column=443"
454,455,"VXM.ALU0","decode FFN residual: BF16 residual add column=446"
455,456,"MEM.E.Read","decode FFN residual: residual lhs column=449"
455,456,"MEM.E.Read","decode FFN residual: residual rhs column=449"
455,456,"MEM.E.Read","decode FFN residual: residual lhs column=449"
455,456,"MEM.E.Read","decode FFN residual: residual rhs column=449"
455,456,"MEM.E.Write","decode FFN residual: residual write column=444"
455,456,"MEM.E.Write","decode FFN residual: residual write column=444"
455,456,"VXM.ALU0","decode FFN residual: BF16 residual add column=447"
456,457,"MEM.E.Read","decode FFN residual: residual lhs column=450"
456,457,"MEM.E.Read","decode FFN residual: residual rhs column=450"
456,457,"MEM.E.Read","decode FFN residual: residual lhs column=450"
456,457,"MEM.E.Read","decode FFN residual: residual rhs column=450"
456,457,"MEM.E.Write","decode FFN residual: residual write column=445"
456,457,"MEM.E.Write","decode FFN residual: residual write column=445"
456,457,"VXM.ALU0","decode FFN residual: BF16 residual add column=448"
457,458,"MEM.E.Read","decode FFN residual: residual lhs column=451"
457,458,"MEM.E.Read","decode FFN residual: residual rhs column=451"
457,458,"MEM.E.Read","decode FFN residual: residual lhs column=451"
457,458,"MEM.E.Read","decode FFN residual: residual rhs column=451"
457,458,"MEM.E.Write","decode FFN residual: residual write column=446"
457,458,"MEM.E.Write","decode FFN residual: residual write column=446"
457,458,"VXM.ALU0","decode FFN residual: BF16 residual add column=449"
458,459,"MEM.E.Read","decode FFN residual: residual lhs column=452"
458,459,"MEM.E.Read","decode FFN residual: residual rhs column=452"
458,459,"MEM.E.Read","decode FFN residual: residual lhs column=452"
458,459,"MEM.E.Read","decode FFN residual: residual rhs column=452"
458,459,"MEM.E.Write","decode FFN residual: residual write column=447"
458,459,"MEM.E.Write","decode FFN residual: residual write column=447"
458,459,"VXM.ALU0","decode FFN residual: BF16 residual add column=450"
459,460,"MEM.E.Read","decode FFN residual: residual lhs column=453"
459,460,"MEM.E.Read","decode FFN residual: residual rhs column=453"
459,460,"MEM.E.Read","decode FFN residual: residual lhs column=453"
459,460,"MEM.E.Read","decode FFN residual: residual rhs column=453"
459,460,"MEM.E.Write","decode FFN residual: residual write column=448"
459,460,"MEM.E.Write","decode FFN residual: residual write column=448"
459,460,"VXM.ALU0","decode FFN residual: BF16 residual add column=451"
460,461,"MEM.E.Read","decode FFN residual: residual lhs column=454"
460,461,"MEM.E.Read","decode FFN residual: residual rhs column=454"
460,461,"MEM.E.Read","decode FFN residual: residual lhs column=454"
460,461,"MEM.E.Read","decode FFN residual: residual rhs column=454"
460,461,"MEM.E.Write","decode FFN residual: residual write column=449"
460,461,"MEM.E.Write","decode FFN residual: residual write column=449"
460,461,"VXM.ALU0","decode FFN residual: BF16 residual add column=452"
461,462,"MEM.E.Read","decode FFN residual: residual lhs column=455"
461,462,"MEM.E.Read","decode FFN residual: residual rhs column=455"
461,462,"MEM.E.Read","decode FFN residual: residual lhs column=455"
461,462,"MEM.E.Read","decode FFN residual: residual rhs column=455"
461,462,"MEM.E.Write","decode FFN residual: residual write column=450"
461,462,"MEM.E.Write","decode FFN residual: residual write column=450"
461,462,"VXM.ALU0","decode FFN residual: BF16 residual add column=453"
462,463,"MEM.E.Read","decode FFN residual: residual lhs column=456"
462,463,"MEM.E.Read","decode FFN residual: residual rhs column=456"
462,463,"MEM.E.Read","decode FFN residual: residual lhs column=456"
462,463,"MEM.E.Read","decode FFN residual: residual rhs column=456"
462,463,"MEM.E.Write","decode FFN residual: residual write column=451"
462,463,"MEM.E.Write","decode FFN residual: residual write column=451"
462,463,"VXM.ALU0","decode FFN residual: BF16 residual add column=454"
463,464,"MEM.E.Read","decode FFN residual: residual lhs column=457"
463,464,"MEM.E.Read","decode FFN residual: residual rhs column=457"
463,464,"MEM.E.Read","decode FFN residual: residual lhs column=457"
463,464,"MEM.E.Read","decode FFN residual: residual rhs column=457"
463,464,"MEM.E.Write","decode FFN residual: residual write column=452"
463,464,"MEM.E.Write","decode FFN residual: residual write column=452"
463,464,"VXM.ALU0","decode FFN residual: BF16 residual add column=455"
464,465,"MEM.E.Read","decode FFN residual: residual lhs column=458"
464,465,"MEM.E.Read","decode FFN residual: residual rhs column=458"
464,465,"MEM.E.Read","decode FFN residual: residual lhs column=458"
464,465,"MEM.E.Read","decode FFN residual: residual rhs column=458"
464,465,"MEM.E.Write","decode FFN residual: residual write column=453"
464,465,"MEM.E.Write","decode FFN residual: residual write column=453"
464,465,"VXM.ALU0","decode FFN residual: BF16 residual add column=456"
465,466,"MEM.E.Read","decode FFN residual: residual lhs column=459"
465,466,"MEM.E.Read","decode FFN residual: residual rhs column=459"
465,466,"MEM.E.Read","decode FFN residual: residual lhs column=459"
465,466,"MEM.E.Read","decode FFN residual: residual rhs column=459"
465,466,"MEM.E.Write","decode FFN residual: residual write column=454"
465,466,"MEM.E.Write","decode FFN residual: residual write column=454"
465,466,"VXM.ALU0","decode FFN residual: BF16 residual add column=457"
466,467,"MEM.E.Read","decode FFN residual: residual lhs column=460"
466,467,"MEM.E.Read","decode FFN residual: residual rhs column=460"
466,467,"MEM.E.Read","decode FFN residual: residual lhs column=460"
466,467,"MEM.E.Read","decode FFN residual: residual rhs column=460"
466,467,"MEM.E.Write","decode FFN residual: residual write column=455"
466,467,"MEM.E.Write","decode FFN residual: residual write column=455"
466,467,"VXM.ALU0","decode FFN residual: BF16 residual add column=458"
467,468,"MEM.E.Read","decode FFN residual: residual lhs column=461"
467,468,"MEM.E.Read","decode FFN residual: residual rhs column=461"
467,468,"MEM.E.Read","decode FFN residual: residual lhs column=461"
467,468,"MEM.E.Read","decode FFN residual: residual rhs column=461"
467,468,"MEM.E.Write","decode FFN residual: residual write column=456"
467,468,"MEM.E.Write","decode FFN residual: residual write column=456"
467,468,"VXM.ALU0","decode FFN residual: BF16 residual add column=459"
468,469,"MEM.E.Read","decode FFN residual: residual lhs column=462"
468,469,"MEM.E.Read","decode FFN residual: residual rhs column=462"
468,469,"MEM.E.Read","decode FFN residual: residual lhs column=462"
468,469,"MEM.E.Read","decode FFN residual: residual rhs column=462"
468,469,"MEM.E.Write","decode FFN residual: residual write column=457"
468,469,"MEM.E.Write","decode FFN residual: residual write column=457"
468,469,"VXM.ALU0","decode FFN residual: BF16 residual add column=460"
469,470,"MEM.E.Read","decode FFN residual: residual lhs column=463"
469,470,"MEM.E.Read","decode FFN residual: residual rhs column=463"
469,470,"MEM.E.Read","decode FFN residual: residual lhs column=463"
469,470,"MEM.E.Read","decode FFN residual: residual rhs column=463"
469,470,"MEM.E.Write","decode FFN residual: residual write column=458"
469,470,"MEM.E.Write","decode FFN residual: residual write column=458"
469,470,"VXM.ALU0","decode FFN residual: BF16 residual add column=461"
470,471,"MEM.E.Read","decode FFN residual: residual lhs column=464"
470,471,"MEM.E.Read","decode FFN residual: residual rhs column=464"
470,471,"MEM.E.Read","decode FFN residual: residual lhs column=464"
470,471,"MEM.E.Read","decode FFN residual: residual rhs column=464"
470,471,"MEM.E.Write","decode FFN residual: residual write column=459"
470,471,"MEM.E.Write","decode FFN residual: residual write column=459"
470,471,"VXM.ALU0","decode FFN residual: BF16 residual add column=462"
471,472,"MEM.E.Read","decode FFN residual: residual lhs column=465"
471,472,"MEM.E.Read","decode FFN residual: residual rhs column=465"
471,472,"MEM.E.Read","decode FFN residual: residual lhs column=465"
471,472,"MEM.E.Read","decode FFN residual: residual rhs column=465"
471,472,"MEM.E.Write","decode FFN residual: residual write column=460"
471,472,"MEM.E.Write","decode FFN residual: residual write column=460"
471,472,"VXM.ALU0","decode FFN residual: BF16 residual add column=463"
472,473,"MEM.E.Read","decode FFN residual: residual lhs column=466"
472,473,"MEM.E.Read","decode FFN residual: residual rhs column=466"
472,473,"MEM.E.Read","decode FFN residual: residual lhs column=466"
472,473,"MEM.E.Read","decode FFN residual: residual rhs column=466"
472,473,"MEM.E.Write","decode FFN residual: residual write column=461"
472,473,"MEM.E.Write","decode FFN residual: residual write column=461"
472,473,"VXM.ALU0","decode FFN residual: BF16 residual add column=464"
473,474,"MEM.E.Read","decode FFN residual: residual lhs column=467"
473,474,"MEM.E.Read","decode FFN residual: residual rhs column=467"
473,474,"MEM.E.Read","decode FFN residual: residual lhs column=467"
473,474,"MEM.E.Read","decode FFN residual: residual rhs column=467"
473,474,"MEM.E.Write","decode FFN residual: residual write column=462"
473,474,"MEM.E.Write","decode FFN residual: residual write column=462"
473,474,"VXM.ALU0","decode FFN residual: BF16 residual add column=465"
474,475,"MEM.E.Read","decode FFN residual: residual lhs column=468"
474,475,"MEM.E.Read","decode FFN residual: residual rhs column=468"
474,475,"MEM.E.Read","decode FFN residual: residual lhs column=468"
474,475,"MEM.E.Read","decode FFN residual: residual rhs column=468"
474,475,"MEM.E.Write","decode FFN residual: residual write column=463"
474,475,"MEM.E.Write","decode FFN residual: residual write column=463"
474,475,"VXM.ALU0","decode FFN residual: BF16 residual add column=466"
475,476,"MEM.E.Read","decode FFN residual: residual lhs column=469"
475,476,"MEM.E.Read","decode FFN residual: residual rhs column=469"
475,476,"MEM.E.Read","decode FFN residual: residual lhs column=469"
475,476,"MEM.E.Read","decode FFN residual: residual rhs column=469"
475,476,"MEM.E.Write","decode FFN residual: residual write column=464"
475,476,"MEM.E.Write","decode FFN residual: residual write column=464"
475,476,"VXM.ALU0","decode FFN residual: BF16 residual add column=467"
476,477,"MEM.E.Read","decode FFN residual: residual lhs column=470"
476,477,"MEM.E.Read","decode FFN residual: residual rhs column=470"
476,477,"MEM.E.Read","decode FFN residual: residual lhs column=470"
476,477,"MEM.E.Read","decode FFN residual: residual rhs column=470"
476,477,"MEM.E.Write","decode FFN residual: residual write column=465"
476,477,"MEM.E.Write","decode FFN residual: residual write column=465"
476,477,"VXM.ALU0","decode FFN residual: BF16 residual add column=468"
477,478,"MEM.E.Read","decode FFN residual: residual lhs column=471"
477,478,"MEM.E.Read","decode FFN residual: residual rhs column=471"
477,478,"MEM.E.Read","decode FFN residual: residual lhs column=471"
477,478,"MEM.E.Read","decode FFN residual: residual rhs column=471"
477,478,"MEM.E.Write","decode FFN residual: residual write column=466"
477,478,"MEM.E.Write","decode FFN residual: residual write column=466"
477,478,"VXM.ALU0","decode FFN residual: BF16 residual add column=469"
478,479,"MEM.E.Read","decode FFN residual: residual lhs column=472"
478,479,"MEM.E.Read","decode FFN residual: residual rhs column=472"
478,479,"MEM.E.Read","decode FFN residual: residual lhs column=472"
478,479,"MEM.E.Read","decode FFN residual: residual rhs column=472"
478,479,"MEM.E.Write","decode FFN residual: residual write column=467"
478,479,"MEM.E.Write","decode FFN residual: residual write column=467"
478,479,"VXM.ALU0","decode FFN residual: BF16 residual add column=470"
479,480,"MEM.E.Read","decode FFN residual: residual lhs column=473"
479,480,"MEM.E.Read","decode FFN residual: residual rhs column=473"
479,480,"MEM.E.Read","decode FFN residual: residual lhs column=473"
479,480,"MEM.E.Read","decode FFN residual: residual rhs column=473"
479,480,"MEM.E.Write","decode FFN residual: residual write column=468"
479,480,"MEM.E.Write","decode FFN residual: residual write column=468"
479,480,"VXM.ALU0","decode FFN residual: BF16 residual add column=471"
480,481,"MEM.E.Read","decode FFN residual: residual lhs column=474"
480,481,"MEM.E.Read","decode FFN residual: residual rhs column=474"
480,481,"MEM.E.Read","decode FFN residual: residual lhs column=474"
480,481,"MEM.E.Read","decode FFN residual: residual rhs column=474"
480,481,"MEM.E.Write","decode FFN residual: residual write column=469"
480,481,"MEM.E.Write","decode FFN residual: residual write column=469"
480,481,"VXM.ALU0","decode FFN residual: BF16 residual add column=472"
481,482,"MEM.E.Read","decode FFN residual: residual lhs column=475"
481,482,"MEM.E.Read","decode FFN residual: residual rhs column=475"
481,482,"MEM.E.Read","decode FFN residual: residual lhs column=475"
481,482,"MEM.E.Read","decode FFN residual: residual rhs column=475"
481,482,"MEM.E.Write","decode FFN residual: residual write column=470"
481,482,"MEM.E.Write","decode FFN residual: residual write column=470"
481,482,"VXM.ALU0","decode FFN residual: BF16 residual add column=473"
482,483,"MEM.E.Read","decode FFN residual: residual lhs column=476"
482,483,"MEM.E.Read","decode FFN residual: residual rhs column=476"
482,483,"MEM.E.Read","decode FFN residual: residual lhs column=476"
482,483,"MEM.E.Read","decode FFN residual: residual rhs column=476"
482,483,"MEM.E.Write","decode FFN residual: residual write column=471"
482,483,"MEM.E.Write","decode FFN residual: residual write column=471"
482,483,"VXM.ALU0","decode FFN residual: BF16 residual add column=474"
483,484,"MEM.E.Read","decode FFN residual: residual lhs column=477"
483,484,"MEM.E.Read","decode FFN residual: residual rhs column=477"
483,484,"MEM.E.Read","decode FFN residual: residual lhs column=477"
483,484,"MEM.E.Read","decode FFN residual: residual rhs column=477"
483,484,"MEM.E.Write","decode FFN residual: residual write column=472"
483,484,"MEM.E.Write","decode FFN residual: residual write column=472"
483,484,"VXM.ALU0","decode FFN residual: BF16 residual add column=475"
484,485,"MEM.E.Read","decode FFN residual: residual lhs column=478"
484,485,"MEM.E.Read","decode FFN residual: residual rhs column=478"
484,485,"MEM.E.Read","decode FFN residual: residual lhs column=478"
484,485,"MEM.E.Read","decode FFN residual: residual rhs column=478"
484,485,"MEM.E.Write","decode FFN residual: residual write column=473"
484,485,"MEM.E.Write","decode FFN residual: residual write column=473"
484,485,"VXM.ALU0","decode FFN residual: BF16 residual add column=476"
485,486,"MEM.E.Read","decode FFN residual: residual lhs column=479"
485,486,"MEM.E.Read","decode FFN residual: residual rhs column=479"
485,486,"MEM.E.Read","decode FFN residual: residual lhs column=479"
485,486,"MEM.E.Read","decode FFN residual: residual rhs column=479"
485,486,"MEM.E.Write","decode FFN residual: residual write column=474"
485,486,"MEM.E.Write","decode FFN residual: residual write column=474"
485,486,"VXM.ALU0","decode FFN residual: BF16 residual add column=477"
486,487,"MEM.E.Read","decode FFN residual: residual lhs column=480"
486,487,"MEM.E.Read","decode FFN residual: residual rhs column=480"
486,487,"MEM.E.Read","decode FFN residual: residual lhs column=480"
486,487,"MEM.E.Read","decode FFN residual: residual rhs column=480"
486,487,"MEM.E.Write","decode FFN residual: residual write column=475"
486,487,"MEM.E.Write","decode FFN residual: residual write column=475"
486,487,"VXM.ALU0","decode FFN residual: BF16 residual add column=478"
487,488,"MEM.E.Read","decode FFN residual: residual lhs column=481"
487,488,"MEM.E.Read","decode FFN residual: residual rhs column=481"
487,488,"MEM.E.Read","decode FFN residual: residual lhs column=481"
487,488,"MEM.E.Read","decode FFN residual: residual rhs column=481"
487,488,"MEM.E.Write","decode FFN residual: residual write column=476"
487,488,"MEM.E.Write","decode FFN residual: residual write column=476"
487,488,"VXM.ALU0","decode FFN residual: BF16 residual add column=479"
488,489,"MEM.E.Read","decode FFN residual: residual lhs column=482"
488,489,"MEM.E.Read","decode FFN residual: residual rhs column=482"
488,489,"MEM.E.Read","decode FFN residual: residual lhs column=482"
488,489,"MEM.E.Read","decode FFN residual: residual rhs column=482"
488,489,"MEM.E.Write","decode FFN residual: residual write column=477"
488,489,"MEM.E.Write","decode FFN residual: residual write column=477"
488,489,"VXM.ALU0","decode FFN residual: BF16 residual add column=480"
489,490,"MEM.E.Read","decode FFN residual: residual lhs column=483"
489,490,"MEM.E.Read","decode FFN residual: residual rhs column=483"
489,490,"MEM.E.Read","decode FFN residual: residual lhs column=483"
489,490,"MEM.E.Read","decode FFN residual: residual rhs column=483"
489,490,"MEM.E.Write","decode FFN residual: residual write column=478"
489,490,"MEM.E.Write","decode FFN residual: residual write column=478"
489,490,"VXM.ALU0","decode FFN residual: BF16 residual add column=481"
490,491,"MEM.E.Read","decode FFN residual: residual lhs column=484"
490,491,"MEM.E.Read","decode FFN residual: residual rhs column=484"
490,491,"MEM.E.Read","decode FFN residual: residual lhs column=484"
490,491,"MEM.E.Read","decode FFN residual: residual rhs column=484"
490,491,"MEM.E.Write","decode FFN residual: residual write column=479"
490,491,"MEM.E.Write","decode FFN residual: residual write column=479"
490,491,"VXM.ALU0","decode FFN residual: BF16 residual add column=482"
491,492,"MEM.E.Read","decode FFN residual: residual lhs column=485"
491,492,"MEM.E.Read","decode FFN residual: residual rhs column=485"
491,492,"MEM.E.Read","decode FFN residual: residual lhs column=485"
491,492,"MEM.E.Read","decode FFN residual: residual rhs column=485"
491,492,"MEM.E.Write","decode FFN residual: residual write column=480"
491,492,"MEM.E.Write","decode FFN residual: residual write column=480"
491,492,"VXM.ALU0","decode FFN residual: BF16 residual add column=483"
492,493,"MEM.E.Read","decode FFN residual: residual lhs column=486"
492,493,"MEM.E.Read","decode FFN residual: residual rhs column=486"
492,493,"MEM.E.Read","decode FFN residual: residual lhs column=486"
492,493,"MEM.E.Read","decode FFN residual: residual rhs column=486"
492,493,"MEM.E.Write","decode FFN residual: residual write column=481"
492,493,"MEM.E.Write","decode FFN residual: residual write column=481"
492,493,"VXM.ALU0","decode FFN residual: BF16 residual add column=484"
493,494,"MEM.E.Read","decode FFN residual: residual lhs column=487"
493,494,"MEM.E.Read","decode FFN residual: residual rhs column=487"
493,494,"MEM.E.Read","decode FFN residual: residual lhs column=487"
493,494,"MEM.E.Read","decode FFN residual: residual rhs column=487"
493,494,"MEM.E.Write","decode FFN residual: residual write column=482"
493,494,"MEM.E.Write","decode FFN residual: residual write column=482"
493,494,"VXM.ALU0","decode FFN residual: BF16 residual add column=485"
494,495,"MEM.E.Read","decode FFN residual: residual lhs column=488"
494,495,"MEM.E.Read","decode FFN residual: residual rhs column=488"
494,495,"MEM.E.Read","decode FFN residual: residual lhs column=488"
494,495,"MEM.E.Read","decode FFN residual: residual rhs column=488"
494,495,"MEM.E.Write","decode FFN residual: residual write column=483"
494,495,"MEM.E.Write","decode FFN residual: residual write column=483"
494,495,"VXM.ALU0","decode FFN residual: BF16 residual add column=486"
495,496,"MEM.E.Read","decode FFN residual: residual lhs column=489"
495,496,"MEM.E.Read","decode FFN residual: residual rhs column=489"
495,496,"MEM.E.Read","decode FFN residual: residual lhs column=489"
495,496,"MEM.E.Read","decode FFN residual: residual rhs column=489"
495,496,"MEM.E.Write","decode FFN residual: residual write column=484"
495,496,"MEM.E.Write","decode FFN residual: residual write column=484"
495,496,"VXM.ALU0","decode FFN residual: BF16 residual add column=487"
496,497,"MEM.E.Read","decode FFN residual: residual lhs column=490"
496,497,"MEM.E.Read","decode FFN residual: residual rhs column=490"
496,497,"MEM.E.Read","decode FFN residual: residual lhs column=490"
496,497,"MEM.E.Read","decode FFN residual: residual rhs column=490"
496,497,"MEM.E.Write","decode FFN residual: residual write column=485"
496,497,"MEM.E.Write","decode FFN residual: residual write column=485"
496,497,"VXM.ALU0","decode FFN residual: BF16 residual add column=488"
497,498,"MEM.E.Read","decode FFN residual: residual lhs column=491"
497,498,"MEM.E.Read","decode FFN residual: residual rhs column=491"
497,498,"MEM.E.Read","decode FFN residual: residual lhs column=491"
497,498,"MEM.E.Read","decode FFN residual: residual rhs column=491"
497,498,"MEM.E.Write","decode FFN residual: residual write column=486"
497,498,"MEM.E.Write","decode FFN residual: residual write column=486"
497,498,"VXM.ALU0","decode FFN residual: BF16 residual add column=489"
498,499,"MEM.E.Read","decode FFN residual: residual lhs column=492"
498,499,"MEM.E.Read","decode FFN residual: residual rhs column=492"
498,499,"MEM.E.Read","decode FFN residual: residual lhs column=492"
498,499,"MEM.E.Read","decode FFN residual: residual rhs column=492"
498,499,"MEM.E.Write","decode FFN residual: residual write column=487"
498,499,"MEM.E.Write","decode FFN residual: residual write column=487"
498,499,"VXM.ALU0","decode FFN residual: BF16 residual add column=490"
499,500,"MEM.E.Read","decode FFN residual: residual lhs column=493"
499,500,"MEM.E.Read","decode FFN residual: residual rhs column=493"
499,500,"MEM.E.Read","decode FFN residual: residual lhs column=493"
499,500,"MEM.E.Read","decode FFN residual: residual rhs column=493"
499,500,"MEM.E.Write","decode FFN residual: residual write column=488"
499,500,"MEM.E.Write","decode FFN residual: residual write column=488"
499,500,"VXM.ALU0","decode FFN residual: BF16 residual add column=491"
500,501,"MEM.E.Read","decode FFN residual: residual lhs column=494"
500,501,"MEM.E.Read","decode FFN residual: residual rhs column=494"
500,501,"MEM.E.Read","decode FFN residual: residual lhs column=494"
500,501,"MEM.E.Read","decode FFN residual: residual rhs column=494"
500,501,"MEM.E.Write","decode FFN residual: residual write column=489"
500,501,"MEM.E.Write","decode FFN residual: residual write column=489"
500,501,"VXM.ALU0","decode FFN residual: BF16 residual add column=492"
501,502,"MEM.E.Read","decode FFN residual: residual lhs column=495"
501,502,"MEM.E.Read","decode FFN residual: residual rhs column=495"
501,502,"MEM.E.Read","decode FFN residual: residual lhs column=495"
501,502,"MEM.E.Read","decode FFN residual: residual rhs column=495"
501,502,"MEM.E.Write","decode FFN residual: residual write column=490"
501,502,"MEM.E.Write","decode FFN residual: residual write column=490"
501,502,"VXM.ALU0","decode FFN residual: BF16 residual add column=493"
502,503,"MEM.E.Read","decode FFN residual: residual lhs column=496"
502,503,"MEM.E.Read","decode FFN residual: residual rhs column=496"
502,503,"MEM.E.Read","decode FFN residual: residual lhs column=496"
502,503,"MEM.E.Read","decode FFN residual: residual rhs column=496"
502,503,"MEM.E.Write","decode FFN residual: residual write column=491"
502,503,"MEM.E.Write","decode FFN residual: residual write column=491"
502,503,"VXM.ALU0","decode FFN residual: BF16 residual add column=494"
503,504,"MEM.E.Read","decode FFN residual: residual lhs column=497"
503,504,"MEM.E.Read","decode FFN residual: residual rhs column=497"
503,504,"MEM.E.Read","decode FFN residual: residual lhs column=497"
503,504,"MEM.E.Read","decode FFN residual: residual rhs column=497"
503,504,"MEM.E.Write","decode FFN residual: residual write column=492"
503,504,"MEM.E.Write","decode FFN residual: residual write column=492"
503,504,"VXM.ALU0","decode FFN residual: BF16 residual add column=495"
504,505,"MEM.E.Read","decode FFN residual: residual lhs column=498"
504,505,"MEM.E.Read","decode FFN residual: residual rhs column=498"
504,505,"MEM.E.Read","decode FFN residual: residual lhs column=498"
504,505,"MEM.E.Read","decode FFN residual: residual rhs column=498"
504,505,"MEM.E.Write","decode FFN residual: residual write column=493"
504,505,"MEM.E.Write","decode FFN residual: residual write column=493"
504,505,"VXM.ALU0","decode FFN residual: BF16 residual add column=496"
505,506,"MEM.E.Read","decode FFN residual: residual lhs column=499"
505,506,"MEM.E.Read","decode FFN residual: residual rhs column=499"
505,506,"MEM.E.Read","decode FFN residual: residual lhs column=499"
505,506,"MEM.E.Read","decode FFN residual: residual rhs column=499"
505,506,"MEM.E.Write","decode FFN residual: residual write column=494"
505,506,"MEM.E.Write","decode FFN residual: residual write column=494"
505,506,"VXM.ALU0","decode FFN residual: BF16 residual add column=497"
506,507,"MEM.E.Read","decode FFN residual: residual lhs column=500"
506,507,"MEM.E.Read","decode FFN residual: residual rhs column=500"
506,507,"MEM.E.Read","decode FFN residual: residual lhs column=500"
506,507,"MEM.E.Read","decode FFN residual: residual rhs column=500"
506,507,"MEM.E.Write","decode FFN residual: residual write column=495"
506,507,"MEM.E.Write","decode FFN residual: residual write column=495"
506,507,"VXM.ALU0","decode FFN residual: BF16 residual add column=498"
507,508,"MEM.E.Read","decode FFN residual: residual lhs column=501"
507,508,"MEM.E.Read","decode FFN residual: residual rhs column=501"
507,508,"MEM.E.Read","decode FFN residual: residual lhs column=501"
507,508,"MEM.E.Read","decode FFN residual: residual rhs column=501"
507,508,"MEM.E.Write","decode FFN residual: residual write column=496"
507,508,"MEM.E.Write","decode FFN residual: residual write column=496"
507,508,"VXM.ALU0","decode FFN residual: BF16 residual add column=499"
508,509,"MEM.E.Read","decode FFN residual: residual lhs column=502"
508,509,"MEM.E.Read","decode FFN residual: residual rhs column=502"
508,509,"MEM.E.Read","decode FFN residual: residual lhs column=502"
508,509,"MEM.E.Read","decode FFN residual: residual rhs column=502"
508,509,"MEM.E.Write","decode FFN residual: residual write column=497"
508,509,"MEM.E.Write","decode FFN residual: residual write column=497"
508,509,"VXM.ALU0","decode FFN residual: BF16 residual add column=500"
509,510,"MEM.E.Read","decode FFN residual: residual lhs column=503"
509,510,"MEM.E.Read","decode FFN residual: residual rhs column=503"
509,510,"MEM.E.Read","decode FFN residual: residual lhs column=503"
509,510,"MEM.E.Read","decode FFN residual: residual rhs column=503"
509,510,"MEM.E.Write","decode FFN residual: residual write column=498"
509,510,"MEM.E.Write","decode FFN residual: residual write column=498"
509,510,"VXM.ALU0","decode FFN residual: BF16 residual add column=501"
510,511,"MEM.E.Read","decode FFN residual: residual lhs column=504"
510,511,"MEM.E.Read","decode FFN residual: residual rhs column=504"
510,511,"MEM.E.Read","decode FFN residual: residual lhs column=504"
510,511,"MEM.E.Read","decode FFN residual: residual rhs column=504"
510,511,"MEM.E.Write","decode FFN residual: residual write column=499"
510,511,"MEM.E.Write","decode FFN residual: residual write column=499"
510,511,"VXM.ALU0","decode FFN residual: BF16 residual add column=502"
511,512,"MEM.E.Read","decode FFN residual: residual lhs column=505"
511,512,"MEM.E.Read","decode FFN residual: residual rhs column=505"
511,512,"MEM.E.Read","decode FFN residual: residual lhs column=505"
511,512,"MEM.E.Read","decode FFN residual: residual rhs column=505"
511,512,"MEM.E.Write","decode FFN residual: residual write column=500"
511,512,"MEM.E.Write","decode FFN residual: residual write column=500"
511,512,"VXM.ALU0","decode FFN residual: BF16 residual add column=503"
512,513,"MEM.E.Read","decode FFN residual: residual lhs column=506"
512,513,"MEM.E.Read","decode FFN residual: residual rhs column=506"
512,513,"MEM.E.Read","decode FFN residual: residual lhs column=506"
512,513,"MEM.E.Read","decode FFN residual: residual rhs column=506"
512,513,"MEM.E.Write","decode FFN residual: residual write column=501"
512,513,"MEM.E.Write","decode FFN residual: residual write column=501"
512,513,"VXM.ALU0","decode FFN residual: BF16 residual add column=504"
513,514,"MEM.E.Read","decode FFN residual: residual lhs column=507"
513,514,"MEM.E.Read","decode FFN residual: residual rhs column=507"
513,514,"MEM.E.Read","decode FFN residual: residual lhs column=507"
513,514,"MEM.E.Read","decode FFN residual: residual rhs column=507"
513,514,"MEM.E.Write","decode FFN residual: residual write column=502"
513,514,"MEM.E.Write","decode FFN residual: residual write column=502"
513,514,"VXM.ALU0","decode FFN residual: BF16 residual add column=505"
514,515,"MEM.E.Read","decode FFN residual: residual lhs column=508"
514,515,"MEM.E.Read","decode FFN residual: residual rhs column=508"
514,515,"MEM.E.Read","decode FFN residual: residual lhs column=508"
514,515,"MEM.E.Read","decode FFN residual: residual rhs column=508"
514,515,"MEM.E.Write","decode FFN residual: residual write column=503"
514,515,"MEM.E.Write","decode FFN residual: residual write column=503"
514,515,"VXM.ALU0","decode FFN residual: BF16 residual add column=506"
515,516,"MEM.E.Read","decode FFN residual: residual lhs column=509"
515,516,"MEM.E.Read","decode FFN residual: residual rhs column=509"
515,516,"MEM.E.Read","decode FFN residual: residual lhs column=509"
515,516,"MEM.E.Read","decode FFN residual: residual rhs column=509"
515,516,"MEM.E.Write","decode FFN residual: residual write column=504"
515,516,"MEM.E.Write","decode FFN residual: residual write column=504"
515,516,"VXM.ALU0","decode FFN residual: BF16 residual add column=507"
516,517,"MEM.E.Read","decode FFN residual: residual lhs column=510"
516,517,"MEM.E.Read","decode FFN residual: residual rhs column=510"
516,517,"MEM.E.Read","decode FFN residual: residual lhs column=510"
516,517,"MEM.E.Read","decode FFN residual: residual rhs column=510"
516,517,"MEM.E.Write","decode FFN residual: residual write column=505"
516,517,"MEM.E.Write","decode FFN residual: residual write column=505"
516,517,"VXM.ALU0","decode FFN residual: BF16 residual add column=508"
517,518,"MEM.E.Read","decode FFN residual: residual lhs column=511"
517,518,"MEM.E.Read","decode FFN residual: residual rhs column=511"
517,518,"MEM.E.Read","decode FFN residual: residual lhs column=511"
517,518,"MEM.E.Read","decode FFN residual: residual rhs column=511"
517,518,"MEM.E.Write","decode FFN residual: residual write column=506"
517,518,"MEM.E.Write","decode FFN residual: residual write column=506"
517,518,"VXM.ALU0","decode FFN residual: BF16 residual add column=509"
518,519,"MEM.E.Read","decode FFN residual: residual lhs column=512"
518,519,"MEM.E.Read","decode FFN residual: residual rhs column=512"
518,519,"MEM.E.Read","decode FFN residual: residual lhs column=512"
518,519,"MEM.E.Read","decode FFN residual: residual rhs column=512"
518,519,"MEM.E.Write","decode FFN residual: residual write column=507"
518,519,"MEM.E.Write","decode FFN residual: residual write column=507"
518,519,"VXM.ALU0","decode FFN residual: BF16 residual add column=510"
519,520,"MEM.E.Read","decode FFN residual: residual lhs column=513"
519,520,"MEM.E.Read","decode FFN residual: residual rhs column=513"
519,520,"MEM.E.Read","decode FFN residual: residual lhs column=513"
519,520,"MEM.E.Read","decode FFN residual: residual rhs column=513"
519,520,"MEM.E.Write","decode FFN residual: residual write column=508"
519,520,"MEM.E.Write","decode FFN residual: residual write column=508"
519,520,"VXM.ALU0","decode FFN residual: BF16 residual add column=511"
520,521,"MEM.E.Read","decode FFN residual: residual lhs column=514"
520,521,"MEM.E.Read","decode FFN residual: residual rhs column=514"
520,521,"MEM.E.Read","decode FFN residual: residual lhs column=514"
520,521,"MEM.E.Read","decode FFN residual: residual rhs column=514"
520,521,"MEM.E.Write","decode FFN residual: residual write column=509"
520,521,"MEM.E.Write","decode FFN residual: residual write column=509"
520,521,"VXM.ALU0","decode FFN residual: BF16 residual add column=512"
521,522,"MEM.E.Read","decode FFN residual: residual lhs column=515"
521,522,"MEM.E.Read","decode FFN residual: residual rhs column=515"
521,522,"MEM.E.Read","decode FFN residual: residual lhs column=515"
521,522,"MEM.E.Read","decode FFN residual: residual rhs column=515"
521,522,"MEM.E.Write","decode FFN residual: residual write column=510"
521,522,"MEM.E.Write","decode FFN residual: residual write column=510"
521,522,"VXM.ALU0","decode FFN residual: BF16 residual add column=513"
522,523,"MEM.E.Read","decode FFN residual: residual lhs column=516"
522,523,"MEM.E.Read","decode FFN residual: residual rhs column=516"
522,523,"MEM.E.Read","decode FFN residual: residual lhs column=516"
522,523,"MEM.E.Read","decode FFN residual: residual rhs column=516"
522,523,"MEM.E.Write","decode FFN residual: residual write column=511"
522,523,"MEM.E.Write","decode FFN residual: residual write column=511"
522,523,"VXM.ALU0","decode FFN residual: BF16 residual add column=514"
523,524,"MEM.E.Read","decode FFN residual: residual lhs column=517"
523,524,"MEM.E.Read","decode FFN residual: residual rhs column=517"
523,524,"MEM.E.Read","decode FFN residual: residual lhs column=517"
523,524,"MEM.E.Read","decode FFN residual: residual rhs column=517"
523,524,"MEM.E.Write","decode FFN residual: residual write column=512"
523,524,"MEM.E.Write","decode FFN residual: residual write column=512"
523,524,"VXM.ALU0","decode FFN residual: BF16 residual add column=515"
524,525,"MEM.E.Read","decode FFN residual: residual lhs column=518"
524,525,"MEM.E.Read","decode FFN residual: residual rhs column=518"
524,525,"MEM.E.Read","decode FFN residual: residual lhs column=518"
524,525,"MEM.E.Read","decode FFN residual: residual rhs column=518"
524,525,"MEM.E.Write","decode FFN residual: residual write column=513"
524,525,"MEM.E.Write","decode FFN residual: residual write column=513"
524,525,"VXM.ALU0","decode FFN residual: BF16 residual add column=516"
525,526,"MEM.E.Read","decode FFN residual: residual lhs column=519"
525,526,"MEM.E.Read","decode FFN residual: residual rhs column=519"
525,526,"MEM.E.Read","decode FFN residual: residual lhs column=519"
525,526,"MEM.E.Read","decode FFN residual: residual rhs column=519"
525,526,"MEM.E.Write","decode FFN residual: residual write column=514"
525,526,"MEM.E.Write","decode FFN residual: residual write column=514"
525,526,"VXM.ALU0","decode FFN residual: BF16 residual add column=517"
526,527,"MEM.E.Read","decode FFN residual: residual lhs column=520"
526,527,"MEM.E.Read","decode FFN residual: residual rhs column=520"
526,527,"MEM.E.Read","decode FFN residual: residual lhs column=520"
526,527,"MEM.E.Read","decode FFN residual: residual rhs column=520"
526,527,"MEM.E.Write","decode FFN residual: residual write column=515"
526,527,"MEM.E.Write","decode FFN residual: residual write column=515"
526,527,"VXM.ALU0","decode FFN residual: BF16 residual add column=518"
527,528,"MEM.E.Read","decode FFN residual: residual lhs column=521"
527,528,"MEM.E.Read","decode FFN residual: residual rhs column=521"
527,528,"MEM.E.Read","decode FFN residual: residual lhs column=521"
527,528,"MEM.E.Read","decode FFN residual: residual rhs column=521"
527,528,"MEM.E.Write","decode FFN residual: residual write column=516"
527,528,"MEM.E.Write","decode FFN residual: residual write column=516"
527,528,"VXM.ALU0","decode FFN residual: BF16 residual add column=519"
528,529,"MEM.E.Read","decode FFN residual: residual lhs column=522"
528,529,"MEM.E.Read","decode FFN residual: residual rhs column=522"
528,529,"MEM.E.Read","decode FFN residual: residual lhs column=522"
528,529,"MEM.E.Read","decode FFN residual: residual rhs column=522"
528,529,"MEM.E.Write","decode FFN residual: residual write column=517"
528,529,"MEM.E.Write","decode FFN residual: residual write column=517"
528,529,"VXM.ALU0","decode FFN residual: BF16 residual add column=520"
529,530,"MEM.E.Read","decode FFN residual: residual lhs column=523"
529,530,"MEM.E.Read","decode FFN residual: residual rhs column=523"
529,530,"MEM.E.Read","decode FFN residual: residual lhs column=523"
529,530,"MEM.E.Read","decode FFN residual: residual rhs column=523"
529,530,"MEM.E.Write","decode FFN residual: residual write column=518"
529,530,"MEM.E.Write","decode FFN residual: residual write column=518"
529,530,"VXM.ALU0","decode FFN residual: BF16 residual add column=521"
530,531,"MEM.E.Read","decode FFN residual: residual lhs column=524"
530,531,"MEM.E.Read","decode FFN residual: residual rhs column=524"
530,531,"MEM.E.Read","decode FFN residual: residual lhs column=524"
530,531,"MEM.E.Read","decode FFN residual: residual rhs column=524"
530,531,"MEM.E.Write","decode FFN residual: residual write column=519"
530,531,"MEM.E.Write","decode FFN residual: residual write column=519"
530,531,"VXM.ALU0","decode FFN residual: BF16 residual add column=522"
531,532,"MEM.E.Read","decode FFN residual: residual lhs column=525"
531,532,"MEM.E.Read","decode FFN residual: residual rhs column=525"
531,532,"MEM.E.Read","decode FFN residual: residual lhs column=525"
531,532,"MEM.E.Read","decode FFN residual: residual rhs column=525"
531,532,"MEM.E.Write","decode FFN residual: residual write column=520"
531,532,"MEM.E.Write","decode FFN residual: residual write column=520"
531,532,"VXM.ALU0","decode FFN residual: BF16 residual add column=523"
532,533,"MEM.E.Read","decode FFN residual: residual lhs column=526"
532,533,"MEM.E.Read","decode FFN residual: residual rhs column=526"
532,533,"MEM.E.Read","decode FFN residual: residual lhs column=526"
532,533,"MEM.E.Read","decode FFN residual: residual rhs column=526"
532,533,"MEM.E.Write","decode FFN residual: residual write column=521"
532,533,"MEM.E.Write","decode FFN residual: residual write column=521"
532,533,"VXM.ALU0","decode FFN residual: BF16 residual add column=524"
533,534,"MEM.E.Read","decode FFN residual: residual lhs column=527"
533,534,"MEM.E.Read","decode FFN residual: residual rhs column=527"
533,534,"MEM.E.Read","decode FFN residual: residual lhs column=527"
533,534,"MEM.E.Read","decode FFN residual: residual rhs column=527"
533,534,"MEM.E.Write","decode FFN residual: residual write column=522"
533,534,"MEM.E.Write","decode FFN residual: residual write column=522"
533,534,"VXM.ALU0","decode FFN residual: BF16 residual add column=525"
534,535,"MEM.E.Read","decode FFN residual: residual lhs column=528"
534,535,"MEM.E.Read","decode FFN residual: residual rhs column=528"
534,535,"MEM.E.Read","decode FFN residual: residual lhs column=528"
534,535,"MEM.E.Read","decode FFN residual: residual rhs column=528"
534,535,"MEM.E.Write","decode FFN residual: residual write column=523"
534,535,"MEM.E.Write","decode FFN residual: residual write column=523"
534,535,"VXM.ALU0","decode FFN residual: BF16 residual add column=526"
535,536,"MEM.E.Read","decode FFN residual: residual lhs column=529"
535,536,"MEM.E.Read","decode FFN residual: residual rhs column=529"
535,536,"MEM.E.Read","decode FFN residual: residual lhs column=529"
535,536,"MEM.E.Read","decode FFN residual: residual rhs column=529"
535,536,"MEM.E.Write","decode FFN residual: residual write column=524"
535,536,"MEM.E.Write","decode FFN residual: residual write column=524"
535,536,"VXM.ALU0","decode FFN residual: BF16 residual add column=527"
536,537,"MEM.E.Read","decode FFN residual: residual lhs column=530"
536,537,"MEM.E.Read","decode FFN residual: residual rhs column=530"
536,537,"MEM.E.Read","decode FFN residual: residual lhs column=530"
536,537,"MEM.E.Read","decode FFN residual: residual rhs column=530"
536,537,"MEM.E.Write","decode FFN residual: residual write column=525"
536,537,"MEM.E.Write","decode FFN residual: residual write column=525"
536,537,"VXM.ALU0","decode FFN residual: BF16 residual add column=528"
537,538,"MEM.E.Read","decode FFN residual: residual lhs column=531"
537,538,"MEM.E.Read","decode FFN residual: residual rhs column=531"
537,538,"MEM.E.Read","decode FFN residual: residual lhs column=531"
537,538,"MEM.E.Read","decode FFN residual: residual rhs column=531"
537,538,"MEM.E.Write","decode FFN residual: residual write column=526"
537,538,"MEM.E.Write","decode FFN residual: residual write column=526"
537,538,"VXM.ALU0","decode FFN residual: BF16 residual add column=529"
538,539,"MEM.E.Read","decode FFN residual: residual lhs column=532"
538,539,"MEM.E.Read","decode FFN residual: residual rhs column=532"
538,539,"MEM.E.Read","decode FFN residual: residual lhs column=532"
538,539,"MEM.E.Read","decode FFN residual: residual rhs column=532"
538,539,"MEM.E.Write","decode FFN residual: residual write column=527"
538,539,"MEM.E.Write","decode FFN residual: residual write column=527"
538,539,"VXM.ALU0","decode FFN residual: BF16 residual add column=530"
539,540,"MEM.E.Read","decode FFN residual: residual lhs column=533"
539,540,"MEM.E.Read","decode FFN residual: residual rhs column=533"
539,540,"MEM.E.Read","decode FFN residual: residual lhs column=533"
539,540,"MEM.E.Read","decode FFN residual: residual rhs column=533"
539,540,"MEM.E.Write","decode FFN residual: residual write column=528"
539,540,"MEM.E.Write","decode FFN residual: residual write column=528"
539,540,"VXM.ALU0","decode FFN residual: BF16 residual add column=531"
540,541,"MEM.E.Read","decode FFN residual: residual lhs column=534"
540,541,"MEM.E.Read","decode FFN residual: residual rhs column=534"
540,541,"MEM.E.Read","decode FFN residual: residual lhs column=534"
540,541,"MEM.E.Read","decode FFN residual: residual rhs column=534"
540,541,"MEM.E.Write","decode FFN residual: residual write column=529"
540,541,"MEM.E.Write","decode FFN residual: residual write column=529"
540,541,"VXM.ALU0","decode FFN residual: BF16 residual add column=532"
541,542,"MEM.E.Read","decode FFN residual: residual lhs column=535"
541,542,"MEM.E.Read","decode FFN residual: residual rhs column=535"
541,542,"MEM.E.Read","decode FFN residual: residual lhs column=535"
541,542,"MEM.E.Read","decode FFN residual: residual rhs column=535"
541,542,"MEM.E.Write","decode FFN residual: residual write column=530"
541,542,"MEM.E.Write","decode FFN residual: residual write column=530"
541,542,"VXM.ALU0","decode FFN residual: BF16 residual add column=533"
542,543,"MEM.E.Read","decode FFN residual: residual lhs column=536"
542,543,"MEM.E.Read","decode FFN residual: residual rhs column=536"
542,543,"MEM.E.Read","decode FFN residual: residual lhs column=536"
542,543,"MEM.E.Read","decode FFN residual: residual rhs column=536"
542,543,"MEM.E.Write","decode FFN residual: residual write column=531"
542,543,"MEM.E.Write","decode FFN residual: residual write column=531"
542,543,"VXM.ALU0","decode FFN residual: BF16 residual add column=534"
543,544,"MEM.E.Read","decode FFN residual: residual lhs column=537"
543,544,"MEM.E.Read","decode FFN residual: residual rhs column=537"
543,544,"MEM.E.Read","decode FFN residual: residual lhs column=537"
543,544,"MEM.E.Read","decode FFN residual: residual rhs column=537"
543,544,"MEM.E.Write","decode FFN residual: residual write column=532"
543,544,"MEM.E.Write","decode FFN residual: residual write column=532"
543,544,"VXM.ALU0","decode FFN residual: BF16 residual add column=535"
544,545,"MEM.E.Read","decode FFN residual: residual lhs column=538"
544,545,"MEM.E.Read","decode FFN residual: residual rhs column=538"
544,545,"MEM.E.Read","decode FFN residual: residual lhs column=538"
544,545,"MEM.E.Read","decode FFN residual: residual rhs column=538"
544,545,"MEM.E.Write","decode FFN residual: residual write column=533"
544,545,"MEM.E.Write","decode FFN residual: residual write column=533"
544,545,"VXM.ALU0","decode FFN residual: BF16 residual add column=536"
545,546,"MEM.E.Read","decode FFN residual: residual lhs column=539"
545,546,"MEM.E.Read","decode FFN residual: residual rhs column=539"
545,546,"MEM.E.Read","decode FFN residual: residual lhs column=539"
545,546,"MEM.E.Read","decode FFN residual: residual rhs column=539"
545,546,"MEM.E.Write","decode FFN residual: residual write column=534"
545,546,"MEM.E.Write","decode FFN residual: residual write column=534"
545,546,"VXM.ALU0","decode FFN residual: BF16 residual add column=537"
546,547,"MEM.E.Read","decode FFN residual: residual lhs column=540"
546,547,"MEM.E.Read","decode FFN residual: residual rhs column=540"
546,547,"MEM.E.Read","decode FFN residual: residual lhs column=540"
546,547,"MEM.E.Read","decode FFN residual: residual rhs column=540"
546,547,"MEM.E.Write","decode FFN residual: residual write column=535"
546,547,"MEM.E.Write","decode FFN residual: residual write column=535"
546,547,"VXM.ALU0","decode FFN residual: BF16 residual add column=538"
547,548,"MEM.E.Read","decode FFN residual: residual lhs column=541"
547,548,"MEM.E.Read","decode FFN residual: residual rhs column=541"
547,548,"MEM.E.Read","decode FFN residual: residual lhs column=541"
547,548,"MEM.E.Read","decode FFN residual: residual rhs column=541"
547,548,"MEM.E.Write","decode FFN residual: residual write column=536"
547,548,"MEM.E.Write","decode FFN residual: residual write column=536"
547,548,"VXM.ALU0","decode FFN residual: BF16 residual add column=539"
548,549,"MEM.E.Read","decode FFN residual: residual lhs column=542"
548,549,"MEM.E.Read","decode FFN residual: residual rhs column=542"
548,549,"MEM.E.Read","decode FFN residual: residual lhs column=542"
548,549,"MEM.E.Read","decode FFN residual: residual rhs column=542"
548,549,"MEM.E.Write","decode FFN residual: residual write column=537"
548,549,"MEM.E.Write","decode FFN residual: residual write column=537"
548,549,"VXM.ALU0","decode FFN residual: BF16 residual add column=540"
549,550,"MEM.E.Read","decode FFN residual: residual lhs column=543"
549,550,"MEM.E.Read","decode FFN residual: residual rhs column=543"
549,550,"MEM.E.Read","decode FFN residual: residual lhs column=543"
549,550,"MEM.E.Read","decode FFN residual: residual rhs column=543"
549,550,"MEM.E.Write","decode FFN residual: residual write column=538"
549,550,"MEM.E.Write","decode FFN residual: residual write column=538"
549,550,"VXM.ALU0","decode FFN residual: BF16 residual add column=541"
550,551,"MEM.E.Read","decode FFN residual: residual lhs column=544"
550,551,"MEM.E.Read","decode FFN residual: residual rhs column=544"
550,551,"MEM.E.Read","decode FFN residual: residual lhs column=544"
550,551,"MEM.E.Read","decode FFN residual: residual rhs column=544"
550,551,"MEM.E.Write","decode FFN residual: residual write column=539"
550,551,"MEM.E.Write","decode FFN residual: residual write column=539"
550,551,"VXM.ALU0","decode FFN residual: BF16 residual add column=542"
551,552,"MEM.E.Read","decode FFN residual: residual lhs column=545"
551,552,"MEM.E.Read","decode FFN residual: residual rhs column=545"
551,552,"MEM.E.Read","decode FFN residual: residual lhs column=545"
551,552,"MEM.E.Read","decode FFN residual: residual rhs column=545"
551,552,"MEM.E.Write","decode FFN residual: residual write column=540"
551,552,"MEM.E.Write","decode FFN residual: residual write column=540"
551,552,"VXM.ALU0","decode FFN residual: BF16 residual add column=543"
552,553,"MEM.E.Read","decode FFN residual: residual lhs column=546"
552,553,"MEM.E.Read","decode FFN residual: residual rhs column=546"
552,553,"MEM.E.Read","decode FFN residual: residual lhs column=546"
552,553,"MEM.E.Read","decode FFN residual: residual rhs column=546"
552,553,"MEM.E.Write","decode FFN residual: residual write column=541"
552,553,"MEM.E.Write","decode FFN residual: residual write column=541"
552,553,"VXM.ALU0","decode FFN residual: BF16 residual add column=544"
553,554,"MEM.E.Read","decode FFN residual: residual lhs column=547"
553,554,"MEM.E.Read","decode FFN residual: residual rhs column=547"
553,554,"MEM.E.Read","decode FFN residual: residual lhs column=547"
553,554,"MEM.E.Read","decode FFN residual: residual rhs column=547"
553,554,"MEM.E.Write","decode FFN residual: residual write column=542"
553,554,"MEM.E.Write","decode FFN residual: residual write column=542"
553,554,"VXM.ALU0","decode FFN residual: BF16 residual add column=545"
554,555,"MEM.E.Read","decode FFN residual: residual lhs column=548"
554,555,"MEM.E.Read","decode FFN residual: residual rhs column=548"
554,555,"MEM.E.Read","decode FFN residual: residual lhs column=548"
554,555,"MEM.E.Read","decode FFN residual: residual rhs column=548"
554,555,"MEM.E.Write","decode FFN residual: residual write column=543"
554,555,"MEM.E.Write","decode FFN residual: residual write column=543"
554,555,"VXM.ALU0","decode FFN residual: BF16 residual add column=546"
555,556,"MEM.E.Read","decode FFN residual: residual lhs column=549"
555,556,"MEM.E.Read","decode FFN residual: residual rhs column=549"
555,556,"MEM.E.Read","decode FFN residual: residual lhs column=549"
555,556,"MEM.E.Read","decode FFN residual: residual rhs column=549"
555,556,"MEM.E.Write","decode FFN residual: residual write column=544"
555,556,"MEM.E.Write","decode FFN residual: residual write column=544"
555,556,"VXM.ALU0","decode FFN residual: BF16 residual add column=547"
556,557,"MEM.E.Read","decode FFN residual: residual lhs column=550"
556,557,"MEM.E.Read","decode FFN residual: residual rhs column=550"
556,557,"MEM.E.Read","decode FFN residual: residual lhs column=550"
556,557,"MEM.E.Read","decode FFN residual: residual rhs column=550"
556,557,"MEM.E.Write","decode FFN residual: residual write column=545"
556,557,"MEM.E.Write","decode FFN residual: residual write column=545"
556,557,"VXM.ALU0","decode FFN residual: BF16 residual add column=548"
557,558,"MEM.E.Read","decode FFN residual: residual lhs column=551"
557,558,"MEM.E.Read","decode FFN residual: residual rhs column=551"
557,558,"MEM.E.Read","decode FFN residual: residual lhs column=551"
557,558,"MEM.E.Read","decode FFN residual: residual rhs column=551"
557,558,"MEM.E.Write","decode FFN residual: residual write column=546"
557,558,"MEM.E.Write","decode FFN residual: residual write column=546"
557,558,"VXM.ALU0","decode FFN residual: BF16 residual add column=549"
558,559,"MEM.E.Read","decode FFN residual: residual lhs column=552"
558,559,"MEM.E.Read","decode FFN residual: residual rhs column=552"
558,559,"MEM.E.Read","decode FFN residual: residual lhs column=552"
558,559,"MEM.E.Read","decode FFN residual: residual rhs column=552"
558,559,"MEM.E.Write","decode FFN residual: residual write column=547"
558,559,"MEM.E.Write","decode FFN residual: residual write column=547"
558,559,"VXM.ALU0","decode FFN residual: BF16 residual add column=550"
559,560,"MEM.E.Read","decode FFN residual: residual lhs column=553"
559,560,"MEM.E.Read","decode FFN residual: residual rhs column=553"
559,560,"MEM.E.Read","decode FFN residual: residual lhs column=553"
559,560,"MEM.E.Read","decode FFN residual: residual rhs column=553"
559,560,"MEM.E.Write","decode FFN residual: residual write column=548"
559,560,"MEM.E.Write","decode FFN residual: residual write column=548"
559,560,"VXM.ALU0","decode FFN residual: BF16 residual add column=551"
560,561,"MEM.E.Read","decode FFN residual: residual lhs column=554"
560,561,"MEM.E.Read","decode FFN residual: residual rhs column=554"
560,561,"MEM.E.Read","decode FFN residual: residual lhs column=554"
560,561,"MEM.E.Read","decode FFN residual: residual rhs column=554"
560,561,"MEM.E.Write","decode FFN residual: residual write column=549"
560,561,"MEM.E.Write","decode FFN residual: residual write column=549"
560,561,"VXM.ALU0","decode FFN residual: BF16 residual add column=552"
561,562,"MEM.E.Read","decode FFN residual: residual lhs column=555"
561,562,"MEM.E.Read","decode FFN residual: residual rhs column=555"
561,562,"MEM.E.Read","decode FFN residual: residual lhs column=555"
561,562,"MEM.E.Read","decode FFN residual: residual rhs column=555"
561,562,"MEM.E.Write","decode FFN residual: residual write column=550"
561,562,"MEM.E.Write","decode FFN residual: residual write column=550"
561,562,"VXM.ALU0","decode FFN residual: BF16 residual add column=553"
562,563,"MEM.E.Read","decode FFN residual: residual lhs column=556"
562,563,"MEM.E.Read","decode FFN residual: residual rhs column=556"
562,563,"MEM.E.Read","decode FFN residual: residual lhs column=556"
562,563,"MEM.E.Read","decode FFN residual: residual rhs column=556"
562,563,"MEM.E.Write","decode FFN residual: residual write column=551"
562,563,"MEM.E.Write","decode FFN residual: residual write column=551"
562,563,"VXM.ALU0","decode FFN residual: BF16 residual add column=554"
563,564,"MEM.E.Read","decode FFN residual: residual lhs column=557"
563,564,"MEM.E.Read","decode FFN residual: residual rhs column=557"
563,564,"MEM.E.Read","decode FFN residual: residual lhs column=557"
563,564,"MEM.E.Read","decode FFN residual: residual rhs column=557"
563,564,"MEM.E.Write","decode FFN residual: residual write column=552"
563,564,"MEM.E.Write","decode FFN residual: residual write column=552"
563,564,"VXM.ALU0","decode FFN residual: BF16 residual add column=555"
564,565,"MEM.E.Read","decode FFN residual: residual lhs column=558"
564,565,"MEM.E.Read","decode FFN residual: residual rhs column=558"
564,565,"MEM.E.Read","decode FFN residual: residual lhs column=558"
564,565,"MEM.E.Read","decode FFN residual: residual rhs column=558"
564,565,"MEM.E.Write","decode FFN residual: residual write column=553"
564,565,"MEM.E.Write","decode FFN residual: residual write column=553"
564,565,"VXM.ALU0","decode FFN residual: BF16 residual add column=556"
565,566,"MEM.E.Read","decode FFN residual: residual lhs column=559"
565,566,"MEM.E.Read","decode FFN residual: residual rhs column=559"
565,566,"MEM.E.Read","decode FFN residual: residual lhs column=559"
565,566,"MEM.E.Read","decode FFN residual: residual rhs column=559"
565,566,"MEM.E.Write","decode FFN residual: residual write column=554"
565,566,"MEM.E.Write","decode FFN residual: residual write column=554"
565,566,"VXM.ALU0","decode FFN residual: BF16 residual add column=557"
566,567,"MEM.E.Read","decode FFN residual: residual lhs column=560"
566,567,"MEM.E.Read","decode FFN residual: residual rhs column=560"
566,567,"MEM.E.Read","decode FFN residual: residual lhs column=560"
566,567,"MEM.E.Read","decode FFN residual: residual rhs column=560"
566,567,"MEM.E.Write","decode FFN residual: residual write column=555"
566,567,"MEM.E.Write","decode FFN residual: residual write column=555"
566,567,"VXM.ALU0","decode FFN residual: BF16 residual add column=558"
567,568,"MEM.E.Read","decode FFN residual: residual lhs column=561"
567,568,"MEM.E.Read","decode FFN residual: residual rhs column=561"
567,568,"MEM.E.Read","decode FFN residual: residual lhs column=561"
567,568,"MEM.E.Read","decode FFN residual: residual rhs column=561"
567,568,"MEM.E.Write","decode FFN residual: residual write column=556"
567,568,"MEM.E.Write","decode FFN residual: residual write column=556"
567,568,"VXM.ALU0","decode FFN residual: BF16 residual add column=559"
568,569,"MEM.E.Read","decode FFN residual: residual lhs column=562"
568,569,"MEM.E.Read","decode FFN residual: residual rhs column=562"
568,569,"MEM.E.Read","decode FFN residual: residual lhs column=562"
568,569,"MEM.E.Read","decode FFN residual: residual rhs column=562"
568,569,"MEM.E.Write","decode FFN residual: residual write column=557"
568,569,"MEM.E.Write","decode FFN residual: residual write column=557"
568,569,"VXM.ALU0","decode FFN residual: BF16 residual add column=560"
569,570,"MEM.E.Read","decode FFN residual: residual lhs column=563"
569,570,"MEM.E.Read","decode FFN residual: residual rhs column=563"
569,570,"MEM.E.Read","decode FFN residual: residual lhs column=563"
569,570,"MEM.E.Read","decode FFN residual: residual rhs column=563"
569,570,"MEM.E.Write","decode FFN residual: residual write column=558"
569,570,"MEM.E.Write","decode FFN residual: residual write column=558"
569,570,"VXM.ALU0","decode FFN residual: BF16 residual add column=561"
570,571,"MEM.E.Read","decode FFN residual: residual lhs column=564"
570,571,"MEM.E.Read","decode FFN residual: residual rhs column=564"
570,571,"MEM.E.Read","decode FFN residual: residual lhs column=564"
570,571,"MEM.E.Read","decode FFN residual: residual rhs column=564"
570,571,"MEM.E.Write","decode FFN residual: residual write column=559"
570,571,"MEM.E.Write","decode FFN residual: residual write column=559"
570,571,"VXM.ALU0","decode FFN residual: BF16 residual add column=562"
571,572,"MEM.E.Read","decode FFN residual: residual lhs column=565"
571,572,"MEM.E.Read","decode FFN residual: residual rhs column=565"
571,572,"MEM.E.Read","decode FFN residual: residual lhs column=565"
571,572,"MEM.E.Read","decode FFN residual: residual rhs column=565"
571,572,"MEM.E.Write","decode FFN residual: residual write column=560"
571,572,"MEM.E.Write","decode FFN residual: residual write column=560"
571,572,"VXM.ALU0","decode FFN residual: BF16 residual add column=563"
572,573,"MEM.E.Read","decode FFN residual: residual lhs column=566"
572,573,"MEM.E.Read","decode FFN residual: residual rhs column=566"
572,573,"MEM.E.Read","decode FFN residual: residual lhs column=566"
572,573,"MEM.E.Read","decode FFN residual: residual rhs column=566"
572,573,"MEM.E.Write","decode FFN residual: residual write column=561"
572,573,"MEM.E.Write","decode FFN residual: residual write column=561"
572,573,"VXM.ALU0","decode FFN residual: BF16 residual add column=564"
573,574,"MEM.E.Read","decode FFN residual: residual lhs column=567"
573,574,"MEM.E.Read","decode FFN residual: residual rhs column=567"
573,574,"MEM.E.Read","decode FFN residual: residual lhs column=567"
573,574,"MEM.E.Read","decode FFN residual: residual rhs column=567"
573,574,"MEM.E.Write","decode FFN residual: residual write column=562"
573,574,"MEM.E.Write","decode FFN residual: residual write column=562"
573,574,"VXM.ALU0","decode FFN residual: BF16 residual add column=565"
574,575,"MEM.E.Read","decode FFN residual: residual lhs column=568"
574,575,"MEM.E.Read","decode FFN residual: residual rhs column=568"
574,575,"MEM.E.Read","decode FFN residual: residual lhs column=568"
574,575,"MEM.E.Read","decode FFN residual: residual rhs column=568"
574,575,"MEM.E.Write","decode FFN residual: residual write column=563"
574,575,"MEM.E.Write","decode FFN residual: residual write column=563"
574,575,"VXM.ALU0","decode FFN residual: BF16 residual add column=566"
575,576,"MEM.E.Read","decode FFN residual: residual lhs column=569"
575,576,"MEM.E.Read","decode FFN residual: residual rhs column=569"
575,576,"MEM.E.Read","decode FFN residual: residual lhs column=569"
575,576,"MEM.E.Read","decode FFN residual: residual rhs column=569"
575,576,"MEM.E.Write","decode FFN residual: residual write column=564"
575,576,"MEM.E.Write","decode FFN residual: residual write column=564"
575,576,"VXM.ALU0","decode FFN residual: BF16 residual add column=567"
576,577,"MEM.E.Read","decode FFN residual: residual lhs column=570"
576,577,"MEM.E.Read","decode FFN residual: residual rhs column=570"
576,577,"MEM.E.Read","decode FFN residual: residual lhs column=570"
576,577,"MEM.E.Read","decode FFN residual: residual rhs column=570"
576,577,"MEM.E.Write","decode FFN residual: residual write column=565"
576,577,"MEM.E.Write","decode FFN residual: residual write column=565"
576,577,"VXM.ALU0","decode FFN residual: BF16 residual add column=568"
577,578,"MEM.E.Read","decode FFN residual: residual lhs column=571"
577,578,"MEM.E.Read","decode FFN residual: residual rhs column=571"
577,578,"MEM.E.Read","decode FFN residual: residual lhs column=571"
577,578,"MEM.E.Read","decode FFN residual: residual rhs column=571"
577,578,"MEM.E.Write","decode FFN residual: residual write column=566"
577,578,"MEM.E.Write","decode FFN residual: residual write column=566"
577,578,"VXM.ALU0","decode FFN residual: BF16 residual add column=569"
578,579,"MEM.E.Read","decode FFN residual: residual lhs column=572"
578,579,"MEM.E.Read","decode FFN residual: residual rhs column=572"
578,579,"MEM.E.Read","decode FFN residual: residual lhs column=572"
578,579,"MEM.E.Read","decode FFN residual: residual rhs column=572"
578,579,"MEM.E.Write","decode FFN residual: residual write column=567"
578,579,"MEM.E.Write","decode FFN residual: residual write column=567"
578,579,"VXM.ALU0","decode FFN residual: BF16 residual add column=570"
579,580,"MEM.E.Read","decode FFN residual: residual lhs column=573"
579,580,"MEM.E.Read","decode FFN residual: residual rhs column=573"
579,580,"MEM.E.Read","decode FFN residual: residual lhs column=573"
579,580,"MEM.E.Read","decode FFN residual: residual rhs column=573"
579,580,"MEM.E.Write","decode FFN residual: residual write column=568"
579,580,"MEM.E.Write","decode FFN residual: residual write column=568"
579,580,"VXM.ALU0","decode FFN residual: BF16 residual add column=571"
580,581,"MEM.E.Read","decode FFN residual: residual lhs column=574"
580,581,"MEM.E.Read","decode FFN residual: residual rhs column=574"
580,581,"MEM.E.Read","decode FFN residual: residual lhs column=574"
580,581,"MEM.E.Read","decode FFN residual: residual rhs column=574"
580,581,"MEM.E.Write","decode FFN residual: residual write column=569"
580,581,"MEM.E.Write","decode FFN residual: residual write column=569"
580,581,"VXM.ALU0","decode FFN residual: BF16 residual add column=572"
581,582,"MEM.E.Read","decode FFN residual: residual lhs column=575"
581,582,"MEM.E.Read","decode FFN residual: residual rhs column=575"
581,582,"MEM.E.Read","decode FFN residual: residual lhs column=575"
581,582,"MEM.E.Read","decode FFN residual: residual rhs column=575"
581,582,"MEM.E.Write","decode FFN residual: residual write column=570"
581,582,"MEM.E.Write","decode FFN residual: residual write column=570"
581,582,"VXM.ALU0","decode FFN residual: BF16 residual add column=573"
582,583,"MEM.E.Write","decode FFN residual: residual write column=571"
582,583,"MEM.E.Write","decode FFN residual: residual write column=571"
582,583,"VXM.ALU0","decode FFN residual: BF16 residual add column=574"
583,584,"MEM.E.Write","decode FFN residual: residual write column=572"
583,584,"MEM.E.Write","decode FFN residual: residual write column=572"
583,584,"VXM.ALU0","decode FFN residual: BF16 residual add column=575"
584,585,"MEM.E.Write","decode FFN residual: residual write column=573"
584,585,"MEM.E.Write","decode FFN residual: residual write column=573"
585,586,"MEM.E.Write","decode FFN residual: residual write column=574"
585,586,"MEM.E.Write","decode FFN residual: residual write column=574"
586,587,"MEM.E.Write","decode FFN residual: residual write column=575"
586,587,"MEM.E.Write","decode FFN residual: residual write column=575"
