start,end,resource,detail
6,7,"MEM.E.Read","decode norm1: RMSNorm x column=0"
6,7,"MEM.E.Read","decode norm1: RMSNorm x column=0"
7,8,"MEM.E.Read","decode norm1: RMSNorm x column=1"
7,8,"MEM.E.Read","decode norm1: RMSNorm x column=1"
8,9,"MEM.E.Read","decode norm1: RMSNorm x column=2"
8,9,"MEM.E.Read","decode norm1: RMSNorm x column=2"
8,9,"VXM.ALU0","decode norm1: square column=0"
8,9,"VXM.ALU1","decode norm1: sum(x^2) init"
9,10,"MEM.E.Read","decode norm1: RMSNorm x column=3"
9,10,"MEM.E.Read","decode norm1: RMSNorm x column=3"
9,10,"VXM.ALU0","decode norm1: square column=1"
9,10,"VXM.ALU1","decode norm1: sum(x^2) column=0"
10,11,"MEM.E.Read","decode norm1: RMSNorm x column=4"
10,11,"MEM.E.Read","decode norm1: RMSNorm x column=4"
10,11,"VXM.ALU0","decode norm1: square column=2"
10,11,"VXM.ALU1","decode norm1: sum(x^2) column=1"
11,12,"MEM.E.Read","decode norm1: RMSNorm x column=5"
11,12,"MEM.E.Read","decode norm1: RMSNorm x column=5"
11,12,"VXM.ALU0","decode norm1: square column=3"
11,12,"VXM.ALU1","decode norm1: sum(x^2) column=2"
12,13,"MEM.E.Read","decode norm1: RMSNorm x column=6"
12,13,"MEM.E.Read","decode norm1: RMSNorm x column=6"
12,13,"VXM.ALU0","decode norm1: square column=4"
12,13,"VXM.ALU1","decode norm1: sum(x^2) column=3"
13,14,"MEM.E.Read","decode norm1: RMSNorm x column=7"
13,14,"MEM.E.Read","decode norm1: RMSNorm x column=7"
13,14,"VXM.ALU0","decode norm1: square column=5"
13,14,"VXM.ALU1","decode norm1: sum(x^2) column=4"
14,15,"MEM.E.Read","decode norm1: RMSNorm x column=8"
14,15,"MEM.E.Read","decode norm1: RMSNorm x column=8"
14,15,"VXM.ALU0","decode norm1: square column=6"
14,15,"VXM.ALU1","decode norm1: sum(x^2) column=5"
15,16,"MEM.E.Read","decode norm1: RMSNorm x column=9"
15,16,"MEM.E.Read","decode norm1: RMSNorm x column=9"
15,16,"VXM.ALU0","decode norm1: square column=7"
15,16,"VXM.ALU1","decode norm1: sum(x^2) column=6"
16,17,"MEM.E.Read","decode norm1: RMSNorm x column=10"
16,17,"MEM.E.Read","decode norm1: RMSNorm x column=10"
16,17,"VXM.ALU0","decode norm1: square column=8"
16,17,"VXM.ALU1","decode norm1: sum(x^2) column=7"
17,18,"MEM.E.Read","decode norm1: RMSNorm x column=11"
17,18,"MEM.E.Read","decode norm1: RMSNorm x column=11"
17,18,"VXM.ALU0","decode norm1: square column=9"
17,18,"VXM.ALU1","decode norm1: sum(x^2) column=8"
18,19,"MEM.E.Read","decode norm1: RMSNorm x column=12"
18,19,"MEM.E.Read","decode norm1: RMSNorm x column=12"
18,19,"VXM.ALU0","decode norm1: square column=10"
18,19,"VXM.ALU1","decode norm1: sum(x^2) column=9"
19,20,"MEM.E.Read","decode norm1: RMSNorm x column=13"
19,20,"MEM.E.Read","decode norm1: RMSNorm x column=13"
19,20,"VXM.ALU0","decode norm1: square column=11"
19,20,"VXM.ALU1","decode norm1: sum(x^2) column=10"
20,21,"MEM.E.Read","decode norm1: RMSNorm x column=14"
20,21,"MEM.E.Read","decode norm1: RMSNorm x column=14"
20,21,"VXM.ALU0","decode norm1: square column=12"
20,21,"VXM.ALU1","decode norm1: sum(x^2) column=11"
21,22,"MEM.E.Read","decode norm1: RMSNorm x column=15"
21,22,"MEM.E.Read","decode norm1: RMSNorm x column=15"
21,22,"VXM.ALU0","decode norm1: square column=13"
21,22,"VXM.ALU1","decode norm1: sum(x^2) column=12"
22,23,"MEM.E.Read","decode norm1: RMSNorm x column=16"
22,23,"MEM.E.Read","decode norm1: RMSNorm x column=16"
22,23,"VXM.ALU0","decode norm1: square column=14"
22,23,"VXM.ALU1","decode norm1: sum(x^2) column=13"
23,24,"MEM.E.Read","decode norm1: RMSNorm x column=17"
23,24,"MEM.E.Read","decode norm1: RMSNorm x column=17"
23,24,"VXM.ALU0","decode norm1: square column=15"
23,24,"VXM.ALU1","decode norm1: sum(x^2) column=14"
24,25,"MEM.E.Read","decode norm1: RMSNorm x column=18"
24,25,"MEM.E.Read","decode norm1: RMSNorm x column=18"
24,25,"VXM.ALU0","decode norm1: square column=16"
24,25,"VXM.ALU1","decode norm1: sum(x^2) column=15"
25,26,"MEM.E.Read","decode norm1: RMSNorm x column=19"
25,26,"MEM.E.Read","decode norm1: RMSNorm x column=19"
25,26,"VXM.ALU0","decode norm1: square column=17"
25,26,"VXM.ALU1","decode norm1: sum(x^2) column=16"
26,27,"MEM.E.Read","decode norm1: RMSNorm x column=20"
26,27,"MEM.E.Read","decode norm1: RMSNorm x column=20"
26,27,"VXM.ALU0","decode norm1: square column=18"
26,27,"VXM.ALU1","decode norm1: sum(x^2) column=17"
27,28,"MEM.E.Read","decode norm1: RMSNorm x column=21"
27,28,"MEM.E.Read","decode norm1: RMSNorm x column=21"
27,28,"VXM.ALU0","decode norm1: square column=19"
27,28,"VXM.ALU1","decode norm1: sum(x^2) column=18"
28,29,"MEM.E.Read","decode norm1: RMSNorm x column=22"
28,29,"MEM.E.Read","decode norm1: RMSNorm x column=22"
28,29,"VXM.ALU0","decode norm1: square column=20"
28,29,"VXM.ALU1","decode norm1: sum(x^2) column=19"
29,30,"MEM.E.Read","decode norm1: RMSNorm x column=23"
29,30,"MEM.E.Read","decode norm1: RMSNorm x column=23"
29,30,"VXM.ALU0","decode norm1: square column=21"
29,30,"VXM.ALU1","decode norm1: sum(x^2) column=20"
30,31,"MEM.E.Read","decode norm1: RMSNorm x column=24"
30,31,"MEM.E.Read","decode norm1: RMSNorm x column=24"
30,31,"VXM.ALU0","decode norm1: square column=22"
30,31,"VXM.ALU1","decode norm1: sum(x^2) column=21"
31,32,"MEM.E.Read","decode norm1: RMSNorm x column=25"
31,32,"MEM.E.Read","decode norm1: RMSNorm x column=25"
31,32,"VXM.ALU0","decode norm1: square column=23"
31,32,"VXM.ALU1","decode norm1: sum(x^2) column=22"
32,33,"MEM.E.Read","decode norm1: RMSNorm x column=26"
32,33,"MEM.E.Read","decode norm1: RMSNorm x column=26"
32,33,"VXM.ALU0","decode norm1: square column=24"
32,33,"VXM.ALU1","decode norm1: sum(x^2) column=23"
33,34,"MEM.E.Read","decode norm1: RMSNorm x column=27"
33,34,"MEM.E.Read","decode norm1: RMSNorm x column=27"
33,34,"VXM.ALU0","decode norm1: square column=25"
33,34,"VXM.ALU1","decode norm1: sum(x^2) column=24"
34,35,"MEM.E.Read","decode norm1: RMSNorm x column=28"
34,35,"MEM.E.Read","decode norm1: RMSNorm x column=28"
34,35,"VXM.ALU0","decode norm1: square column=26"
34,35,"VXM.ALU1","decode norm1: sum(x^2) column=25"
35,36,"MEM.E.Read","decode norm1: RMSNorm x column=29"
35,36,"MEM.E.Read","decode norm1: RMSNorm x column=29"
35,36,"VXM.ALU0","decode norm1: square column=27"
35,36,"VXM.ALU1","decode norm1: sum(x^2) column=26"
36,37,"MEM.E.Read","decode norm1: RMSNorm x column=30"
36,37,"MEM.E.Read","decode norm1: RMSNorm x column=30"
36,37,"VXM.ALU0","decode norm1: square column=28"
36,37,"VXM.ALU1","decode norm1: sum(x^2) column=27"
37,38,"MEM.E.Read","decode norm1: RMSNorm x column=31"
37,38,"MEM.E.Read","decode norm1: RMSNorm x column=31"
37,38,"VXM.ALU0","decode norm1: square column=29"
37,38,"VXM.ALU1","decode norm1: sum(x^2) column=28"
38,39,"MEM.E.Read","decode norm1: RMSNorm x column=32"
38,39,"MEM.E.Read","decode norm1: RMSNorm x column=32"
38,39,"VXM.ALU0","decode norm1: square column=30"
38,39,"VXM.ALU1","decode norm1: sum(x^2) column=29"
39,40,"MEM.E.Read","decode norm1: RMSNorm x column=33"
39,40,"MEM.E.Read","decode norm1: RMSNorm x column=33"
39,40,"VXM.ALU0","decode norm1: square column=31"
39,40,"VXM.ALU1","decode norm1: sum(x^2) column=30"
40,41,"MEM.E.Read","decode norm1: RMSNorm x column=34"
40,41,"MEM.E.Read","decode norm1: RMSNorm x column=34"
40,41,"VXM.ALU0","decode norm1: square column=32"
40,41,"VXM.ALU1","decode norm1: sum(x^2) column=31"
41,42,"MEM.E.Read","decode norm1: RMSNorm x column=35"
41,42,"MEM.E.Read","decode norm1: RMSNorm x column=35"
41,42,"VXM.ALU0","decode norm1: square column=33"
41,42,"VXM.ALU1","decode norm1: sum(x^2) column=32"
42,43,"MEM.E.Read","decode norm1: RMSNorm x column=36"
42,43,"MEM.E.Read","decode norm1: RMSNorm x column=36"
42,43,"VXM.ALU0","decode norm1: square column=34"
42,43,"VXM.ALU1","decode norm1: sum(x^2) column=33"
43,44,"MEM.E.Read","decode norm1: RMSNorm x column=37"
43,44,"MEM.E.Read","decode norm1: RMSNorm x column=37"
43,44,"VXM.ALU0","decode norm1: square column=35"
43,44,"VXM.ALU1","decode norm1: sum(x^2) column=34"
44,45,"MEM.E.Read","decode norm1: RMSNorm x column=38"
44,45,"MEM.E.Read","decode norm1: RMSNorm x column=38"
44,45,"VXM.ALU0","decode norm1: square column=36"
44,45,"VXM.ALU1","decode norm1: sum(x^2) column=35"
45,46,"MEM.E.Read","decode norm1: RMSNorm x column=39"
45,46,"MEM.E.Read","decode norm1: RMSNorm x column=39"
45,46,"VXM.ALU0","decode norm1: square column=37"
45,46,"VXM.ALU1","decode norm1: sum(x^2) column=36"
46,47,"MEM.E.Read","decode norm1: RMSNorm x column=40"
46,47,"MEM.E.Read","decode norm1: RMSNorm x column=40"
46,47,"VXM.ALU0","decode norm1: square column=38"
46,47,"VXM.ALU1","decode norm1: sum(x^2) column=37"
47,48,"MEM.E.Read","decode norm1: RMSNorm x column=41"
47,48,"MEM.E.Read","decode norm1: RMSNorm x column=41"
47,48,"VXM.ALU0","decode norm1: square column=39"
47,48,"VXM.ALU1","decode norm1: sum(x^2) column=38"
48,49,"MEM.E.Read","decode norm1: RMSNorm x column=42"
48,49,"MEM.E.Read","decode norm1: RMSNorm x column=42"
48,49,"VXM.ALU0","decode norm1: square column=40"
48,49,"VXM.ALU1","decode norm1: sum(x^2) column=39"
49,50,"MEM.E.Read","decode norm1: RMSNorm x column=43"
49,50,"MEM.E.Read","decode norm1: RMSNorm x column=43"
49,50,"VXM.ALU0","decode norm1: square column=41"
49,50,"VXM.ALU1","decode norm1: sum(x^2) column=40"
50,51,"MEM.E.Read","decode norm1: RMSNorm x column=44"
50,51,"MEM.E.Read","decode norm1: RMSNorm x column=44"
50,51,"VXM.ALU0","decode norm1: square column=42"
50,51,"VXM.ALU1","decode norm1: sum(x^2) column=41"
51,52,"MEM.E.Read","decode norm1: RMSNorm x column=45"
51,52,"MEM.E.Read","decode norm1: RMSNorm x column=45"
51,52,"VXM.ALU0","decode norm1: square column=43"
51,52,"VXM.ALU1","decode norm1: sum(x^2) column=42"
52,53,"MEM.E.Read","decode norm1: RMSNorm x column=46"
52,53,"MEM.E.Read","decode norm1: RMSNorm x column=46"
52,53,"VXM.ALU0","decode norm1: square column=44"
52,53,"VXM.ALU1","decode norm1: sum(x^2) column=43"
53,54,"MEM.E.Read","decode norm1: RMSNorm x column=47"
53,54,"MEM.E.Read","decode norm1: RMSNorm x column=47"
53,54,"VXM.ALU0","decode norm1: square column=45"
53,54,"VXM.ALU1","decode norm1: sum(x^2) column=44"
54,55,"MEM.E.Read","decode norm1: RMSNorm x column=48"
54,55,"MEM.E.Read","decode norm1: RMSNorm x column=48"
54,55,"VXM.ALU0","decode norm1: square column=46"
54,55,"VXM.ALU1","decode norm1: sum(x^2) column=45"
55,56,"MEM.E.Read","decode norm1: RMSNorm x column=49"
55,56,"MEM.E.Read","decode norm1: RMSNorm x column=49"
55,56,"VXM.ALU0","decode norm1: square column=47"
55,56,"VXM.ALU1","decode norm1: sum(x^2) column=46"
56,57,"MEM.E.Read","decode norm1: RMSNorm x column=50"
56,57,"MEM.E.Read","decode norm1: RMSNorm x column=50"
56,57,"VXM.ALU0","decode norm1: square column=48"
56,57,"VXM.ALU1","decode norm1: sum(x^2) column=47"
57,58,"MEM.E.Read","decode norm1: RMSNorm x column=51"
57,58,"MEM.E.Read","decode norm1: RMSNorm x column=51"
57,58,"VXM.ALU0","decode norm1: square column=49"
57,58,"VXM.ALU1","decode norm1: sum(x^2) column=48"
58,59,"MEM.E.Read","decode norm1: RMSNorm x column=52"
58,59,"MEM.E.Read","decode norm1: RMSNorm x column=52"
58,59,"VXM.ALU0","decode norm1: square column=50"
58,59,"VXM.ALU1","decode norm1: sum(x^2) column=49"
59,60,"MEM.E.Read","decode norm1: RMSNorm x column=53"
59,60,"MEM.E.Read","decode norm1: RMSNorm x column=53"
59,60,"VXM.ALU0","decode norm1: square column=51"
59,60,"VXM.ALU1","decode norm1: sum(x^2) column=50"
60,61,"MEM.E.Read","decode norm1: RMSNorm x column=54"
60,61,"MEM.E.Read","decode norm1: RMSNorm x column=54"
60,61,"VXM.ALU0","decode norm1: square column=52"
60,61,"VXM.ALU1","decode norm1: sum(x^2) column=51"
61,62,"MEM.E.Read","decode norm1: RMSNorm x column=55"
61,62,"MEM.E.Read","decode norm1: RMSNorm x column=55"
61,62,"VXM.ALU0","decode norm1: square column=53"
61,62,"VXM.ALU1","decode norm1: sum(x^2) column=52"
62,63,"MEM.E.Read","decode norm1: RMSNorm x column=56"
62,63,"MEM.E.Read","decode norm1: RMSNorm x column=56"
62,63,"VXM.ALU0","decode norm1: square column=54"
62,63,"VXM.ALU1","decode norm1: sum(x^2) column=53"
63,64,"MEM.E.Read","decode norm1: RMSNorm x column=57"
63,64,"MEM.E.Read","decode norm1: RMSNorm x column=57"
63,64,"VXM.ALU0","decode norm1: square column=55"
63,64,"VXM.ALU1","decode norm1: sum(x^2) column=54"
64,65,"MEM.E.Read","decode norm1: RMSNorm x column=58"
64,65,"MEM.E.Read","decode norm1: RMSNorm x column=58"
64,65,"VXM.ALU0","decode norm1: square column=56"
64,65,"VXM.ALU1","decode norm1: sum(x^2) column=55"
65,66,"MEM.E.Read","decode norm1: RMSNorm x column=59"
65,66,"MEM.E.Read","decode norm1: RMSNorm x column=59"
65,66,"VXM.ALU0","decode norm1: square column=57"
65,66,"VXM.ALU1","decode norm1: sum(x^2) column=56"
66,67,"MEM.E.Read","decode norm1: RMSNorm x column=60"
66,67,"MEM.E.Read","decode norm1: RMSNorm x column=60"
66,67,"VXM.ALU0","decode norm1: square column=58"
66,67,"VXM.ALU1","decode norm1: sum(x^2) column=57"
67,68,"MEM.E.Read","decode norm1: RMSNorm x column=61"
67,68,"MEM.E.Read","decode norm1: RMSNorm x column=61"
67,68,"VXM.ALU0","decode norm1: square column=59"
67,68,"VXM.ALU1","decode norm1: sum(x^2) column=58"
68,69,"MEM.E.Read","decode norm1: RMSNorm x column=62"
68,69,"MEM.E.Read","decode norm1: RMSNorm x column=62"
68,69,"VXM.ALU0","decode norm1: square column=60"
68,69,"VXM.ALU1","decode norm1: sum(x^2) column=59"
69,70,"MEM.E.Read","decode norm1: RMSNorm x column=63"
69,70,"MEM.E.Read","decode norm1: RMSNorm x column=63"
69,70,"VXM.ALU0","decode norm1: square column=61"
69,70,"VXM.ALU1","decode norm1: sum(x^2) column=60"
70,71,"MEM.E.Read","decode norm1: RMSNorm x column=64"
70,71,"MEM.E.Read","decode norm1: RMSNorm x column=64"
70,71,"VXM.ALU0","decode norm1: square column=62"
70,71,"VXM.ALU1","decode norm1: sum(x^2) column=61"
71,72,"MEM.E.Read","decode norm1: RMSNorm x column=65"
71,72,"MEM.E.Read","decode norm1: RMSNorm x column=65"
71,72,"VXM.ALU0","decode norm1: square column=63"
71,72,"VXM.ALU1","decode norm1: sum(x^2) column=62"
72,73,"MEM.E.Read","decode norm1: RMSNorm x column=66"
72,73,"MEM.E.Read","decode norm1: RMSNorm x column=66"
72,73,"VXM.ALU0","decode norm1: square column=64"
72,73,"VXM.ALU1","decode norm1: sum(x^2) column=63"
73,74,"MEM.E.Read","decode norm1: RMSNorm x column=67"
73,74,"MEM.E.Read","decode norm1: RMSNorm x column=67"
73,74,"VXM.ALU0","decode norm1: square column=65"
73,74,"VXM.ALU1","decode norm1: sum(x^2) column=64"
74,75,"MEM.E.Read","decode norm1: RMSNorm x column=68"
74,75,"MEM.E.Read","decode norm1: RMSNorm x column=68"
74,75,"VXM.ALU0","decode norm1: square column=66"
74,75,"VXM.ALU1","decode norm1: sum(x^2) column=65"
75,76,"MEM.E.Read","decode norm1: RMSNorm x column=69"
75,76,"MEM.E.Read","decode norm1: RMSNorm x column=69"
75,76,"VXM.ALU0","decode norm1: square column=67"
75,76,"VXM.ALU1","decode norm1: sum(x^2) column=66"
76,77,"MEM.E.Read","decode norm1: RMSNorm x column=70"
76,77,"MEM.E.Read","decode norm1: RMSNorm x column=70"
76,77,"VXM.ALU0","decode norm1: square column=68"
76,77,"VXM.ALU1","decode norm1: sum(x^2) column=67"
77,78,"MEM.E.Read","decode norm1: RMSNorm x column=71"
77,78,"MEM.E.Read","decode norm1: RMSNorm x column=71"
77,78,"VXM.ALU0","decode norm1: square column=69"
77,78,"VXM.ALU1","decode norm1: sum(x^2) column=68"
78,79,"MEM.E.Read","decode norm1: RMSNorm x column=72"
78,79,"MEM.E.Read","decode norm1: RMSNorm x column=72"
78,79,"VXM.ALU0","decode norm1: square column=70"
78,79,"VXM.ALU1","decode norm1: sum(x^2) column=69"
79,80,"MEM.E.Read","decode norm1: RMSNorm x column=73"
79,80,"MEM.E.Read","decode norm1: RMSNorm x column=73"
79,80,"VXM.ALU0","decode norm1: square column=71"
79,80,"VXM.ALU1","decode norm1: sum(x^2) column=70"
80,81,"MEM.E.Read","decode norm1: RMSNorm x column=74"
80,81,"MEM.E.Read","decode norm1: RMSNorm x column=74"
80,81,"VXM.ALU0","decode norm1: square column=72"
80,81,"VXM.ALU1","decode norm1: sum(x^2) column=71"
81,82,"MEM.E.Read","decode norm1: RMSNorm x column=75"
81,82,"MEM.E.Read","decode norm1: RMSNorm x column=75"
81,82,"VXM.ALU0","decode norm1: square column=73"
81,82,"VXM.ALU1","decode norm1: sum(x^2) column=72"
82,83,"MEM.E.Read","decode norm1: RMSNorm x column=76"
82,83,"MEM.E.Read","decode norm1: RMSNorm x column=76"
82,83,"VXM.ALU0","decode norm1: square column=74"
82,83,"VXM.ALU1","decode norm1: sum(x^2) column=73"
83,84,"MEM.E.Read","decode norm1: RMSNorm x column=77"
83,84,"MEM.E.Read","decode norm1: RMSNorm x column=77"
83,84,"VXM.ALU0","decode norm1: square column=75"
83,84,"VXM.ALU1","decode norm1: sum(x^2) column=74"
84,85,"MEM.E.Read","decode norm1: RMSNorm x column=78"
84,85,"MEM.E.Read","decode norm1: RMSNorm x column=78"
84,85,"VXM.ALU0","decode norm1: square column=76"
84,85,"VXM.ALU1","decode norm1: sum(x^2) column=75"
85,86,"MEM.E.Read","decode norm1: RMSNorm x column=79"
85,86,"MEM.E.Read","decode norm1: RMSNorm x column=79"
85,86,"VXM.ALU0","decode norm1: square column=77"
85,86,"VXM.ALU1","decode norm1: sum(x^2) column=76"
86,87,"MEM.E.Read","decode norm1: RMSNorm x column=80"
86,87,"MEM.E.Read","decode norm1: RMSNorm x column=80"
86,87,"VXM.ALU0","decode norm1: square column=78"
86,87,"VXM.ALU1","decode norm1: sum(x^2) column=77"
87,88,"MEM.E.Read","decode norm1: RMSNorm x column=81"
87,88,"MEM.E.Read","decode norm1: RMSNorm x column=81"
87,88,"VXM.ALU0","decode norm1: square column=79"
87,88,"VXM.ALU1","decode norm1: sum(x^2) column=78"
88,89,"MEM.E.Read","decode norm1: RMSNorm x column=82"
88,89,"MEM.E.Read","decode norm1: RMSNorm x column=82"
88,89,"VXM.ALU0","decode norm1: square column=80"
88,89,"VXM.ALU1","decode norm1: sum(x^2) column=79"
89,90,"MEM.E.Read","decode norm1: RMSNorm x column=83"
89,90,"MEM.E.Read","decode norm1: RMSNorm x column=83"
89,90,"VXM.ALU0","decode norm1: square column=81"
89,90,"VXM.ALU1","decode norm1: sum(x^2) column=80"
90,91,"MEM.E.Read","decode norm1: RMSNorm x column=84"
90,91,"MEM.E.Read","decode norm1: RMSNorm x column=84"
90,91,"VXM.ALU0","decode norm1: square column=82"
90,91,"VXM.ALU1","decode norm1: sum(x^2) column=81"
91,92,"MEM.E.Read","decode norm1: RMSNorm x column=85"
91,92,"MEM.E.Read","decode norm1: RMSNorm x column=85"
91,92,"VXM.ALU0","decode norm1: square column=83"
91,92,"VXM.ALU1","decode norm1: sum(x^2) column=82"
92,93,"MEM.E.Read","decode norm1: RMSNorm x column=86"
92,93,"MEM.E.Read","decode norm1: RMSNorm x column=86"
92,93,"VXM.ALU0","decode norm1: square column=84"
92,93,"VXM.ALU1","decode norm1: sum(x^2) column=83"
93,94,"MEM.E.Read","decode norm1: RMSNorm x column=87"
93,94,"MEM.E.Read","decode norm1: RMSNorm x column=87"
93,94,"VXM.ALU0","decode norm1: square column=85"
93,94,"VXM.ALU1","decode norm1: sum(x^2) column=84"
94,95,"MEM.E.Read","decode norm1: RMSNorm x column=88"
94,95,"MEM.E.Read","decode norm1: RMSNorm x column=88"
94,95,"VXM.ALU0","decode norm1: square column=86"
94,95,"VXM.ALU1","decode norm1: sum(x^2) column=85"
95,96,"MEM.E.Read","decode norm1: RMSNorm x column=89"
95,96,"MEM.E.Read","decode norm1: RMSNorm x column=89"
95,96,"VXM.ALU0","decode norm1: square column=87"
95,96,"VXM.ALU1","decode norm1: sum(x^2) column=86"
96,97,"MEM.E.Read","decode norm1: RMSNorm x column=90"
96,97,"MEM.E.Read","decode norm1: RMSNorm x column=90"
96,97,"VXM.ALU0","decode norm1: square column=88"
96,97,"VXM.ALU1","decode norm1: sum(x^2) column=87"
97,98,"MEM.E.Read","decode norm1: RMSNorm x column=91"
97,98,"MEM.E.Read","decode norm1: RMSNorm x column=91"
97,98,"VXM.ALU0","decode norm1: square column=89"
97,98,"VXM.ALU1","decode norm1: sum(x^2) column=88"
98,99,"MEM.E.Read","decode norm1: RMSNorm x column=92"
98,99,"MEM.E.Read","decode norm1: RMSNorm x column=92"
98,99,"VXM.ALU0","decode norm1: square column=90"
98,99,"VXM.ALU1","decode norm1: sum(x^2) column=89"
99,100,"MEM.E.Read","decode norm1: RMSNorm x column=93"
99,100,"MEM.E.Read","decode norm1: RMSNorm x column=93"
99,100,"VXM.ALU0","decode norm1: square column=91"
99,100,"VXM.ALU1","decode norm1: sum(x^2) column=90"
100,101,"MEM.E.Read","decode norm1: RMSNorm x column=94"
100,101,"MEM.E.Read","decode norm1: RMSNorm x column=94"
100,101,"VXM.ALU0","decode norm1: square column=92"
100,101,"VXM.ALU1","decode norm1: sum(x^2) column=91"
101,102,"MEM.E.Read","decode norm1: RMSNorm x column=95"
101,102,"MEM.E.Read","decode norm1: RMSNorm x column=95"
101,102,"VXM.ALU0","decode norm1: square column=93"
101,102,"VXM.ALU1","decode norm1: sum(x^2) column=92"
102,103,"MEM.E.Read","decode norm1: RMSNorm x column=96"
102,103,"MEM.E.Read","decode norm1: RMSNorm x column=96"
102,103,"VXM.ALU0","decode norm1: square column=94"
102,103,"VXM.ALU1","decode norm1: sum(x^2) column=93"
103,104,"MEM.E.Read","decode norm1: RMSNorm x column=97"
103,104,"MEM.E.Read","decode norm1: RMSNorm x column=97"
103,104,"VXM.ALU0","decode norm1: square column=95"
103,104,"VXM.ALU1","decode norm1: sum(x^2) column=94"
104,105,"MEM.E.Read","decode norm1: RMSNorm x column=98"
104,105,"MEM.E.Read","decode norm1: RMSNorm x column=98"
104,105,"VXM.ALU0","decode norm1: square column=96"
104,105,"VXM.ALU1","decode norm1: sum(x^2) column=95"
105,106,"MEM.E.Read","decode norm1: RMSNorm x column=99"
105,106,"MEM.E.Read","decode norm1: RMSNorm x column=99"
105,106,"VXM.ALU0","decode norm1: square column=97"
105,106,"VXM.ALU1","decode norm1: sum(x^2) column=96"
106,107,"MEM.E.Read","decode norm1: RMSNorm x column=100"
106,107,"MEM.E.Read","decode norm1: RMSNorm x column=100"
106,107,"VXM.ALU0","decode norm1: square column=98"
106,107,"VXM.ALU1","decode norm1: sum(x^2) column=97"
107,108,"MEM.E.Read","decode norm1: RMSNorm x column=101"
107,108,"MEM.E.Read","decode norm1: RMSNorm x column=101"
107,108,"VXM.ALU0","decode norm1: square column=99"
107,108,"VXM.ALU1","decode norm1: sum(x^2) column=98"
108,109,"MEM.E.Read","decode norm1: RMSNorm x column=102"
108,109,"MEM.E.Read","decode norm1: RMSNorm x column=102"
108,109,"VXM.ALU0","decode norm1: square column=100"
108,109,"VXM.ALU1","decode norm1: sum(x^2) column=99"
109,110,"MEM.E.Read","decode norm1: RMSNorm x column=103"
109,110,"MEM.E.Read","decode norm1: RMSNorm x column=103"
109,110,"VXM.ALU0","decode norm1: square column=101"
109,110,"VXM.ALU1","decode norm1: sum(x^2) column=100"
110,111,"MEM.E.Read","decode norm1: RMSNorm x column=104"
110,111,"MEM.E.Read","decode norm1: RMSNorm x column=104"
110,111,"VXM.ALU0","decode norm1: square column=102"
110,111,"VXM.ALU1","decode norm1: sum(x^2) column=101"
111,112,"MEM.E.Read","decode norm1: RMSNorm x column=105"
111,112,"MEM.E.Read","decode norm1: RMSNorm x column=105"
111,112,"VXM.ALU0","decode norm1: square column=103"
111,112,"VXM.ALU1","decode norm1: sum(x^2) column=102"
112,113,"MEM.E.Read","decode norm1: RMSNorm x column=106"
112,113,"MEM.E.Read","decode norm1: RMSNorm x column=106"
112,113,"VXM.ALU0","decode norm1: square column=104"
112,113,"VXM.ALU1","decode norm1: sum(x^2) column=103"
113,114,"MEM.E.Read","decode norm1: RMSNorm x column=107"
113,114,"MEM.E.Read","decode norm1: RMSNorm x column=107"
113,114,"VXM.ALU0","decode norm1: square column=105"
113,114,"VXM.ALU1","decode norm1: sum(x^2) column=104"
114,115,"MEM.E.Read","decode norm1: RMSNorm x column=108"
114,115,"MEM.E.Read","decode norm1: RMSNorm x column=108"
114,115,"VXM.ALU0","decode norm1: square column=106"
114,115,"VXM.ALU1","decode norm1: sum(x^2) column=105"
115,116,"MEM.E.Read","decode norm1: RMSNorm x column=109"
115,116,"MEM.E.Read","decode norm1: RMSNorm x column=109"
115,116,"VXM.ALU0","decode norm1: square column=107"
115,116,"VXM.ALU1","decode norm1: sum(x^2) column=106"
116,117,"MEM.E.Read","decode norm1: RMSNorm x column=110"
116,117,"MEM.E.Read","decode norm1: RMSNorm x column=110"
116,117,"VXM.ALU0","decode norm1: square column=108"
116,117,"VXM.ALU1","decode norm1: sum(x^2) column=107"
117,118,"MEM.E.Read","decode norm1: RMSNorm x column=111"
117,118,"MEM.E.Read","decode norm1: RMSNorm x column=111"
117,118,"VXM.ALU0","decode norm1: square column=109"
117,118,"VXM.ALU1","decode norm1: sum(x^2) column=108"
118,119,"MEM.E.Read","decode norm1: RMSNorm x column=112"
118,119,"MEM.E.Read","decode norm1: RMSNorm x column=112"
118,119,"VXM.ALU0","decode norm1: square column=110"
118,119,"VXM.ALU1","decode norm1: sum(x^2) column=109"
119,120,"MEM.E.Read","decode norm1: RMSNorm x column=113"
119,120,"MEM.E.Read","decode norm1: RMSNorm x column=113"
119,120,"VXM.ALU0","decode norm1: square column=111"
119,120,"VXM.ALU1","decode norm1: sum(x^2) column=110"
120,121,"MEM.E.Read","decode norm1: RMSNorm x column=114"
120,121,"MEM.E.Read","decode norm1: RMSNorm x column=114"
120,121,"VXM.ALU0","decode norm1: square column=112"
120,121,"VXM.ALU1","decode norm1: sum(x^2) column=111"
121,122,"MEM.E.Read","decode norm1: RMSNorm x column=115"
121,122,"MEM.E.Read","decode norm1: RMSNorm x column=115"
121,122,"VXM.ALU0","decode norm1: square column=113"
121,122,"VXM.ALU1","decode norm1: sum(x^2) column=112"
122,123,"MEM.E.Read","decode norm1: RMSNorm x column=116"
122,123,"MEM.E.Read","decode norm1: RMSNorm x column=116"
122,123,"VXM.ALU0","decode norm1: square column=114"
122,123,"VXM.ALU1","decode norm1: sum(x^2) column=113"
123,124,"MEM.E.Read","decode norm1: RMSNorm x column=117"
123,124,"MEM.E.Read","decode norm1: RMSNorm x column=117"
123,124,"VXM.ALU0","decode norm1: square column=115"
123,124,"VXM.ALU1","decode norm1: sum(x^2) column=114"
124,125,"MEM.E.Read","decode norm1: RMSNorm x column=118"
124,125,"MEM.E.Read","decode norm1: RMSNorm x column=118"
124,125,"VXM.ALU0","decode norm1: square column=116"
124,125,"VXM.ALU1","decode norm1: sum(x^2) column=115"
125,126,"MEM.E.Read","decode norm1: RMSNorm x column=119"
125,126,"MEM.E.Read","decode norm1: RMSNorm x column=119"
125,126,"VXM.ALU0","decode norm1: square column=117"
125,126,"VXM.ALU1","decode norm1: sum(x^2) column=116"
126,127,"MEM.E.Read","decode norm1: RMSNorm x column=120"
126,127,"MEM.E.Read","decode norm1: RMSNorm x column=120"
126,127,"VXM.ALU0","decode norm1: square column=118"
126,127,"VXM.ALU1","decode norm1: sum(x^2) column=117"
127,128,"MEM.E.Read","decode norm1: RMSNorm x column=121"
127,128,"MEM.E.Read","decode norm1: RMSNorm x column=121"
127,128,"VXM.ALU0","decode norm1: square column=119"
127,128,"VXM.ALU1","decode norm1: sum(x^2) column=118"
128,129,"MEM.E.Read","decode norm1: RMSNorm x column=122"
128,129,"MEM.E.Read","decode norm1: RMSNorm x column=122"
128,129,"VXM.ALU0","decode norm1: square column=120"
128,129,"VXM.ALU1","decode norm1: sum(x^2) column=119"
129,130,"MEM.E.Read","decode norm1: RMSNorm x column=123"
129,130,"MEM.E.Read","decode norm1: RMSNorm x column=123"
129,130,"VXM.ALU0","decode norm1: square column=121"
129,130,"VXM.ALU1","decode norm1: sum(x^2) column=120"
130,131,"MEM.E.Read","decode norm1: RMSNorm x column=124"
130,131,"MEM.E.Read","decode norm1: RMSNorm x column=124"
130,131,"VXM.ALU0","decode norm1: square column=122"
130,131,"VXM.ALU1","decode norm1: sum(x^2) column=121"
131,132,"MEM.E.Read","decode norm1: RMSNorm x column=125"
131,132,"MEM.E.Read","decode norm1: RMSNorm x column=125"
131,132,"VXM.ALU0","decode norm1: square column=123"
131,132,"VXM.ALU1","decode norm1: sum(x^2) column=122"
132,133,"MEM.E.Read","decode norm1: RMSNorm x column=126"
132,133,"MEM.E.Read","decode norm1: RMSNorm x column=126"
132,133,"VXM.ALU0","decode norm1: square column=124"
132,133,"VXM.ALU1","decode norm1: sum(x^2) column=123"
133,134,"MEM.E.Read","decode norm1: RMSNorm x column=127"
133,134,"MEM.E.Read","decode norm1: RMSNorm x column=127"
133,134,"VXM.ALU0","decode norm1: square column=125"
133,134,"VXM.ALU1","decode norm1: sum(x^2) column=124"
134,135,"MEM.E.Read","decode norm1: RMSNorm x column=128"
134,135,"MEM.E.Read","decode norm1: RMSNorm x column=128"
134,135,"VXM.ALU0","decode norm1: square column=126"
134,135,"VXM.ALU1","decode norm1: sum(x^2) column=125"
135,136,"MEM.E.Read","decode norm1: RMSNorm x column=129"
135,136,"MEM.E.Read","decode norm1: RMSNorm x column=129"
135,136,"VXM.ALU0","decode norm1: square column=127"
135,136,"VXM.ALU1","decode norm1: sum(x^2) column=126"
136,137,"MEM.E.Read","decode norm1: RMSNorm x column=130"
136,137,"MEM.E.Read","decode norm1: RMSNorm x column=130"
136,137,"VXM.ALU0","decode norm1: square column=128"
136,137,"VXM.ALU1","decode norm1: sum(x^2) column=127"
137,138,"MEM.E.Read","decode norm1: RMSNorm x column=131"
137,138,"MEM.E.Read","decode norm1: RMSNorm x column=131"
137,138,"VXM.ALU0","decode norm1: square column=129"
137,138,"VXM.ALU1","decode norm1: sum(x^2) column=128"
138,139,"MEM.E.Read","decode norm1: RMSNorm x column=132"
138,139,"MEM.E.Read","decode norm1: RMSNorm x column=132"
138,139,"VXM.ALU0","decode norm1: square column=130"
138,139,"VXM.ALU1","decode norm1: sum(x^2) column=129"
139,140,"MEM.E.Read","decode norm1: RMSNorm x column=133"
139,140,"MEM.E.Read","decode norm1: RMSNorm x column=133"
139,140,"VXM.ALU0","decode norm1: square column=131"
139,140,"VXM.ALU1","decode norm1: sum(x^2) column=130"
140,141,"MEM.E.Read","decode norm1: RMSNorm x column=134"
140,141,"MEM.E.Read","decode norm1: RMSNorm x column=134"
140,141,"VXM.ALU0","decode norm1: square column=132"
140,141,"VXM.ALU1","decode norm1: sum(x^2) column=131"
141,142,"MEM.E.Read","decode norm1: RMSNorm x column=135"
141,142,"MEM.E.Read","decode norm1: RMSNorm x column=135"
141,142,"VXM.ALU0","decode norm1: square column=133"
141,142,"VXM.ALU1","decode norm1: sum(x^2) column=132"
142,143,"MEM.E.Read","decode norm1: RMSNorm x column=136"
142,143,"MEM.E.Read","decode norm1: RMSNorm x column=136"
142,143,"VXM.ALU0","decode norm1: square column=134"
142,143,"VXM.ALU1","decode norm1: sum(x^2) column=133"
143,144,"MEM.E.Read","decode norm1: RMSNorm x column=137"
143,144,"MEM.E.Read","decode norm1: RMSNorm x column=137"
143,144,"VXM.ALU0","decode norm1: square column=135"
143,144,"VXM.ALU1","decode norm1: sum(x^2) column=134"
144,145,"MEM.E.Read","decode norm1: RMSNorm x column=138"
144,145,"MEM.E.Read","decode norm1: RMSNorm x column=138"
144,145,"VXM.ALU0","decode norm1: square column=136"
144,145,"VXM.ALU1","decode norm1: sum(x^2) column=135"
145,146,"MEM.E.Read","decode norm1: RMSNorm x column=139"
145,146,"MEM.E.Read","decode norm1: RMSNorm x column=139"
145,146,"VXM.ALU0","decode norm1: square column=137"
145,146,"VXM.ALU1","decode norm1: sum(x^2) column=136"
146,147,"MEM.E.Read","decode norm1: RMSNorm x column=140"
146,147,"MEM.E.Read","decode norm1: RMSNorm x column=140"
146,147,"VXM.ALU0","decode norm1: square column=138"
146,147,"VXM.ALU1","decode norm1: sum(x^2) column=137"
147,148,"MEM.E.Read","decode norm1: RMSNorm x column=141"
147,148,"MEM.E.Read","decode norm1: RMSNorm x column=141"
147,148,"VXM.ALU0","decode norm1: square column=139"
147,148,"VXM.ALU1","decode norm1: sum(x^2) column=138"
148,149,"MEM.E.Read","decode norm1: RMSNorm x column=142"
148,149,"MEM.E.Read","decode norm1: RMSNorm x column=142"
148,149,"VXM.ALU0","decode norm1: square column=140"
148,149,"VXM.ALU1","decode norm1: sum(x^2) column=139"
149,150,"MEM.E.Read","decode norm1: RMSNorm x column=143"
149,150,"MEM.E.Read","decode norm1: RMSNorm x column=143"
149,150,"VXM.ALU0","decode norm1: square column=141"
149,150,"VXM.ALU1","decode norm1: sum(x^2) column=140"
150,151,"MEM.E.Read","decode norm1: RMSNorm x column=144"
150,151,"MEM.E.Read","decode norm1: RMSNorm x column=144"
150,151,"VXM.ALU0","decode norm1: square column=142"
150,151,"VXM.ALU1","decode norm1: sum(x^2) column=141"
151,152,"MEM.E.Read","decode norm1: RMSNorm x column=145"
151,152,"MEM.E.Read","decode norm1: RMSNorm x column=145"
151,152,"VXM.ALU0","decode norm1: square column=143"
151,152,"VXM.ALU1","decode norm1: sum(x^2) column=142"
152,153,"MEM.E.Read","decode norm1: RMSNorm x column=146"
152,153,"MEM.E.Read","decode norm1: RMSNorm x column=146"
152,153,"VXM.ALU0","decode norm1: square column=144"
152,153,"VXM.ALU1","decode norm1: sum(x^2) column=143"
153,154,"MEM.E.Read","decode norm1: RMSNorm x column=147"
153,154,"MEM.E.Read","decode norm1: RMSNorm x column=147"
153,154,"VXM.ALU0","decode norm1: square column=145"
153,154,"VXM.ALU1","decode norm1: sum(x^2) column=144"
154,155,"MEM.E.Read","decode norm1: RMSNorm x column=148"
154,155,"MEM.E.Read","decode norm1: RMSNorm x column=148"
154,155,"VXM.ALU0","decode norm1: square column=146"
154,155,"VXM.ALU1","decode norm1: sum(x^2) column=145"
155,156,"MEM.E.Read","decode norm1: RMSNorm x column=149"
155,156,"MEM.E.Read","decode norm1: RMSNorm x column=149"
155,156,"VXM.ALU0","decode norm1: square column=147"
155,156,"VXM.ALU1","decode norm1: sum(x^2) column=146"
156,157,"MEM.E.Read","decode norm1: RMSNorm x column=150"
156,157,"MEM.E.Read","decode norm1: RMSNorm x column=150"
156,157,"VXM.ALU0","decode norm1: square column=148"
156,157,"VXM.ALU1","decode norm1: sum(x^2) column=147"
157,158,"MEM.E.Read","decode norm1: RMSNorm x column=151"
157,158,"MEM.E.Read","decode norm1: RMSNorm x column=151"
157,158,"VXM.ALU0","decode norm1: square column=149"
157,158,"VXM.ALU1","decode norm1: sum(x^2) column=148"
158,159,"MEM.E.Read","decode norm1: RMSNorm x column=152"
158,159,"MEM.E.Read","decode norm1: RMSNorm x column=152"
158,159,"VXM.ALU0","decode norm1: square column=150"
158,159,"VXM.ALU1","decode norm1: sum(x^2) column=149"
159,160,"MEM.E.Read","decode norm1: RMSNorm x column=153"
159,160,"MEM.E.Read","decode norm1: RMSNorm x column=153"
159,160,"VXM.ALU0","decode norm1: square column=151"
159,160,"VXM.ALU1","decode norm1: sum(x^2) column=150"
160,161,"MEM.E.Read","decode norm1: RMSNorm x column=154"
160,161,"MEM.E.Read","decode norm1: RMSNorm x column=154"
160,161,"VXM.ALU0","decode norm1: square column=152"
160,161,"VXM.ALU1","decode norm1: sum(x^2) column=151"
161,162,"MEM.E.Read","decode norm1: RMSNorm x column=155"
161,162,"MEM.E.Read","decode norm1: RMSNorm x column=155"
161,162,"VXM.ALU0","decode norm1: square column=153"
161,162,"VXM.ALU1","decode norm1: sum(x^2) column=152"
162,163,"MEM.E.Read","decode norm1: RMSNorm x column=156"
162,163,"MEM.E.Read","decode norm1: RMSNorm x column=156"
162,163,"VXM.ALU0","decode norm1: square column=154"
162,163,"VXM.ALU1","decode norm1: sum(x^2) column=153"
163,164,"MEM.E.Read","decode norm1: RMSNorm x column=157"
163,164,"MEM.E.Read","decode norm1: RMSNorm x column=157"
163,164,"VXM.ALU0","decode norm1: square column=155"
163,164,"VXM.ALU1","decode norm1: sum(x^2) column=154"
164,165,"MEM.E.Read","decode norm1: RMSNorm x column=158"
164,165,"MEM.E.Read","decode norm1: RMSNorm x column=158"
164,165,"VXM.ALU0","decode norm1: square column=156"
164,165,"VXM.ALU1","decode norm1: sum(x^2) column=155"
165,166,"MEM.E.Read","decode norm1: RMSNorm x column=159"
165,166,"MEM.E.Read","decode norm1: RMSNorm x column=159"
165,166,"VXM.ALU0","decode norm1: square column=157"
165,166,"VXM.ALU1","decode norm1: sum(x^2) column=156"
166,167,"MEM.E.Read","decode norm1: RMSNorm x column=160"
166,167,"MEM.E.Read","decode norm1: RMSNorm x column=160"
166,167,"VXM.ALU0","decode norm1: square column=158"
166,167,"VXM.ALU1","decode norm1: sum(x^2) column=157"
167,168,"MEM.E.Read","decode norm1: RMSNorm x column=161"
167,168,"MEM.E.Read","decode norm1: RMSNorm x column=161"
167,168,"VXM.ALU0","decode norm1: square column=159"
167,168,"VXM.ALU1","decode norm1: sum(x^2) column=158"
168,169,"MEM.E.Read","decode norm1: RMSNorm x column=162"
168,169,"MEM.E.Read","decode norm1: RMSNorm x column=162"
168,169,"VXM.ALU0","decode norm1: square column=160"
168,169,"VXM.ALU1","decode norm1: sum(x^2) column=159"
169,170,"MEM.E.Read","decode norm1: RMSNorm x column=163"
169,170,"MEM.E.Read","decode norm1: RMSNorm x column=163"
169,170,"VXM.ALU0","decode norm1: square column=161"
169,170,"VXM.ALU1","decode norm1: sum(x^2) column=160"
170,171,"MEM.E.Read","decode norm1: RMSNorm x column=164"
170,171,"MEM.E.Read","decode norm1: RMSNorm x column=164"
170,171,"VXM.ALU0","decode norm1: square column=162"
170,171,"VXM.ALU1","decode norm1: sum(x^2) column=161"
171,172,"MEM.E.Read","decode norm1: RMSNorm x column=165"
171,172,"MEM.E.Read","decode norm1: RMSNorm x column=165"
171,172,"VXM.ALU0","decode norm1: square column=163"
171,172,"VXM.ALU1","decode norm1: sum(x^2) column=162"
172,173,"MEM.E.Read","decode norm1: RMSNorm x column=166"
172,173,"MEM.E.Read","decode norm1: RMSNorm x column=166"
172,173,"VXM.ALU0","decode norm1: square column=164"
172,173,"VXM.ALU1","decode norm1: sum(x^2) column=163"
173,174,"MEM.E.Read","decode norm1: RMSNorm x column=167"
173,174,"MEM.E.Read","decode norm1: RMSNorm x column=167"
173,174,"VXM.ALU0","decode norm1: square column=165"
173,174,"VXM.ALU1","decode norm1: sum(x^2) column=164"
174,175,"MEM.E.Read","decode norm1: RMSNorm x column=168"
174,175,"MEM.E.Read","decode norm1: RMSNorm x column=168"
174,175,"VXM.ALU0","decode norm1: square column=166"
174,175,"VXM.ALU1","decode norm1: sum(x^2) column=165"
175,176,"MEM.E.Read","decode norm1: RMSNorm x column=169"
175,176,"MEM.E.Read","decode norm1: RMSNorm x column=169"
175,176,"VXM.ALU0","decode norm1: square column=167"
175,176,"VXM.ALU1","decode norm1: sum(x^2) column=166"
176,177,"MEM.E.Read","decode norm1: RMSNorm x column=170"
176,177,"MEM.E.Read","decode norm1: RMSNorm x column=170"
176,177,"VXM.ALU0","decode norm1: square column=168"
176,177,"VXM.ALU1","decode norm1: sum(x^2) column=167"
177,178,"MEM.E.Read","decode norm1: RMSNorm x column=171"
177,178,"MEM.E.Read","decode norm1: RMSNorm x column=171"
177,178,"VXM.ALU0","decode norm1: square column=169"
177,178,"VXM.ALU1","decode norm1: sum(x^2) column=168"
178,179,"MEM.E.Read","decode norm1: RMSNorm x column=172"
178,179,"MEM.E.Read","decode norm1: RMSNorm x column=172"
178,179,"VXM.ALU0","decode norm1: square column=170"
178,179,"VXM.ALU1","decode norm1: sum(x^2) column=169"
179,180,"MEM.E.Read","decode norm1: RMSNorm x column=173"
179,180,"MEM.E.Read","decode norm1: RMSNorm x column=173"
179,180,"VXM.ALU0","decode norm1: square column=171"
179,180,"VXM.ALU1","decode norm1: sum(x^2) column=170"
180,181,"MEM.E.Read","decode norm1: RMSNorm x column=174"
180,181,"MEM.E.Read","decode norm1: RMSNorm x column=174"
180,181,"VXM.ALU0","decode norm1: square column=172"
180,181,"VXM.ALU1","decode norm1: sum(x^2) column=171"
181,182,"MEM.E.Read","decode norm1: RMSNorm x column=175"
181,182,"MEM.E.Read","decode norm1: RMSNorm x column=175"
181,182,"VXM.ALU0","decode norm1: square column=173"
181,182,"VXM.ALU1","decode norm1: sum(x^2) column=172"
182,183,"MEM.E.Read","decode norm1: RMSNorm x column=176"
182,183,"MEM.E.Read","decode norm1: RMSNorm x column=176"
182,183,"VXM.ALU0","decode norm1: square column=174"
182,183,"VXM.ALU1","decode norm1: sum(x^2) column=173"
183,184,"MEM.E.Read","decode norm1: RMSNorm x column=177"
183,184,"MEM.E.Read","decode norm1: RMSNorm x column=177"
183,184,"VXM.ALU0","decode norm1: square column=175"
183,184,"VXM.ALU1","decode norm1: sum(x^2) column=174"
184,185,"MEM.E.Read","decode norm1: RMSNorm x column=178"
184,185,"MEM.E.Read","decode norm1: RMSNorm x column=178"
184,185,"VXM.ALU0","decode norm1: square column=176"
184,185,"VXM.ALU1","decode norm1: sum(x^2) column=175"
185,186,"MEM.E.Read","decode norm1: RMSNorm x column=179"
185,186,"MEM.E.Read","decode norm1: RMSNorm x column=179"
185,186,"VXM.ALU0","decode norm1: square column=177"
185,186,"VXM.ALU1","decode norm1: sum(x^2) column=176"
186,187,"MEM.E.Read","decode norm1: RMSNorm x column=180"
186,187,"MEM.E.Read","decode norm1: RMSNorm x column=180"
186,187,"VXM.ALU0","decode norm1: square column=178"
186,187,"VXM.ALU1","decode norm1: sum(x^2) column=177"
187,188,"MEM.E.Read","decode norm1: RMSNorm x column=181"
187,188,"MEM.E.Read","decode norm1: RMSNorm x column=181"
187,188,"VXM.ALU0","decode norm1: square column=179"
187,188,"VXM.ALU1","decode norm1: sum(x^2) column=178"
188,189,"MEM.E.Read","decode norm1: RMSNorm x column=182"
188,189,"MEM.E.Read","decode norm1: RMSNorm x column=182"
188,189,"VXM.ALU0","decode norm1: square column=180"
188,189,"VXM.ALU1","decode norm1: sum(x^2) column=179"
189,190,"MEM.E.Read","decode norm1: RMSNorm x column=183"
189,190,"MEM.E.Read","decode norm1: RMSNorm x column=183"
189,190,"VXM.ALU0","decode norm1: square column=181"
189,190,"VXM.ALU1","decode norm1: sum(x^2) column=180"
190,191,"MEM.E.Read","decode norm1: RMSNorm x column=184"
190,191,"MEM.E.Read","decode norm1: RMSNorm x column=184"
190,191,"VXM.ALU0","decode norm1: square column=182"
190,191,"VXM.ALU1","decode norm1: sum(x^2) column=181"
191,192,"MEM.E.Read","decode norm1: RMSNorm x column=185"
191,192,"MEM.E.Read","decode norm1: RMSNorm x column=185"
191,192,"VXM.ALU0","decode norm1: square column=183"
191,192,"VXM.ALU1","decode norm1: sum(x^2) column=182"
192,193,"MEM.E.Read","decode norm1: RMSNorm x column=186"
192,193,"MEM.E.Read","decode norm1: RMSNorm x column=186"
192,193,"VXM.ALU0","decode norm1: square column=184"
192,193,"VXM.ALU1","decode norm1: sum(x^2) column=183"
193,194,"MEM.E.Read","decode norm1: RMSNorm x column=187"
193,194,"MEM.E.Read","decode norm1: RMSNorm x column=187"
193,194,"VXM.ALU0","decode norm1: square column=185"
193,194,"VXM.ALU1","decode norm1: sum(x^2) column=184"
194,195,"MEM.E.Read","decode norm1: RMSNorm x column=188"
194,195,"MEM.E.Read","decode norm1: RMSNorm x column=188"
194,195,"VXM.ALU0","decode norm1: square column=186"
194,195,"VXM.ALU1","decode norm1: sum(x^2) column=185"
195,196,"MEM.E.Read","decode norm1: RMSNorm x column=189"
195,196,"MEM.E.Read","decode norm1: RMSNorm x column=189"
195,196,"VXM.ALU0","decode norm1: square column=187"
195,196,"VXM.ALU1","decode norm1: sum(x^2) column=186"
196,197,"MEM.E.Read","decode norm1: RMSNorm x column=190"
196,197,"MEM.E.Read","decode norm1: RMSNorm x column=190"
196,197,"VXM.ALU0","decode norm1: square column=188"
196,197,"VXM.ALU1","decode norm1: sum(x^2) column=187"
197,198,"MEM.E.Read","decode norm1: RMSNorm x column=191"
197,198,"MEM.E.Read","decode norm1: RMSNorm x column=191"
197,198,"VXM.ALU0","decode norm1: square column=189"
197,198,"VXM.ALU1","decode norm1: sum(x^2) column=188"
198,199,"MEM.E.Read","decode norm1: RMSNorm x column=192"
198,199,"MEM.E.Read","decode norm1: RMSNorm x column=192"
198,199,"VXM.ALU0","decode norm1: square column=190"
198,199,"VXM.ALU1","decode norm1: sum(x^2) column=189"
199,200,"MEM.E.Read","decode norm1: RMSNorm x column=193"
199,200,"MEM.E.Read","decode norm1: RMSNorm x column=193"
199,200,"VXM.ALU0","decode norm1: square column=191"
199,200,"VXM.ALU1","decode norm1: sum(x^2) column=190"
200,201,"MEM.E.Read","decode norm1: RMSNorm x column=194"
200,201,"MEM.E.Read","decode norm1: RMSNorm x column=194"
200,201,"VXM.ALU0","decode norm1: square column=192"
200,201,"VXM.ALU1","decode norm1: sum(x^2) column=191"
201,202,"MEM.E.Read","decode norm1: RMSNorm x column=195"
201,202,"MEM.E.Read","decode norm1: RMSNorm x column=195"
201,202,"VXM.ALU0","decode norm1: square column=193"
201,202,"VXM.ALU1","decode norm1: sum(x^2) column=192"
202,203,"MEM.E.Read","decode norm1: RMSNorm x column=196"
202,203,"MEM.E.Read","decode norm1: RMSNorm x column=196"
202,203,"VXM.ALU0","decode norm1: square column=194"
202,203,"VXM.ALU1","decode norm1: sum(x^2) column=193"
203,204,"MEM.E.Read","decode norm1: RMSNorm x column=197"
203,204,"MEM.E.Read","decode norm1: RMSNorm x column=197"
203,204,"VXM.ALU0","decode norm1: square column=195"
203,204,"VXM.ALU1","decode norm1: sum(x^2) column=194"
204,205,"MEM.E.Read","decode norm1: RMSNorm x column=198"
204,205,"MEM.E.Read","decode norm1: RMSNorm x column=198"
204,205,"VXM.ALU0","decode norm1: square column=196"
204,205,"VXM.ALU1","decode norm1: sum(x^2) column=195"
205,206,"MEM.E.Read","decode norm1: RMSNorm x column=199"
205,206,"MEM.E.Read","decode norm1: RMSNorm x column=199"
205,206,"VXM.ALU0","decode norm1: square column=197"
205,206,"VXM.ALU1","decode norm1: sum(x^2) column=196"
206,207,"MEM.E.Read","decode norm1: RMSNorm x column=200"
206,207,"MEM.E.Read","decode norm1: RMSNorm x column=200"
206,207,"VXM.ALU0","decode norm1: square column=198"
206,207,"VXM.ALU1","decode norm1: sum(x^2) column=197"
207,208,"MEM.E.Read","decode norm1: RMSNorm x column=201"
207,208,"MEM.E.Read","decode norm1: RMSNorm x column=201"
207,208,"VXM.ALU0","decode norm1: square column=199"
207,208,"VXM.ALU1","decode norm1: sum(x^2) column=198"
208,209,"MEM.E.Read","decode norm1: RMSNorm x column=202"
208,209,"MEM.E.Read","decode norm1: RMSNorm x column=202"
208,209,"VXM.ALU0","decode norm1: square column=200"
208,209,"VXM.ALU1","decode norm1: sum(x^2) column=199"
209,210,"MEM.E.Read","decode norm1: RMSNorm x column=203"
209,210,"MEM.E.Read","decode norm1: RMSNorm x column=203"
209,210,"VXM.ALU0","decode norm1: square column=201"
209,210,"VXM.ALU1","decode norm1: sum(x^2) column=200"
210,211,"MEM.E.Read","decode norm1: RMSNorm x column=204"
210,211,"MEM.E.Read","decode norm1: RMSNorm x column=204"
210,211,"VXM.ALU0","decode norm1: square column=202"
210,211,"VXM.ALU1","decode norm1: sum(x^2) column=201"
211,212,"MEM.E.Read","decode norm1: RMSNorm x column=205"
211,212,"MEM.E.Read","decode norm1: RMSNorm x column=205"
211,212,"VXM.ALU0","decode norm1: square column=203"
211,212,"VXM.ALU1","decode norm1: sum(x^2) column=202"
212,213,"MEM.E.Read","decode norm1: RMSNorm x column=206"
212,213,"MEM.E.Read","decode norm1: RMSNorm x column=206"
212,213,"VXM.ALU0","decode norm1: square column=204"
212,213,"VXM.ALU1","decode norm1: sum(x^2) column=203"
213,214,"MEM.E.Read","decode norm1: RMSNorm x column=207"
213,214,"MEM.E.Read","decode norm1: RMSNorm x column=207"
213,214,"VXM.ALU0","decode norm1: square column=205"
213,214,"VXM.ALU1","decode norm1: sum(x^2) column=204"
214,215,"MEM.E.Read","decode norm1: RMSNorm x column=208"
214,215,"MEM.E.Read","decode norm1: RMSNorm x column=208"
214,215,"VXM.ALU0","decode norm1: square column=206"
214,215,"VXM.ALU1","decode norm1: sum(x^2) column=205"
215,216,"MEM.E.Read","decode norm1: RMSNorm x column=209"
215,216,"MEM.E.Read","decode norm1: RMSNorm x column=209"
215,216,"VXM.ALU0","decode norm1: square column=207"
215,216,"VXM.ALU1","decode norm1: sum(x^2) column=206"
216,217,"MEM.E.Read","decode norm1: RMSNorm x column=210"
216,217,"MEM.E.Read","decode norm1: RMSNorm x column=210"
216,217,"VXM.ALU0","decode norm1: square column=208"
216,217,"VXM.ALU1","decode norm1: sum(x^2) column=207"
217,218,"MEM.E.Read","decode norm1: RMSNorm x column=211"
217,218,"MEM.E.Read","decode norm1: RMSNorm x column=211"
217,218,"VXM.ALU0","decode norm1: square column=209"
217,218,"VXM.ALU1","decode norm1: sum(x^2) column=208"
218,219,"MEM.E.Read","decode norm1: RMSNorm x column=212"
218,219,"MEM.E.Read","decode norm1: RMSNorm x column=212"
218,219,"VXM.ALU0","decode norm1: square column=210"
218,219,"VXM.ALU1","decode norm1: sum(x^2) column=209"
219,220,"MEM.E.Read","decode norm1: RMSNorm x column=213"
219,220,"MEM.E.Read","decode norm1: RMSNorm x column=213"
219,220,"VXM.ALU0","decode norm1: square column=211"
219,220,"VXM.ALU1","decode norm1: sum(x^2) column=210"
220,221,"MEM.E.Read","decode norm1: RMSNorm x column=214"
220,221,"MEM.E.Read","decode norm1: RMSNorm x column=214"
220,221,"VXM.ALU0","decode norm1: square column=212"
220,221,"VXM.ALU1","decode norm1: sum(x^2) column=211"
221,222,"MEM.E.Read","decode norm1: RMSNorm x column=215"
221,222,"MEM.E.Read","decode norm1: RMSNorm x column=215"
221,222,"VXM.ALU0","decode norm1: square column=213"
221,222,"VXM.ALU1","decode norm1: sum(x^2) column=212"
222,223,"MEM.E.Read","decode norm1: RMSNorm x column=216"
222,223,"MEM.E.Read","decode norm1: RMSNorm x column=216"
222,223,"VXM.ALU0","decode norm1: square column=214"
222,223,"VXM.ALU1","decode norm1: sum(x^2) column=213"
223,224,"MEM.E.Read","decode norm1: RMSNorm x column=217"
223,224,"MEM.E.Read","decode norm1: RMSNorm x column=217"
223,224,"VXM.ALU0","decode norm1: square column=215"
223,224,"VXM.ALU1","decode norm1: sum(x^2) column=214"
224,225,"MEM.E.Read","decode norm1: RMSNorm x column=218"
224,225,"MEM.E.Read","decode norm1: RMSNorm x column=218"
224,225,"VXM.ALU0","decode norm1: square column=216"
224,225,"VXM.ALU1","decode norm1: sum(x^2) column=215"
225,226,"MEM.E.Read","decode norm1: RMSNorm x column=219"
225,226,"MEM.E.Read","decode norm1: RMSNorm x column=219"
225,226,"VXM.ALU0","decode norm1: square column=217"
225,226,"VXM.ALU1","decode norm1: sum(x^2) column=216"
226,227,"MEM.E.Read","decode norm1: RMSNorm x column=220"
226,227,"MEM.E.Read","decode norm1: RMSNorm x column=220"
226,227,"VXM.ALU0","decode norm1: square column=218"
226,227,"VXM.ALU1","decode norm1: sum(x^2) column=217"
227,228,"MEM.E.Read","decode norm1: RMSNorm x column=221"
227,228,"MEM.E.Read","decode norm1: RMSNorm x column=221"
227,228,"VXM.ALU0","decode norm1: square column=219"
227,228,"VXM.ALU1","decode norm1: sum(x^2) column=218"
228,229,"MEM.E.Read","decode norm1: RMSNorm x column=222"
228,229,"MEM.E.Read","decode norm1: RMSNorm x column=222"
228,229,"VXM.ALU0","decode norm1: square column=220"
228,229,"VXM.ALU1","decode norm1: sum(x^2) column=219"
229,230,"MEM.E.Read","decode norm1: RMSNorm x column=223"
229,230,"MEM.E.Read","decode norm1: RMSNorm x column=223"
229,230,"VXM.ALU0","decode norm1: square column=221"
229,230,"VXM.ALU1","decode norm1: sum(x^2) column=220"
230,231,"MEM.E.Read","decode norm1: RMSNorm x column=224"
230,231,"MEM.E.Read","decode norm1: RMSNorm x column=224"
230,231,"VXM.ALU0","decode norm1: square column=222"
230,231,"VXM.ALU1","decode norm1: sum(x^2) column=221"
231,232,"MEM.E.Read","decode norm1: RMSNorm x column=225"
231,232,"MEM.E.Read","decode norm1: RMSNorm x column=225"
231,232,"VXM.ALU0","decode norm1: square column=223"
231,232,"VXM.ALU1","decode norm1: sum(x^2) column=222"
232,233,"MEM.E.Read","decode norm1: RMSNorm x column=226"
232,233,"MEM.E.Read","decode norm1: RMSNorm x column=226"
232,233,"VXM.ALU0","decode norm1: square column=224"
232,233,"VXM.ALU1","decode norm1: sum(x^2) column=223"
233,234,"MEM.E.Read","decode norm1: RMSNorm x column=227"
233,234,"MEM.E.Read","decode norm1: RMSNorm x column=227"
233,234,"VXM.ALU0","decode norm1: square column=225"
233,234,"VXM.ALU1","decode norm1: sum(x^2) column=224"
234,235,"MEM.E.Read","decode norm1: RMSNorm x column=228"
234,235,"MEM.E.Read","decode norm1: RMSNorm x column=228"
234,235,"VXM.ALU0","decode norm1: square column=226"
234,235,"VXM.ALU1","decode norm1: sum(x^2) column=225"
235,236,"MEM.E.Read","decode norm1: RMSNorm x column=229"
235,236,"MEM.E.Read","decode norm1: RMSNorm x column=229"
235,236,"VXM.ALU0","decode norm1: square column=227"
235,236,"VXM.ALU1","decode norm1: sum(x^2) column=226"
236,237,"MEM.E.Read","decode norm1: RMSNorm x column=230"
236,237,"MEM.E.Read","decode norm1: RMSNorm x column=230"
236,237,"VXM.ALU0","decode norm1: square column=228"
236,237,"VXM.ALU1","decode norm1: sum(x^2) column=227"
237,238,"MEM.E.Read","decode norm1: RMSNorm x column=231"
237,238,"MEM.E.Read","decode norm1: RMSNorm x column=231"
237,238,"VXM.ALU0","decode norm1: square column=229"
237,238,"VXM.ALU1","decode norm1: sum(x^2) column=228"
238,239,"MEM.E.Read","decode norm1: RMSNorm x column=232"
238,239,"MEM.E.Read","decode norm1: RMSNorm x column=232"
238,239,"VXM.ALU0","decode norm1: square column=230"
238,239,"VXM.ALU1","decode norm1: sum(x^2) column=229"
239,240,"MEM.E.Read","decode norm1: RMSNorm x column=233"
239,240,"MEM.E.Read","decode norm1: RMSNorm x column=233"
239,240,"VXM.ALU0","decode norm1: square column=231"
239,240,"VXM.ALU1","decode norm1: sum(x^2) column=230"
240,241,"MEM.E.Read","decode norm1: RMSNorm x column=234"
240,241,"MEM.E.Read","decode norm1: RMSNorm x column=234"
240,241,"VXM.ALU0","decode norm1: square column=232"
240,241,"VXM.ALU1","decode norm1: sum(x^2) column=231"
241,242,"MEM.E.Read","decode norm1: RMSNorm x column=235"
241,242,"MEM.E.Read","decode norm1: RMSNorm x column=235"
241,242,"VXM.ALU0","decode norm1: square column=233"
241,242,"VXM.ALU1","decode norm1: sum(x^2) column=232"
242,243,"MEM.E.Read","decode norm1: RMSNorm x column=236"
242,243,"MEM.E.Read","decode norm1: RMSNorm x column=236"
242,243,"VXM.ALU0","decode norm1: square column=234"
242,243,"VXM.ALU1","decode norm1: sum(x^2) column=233"
243,244,"MEM.E.Read","decode norm1: RMSNorm x column=237"
243,244,"MEM.E.Read","decode norm1: RMSNorm x column=237"
243,244,"VXM.ALU0","decode norm1: square column=235"
243,244,"VXM.ALU1","decode norm1: sum(x^2) column=234"
244,245,"MEM.E.Read","decode norm1: RMSNorm x column=238"
244,245,"MEM.E.Read","decode norm1: RMSNorm x column=238"
244,245,"VXM.ALU0","decode norm1: square column=236"
244,245,"VXM.ALU1","decode norm1: sum(x^2) column=235"
245,246,"MEM.E.Read","decode norm1: RMSNorm x column=239"
245,246,"MEM.E.Read","decode norm1: RMSNorm x column=239"
245,246,"VXM.ALU0","decode norm1: square column=237"
245,246,"VXM.ALU1","decode norm1: sum(x^2) column=236"
246,247,"MEM.E.Read","decode norm1: RMSNorm x column=240"
246,247,"MEM.E.Read","decode norm1: RMSNorm x column=240"
246,247,"VXM.ALU0","decode norm1: square column=238"
246,247,"VXM.ALU1","decode norm1: sum(x^2) column=237"
247,248,"MEM.E.Read","decode norm1: RMSNorm x column=241"
247,248,"MEM.E.Read","decode norm1: RMSNorm x column=241"
247,248,"VXM.ALU0","decode norm1: square column=239"
247,248,"VXM.ALU1","decode norm1: sum(x^2) column=238"
248,249,"MEM.E.Read","decode norm1: RMSNorm x column=242"
248,249,"MEM.E.Read","decode norm1: RMSNorm x column=242"
248,249,"VXM.ALU0","decode norm1: square column=240"
248,249,"VXM.ALU1","decode norm1: sum(x^2) column=239"
249,250,"MEM.E.Read","decode norm1: RMSNorm x column=243"
249,250,"MEM.E.Read","decode norm1: RMSNorm x column=243"
249,250,"VXM.ALU0","decode norm1: square column=241"
249,250,"VXM.ALU1","decode norm1: sum(x^2) column=240"
250,251,"MEM.E.Read","decode norm1: RMSNorm x column=244"
250,251,"MEM.E.Read","decode norm1: RMSNorm x column=244"
250,251,"VXM.ALU0","decode norm1: square column=242"
250,251,"VXM.ALU1","decode norm1: sum(x^2) column=241"
251,252,"MEM.E.Read","decode norm1: RMSNorm x column=245"
251,252,"MEM.E.Read","decode norm1: RMSNorm x column=245"
251,252,"VXM.ALU0","decode norm1: square column=243"
251,252,"VXM.ALU1","decode norm1: sum(x^2) column=242"
252,253,"MEM.E.Read","decode norm1: RMSNorm x column=246"
252,253,"MEM.E.Read","decode norm1: RMSNorm x column=246"
252,253,"VXM.ALU0","decode norm1: square column=244"
252,253,"VXM.ALU1","decode norm1: sum(x^2) column=243"
253,254,"MEM.E.Read","decode norm1: RMSNorm x column=247"
253,254,"MEM.E.Read","decode norm1: RMSNorm x column=247"
253,254,"VXM.ALU0","decode norm1: square column=245"
253,254,"VXM.ALU1","decode norm1: sum(x^2) column=244"
254,255,"MEM.E.Read","decode norm1: RMSNorm x column=248"
254,255,"MEM.E.Read","decode norm1: RMSNorm x column=248"
254,255,"VXM.ALU0","decode norm1: square column=246"
254,255,"VXM.ALU1","decode norm1: sum(x^2) column=245"
255,256,"MEM.E.Read","decode norm1: RMSNorm x column=249"
255,256,"MEM.E.Read","decode norm1: RMSNorm x column=249"
255,256,"VXM.ALU0","decode norm1: square column=247"
255,256,"VXM.ALU1","decode norm1: sum(x^2) column=246"
256,257,"MEM.E.Read","decode norm1: RMSNorm x column=250"
256,257,"MEM.E.Read","decode norm1: RMSNorm x column=250"
256,257,"VXM.ALU0","decode norm1: square column=248"
256,257,"VXM.ALU1","decode norm1: sum(x^2) column=247"
257,258,"MEM.E.Read","decode norm1: RMSNorm x column=251"
257,258,"MEM.E.Read","decode norm1: RMSNorm x column=251"
257,258,"VXM.ALU0","decode norm1: square column=249"
257,258,"VXM.ALU1","decode norm1: sum(x^2) column=248"
258,259,"MEM.E.Read","decode norm1: RMSNorm x column=252"
258,259,"MEM.E.Read","decode norm1: RMSNorm x column=252"
258,259,"VXM.ALU0","decode norm1: square column=250"
258,259,"VXM.ALU1","decode norm1: sum(x^2) column=249"
259,260,"MEM.E.Read","decode norm1: RMSNorm x column=253"
259,260,"MEM.E.Read","decode norm1: RMSNorm x column=253"
259,260,"VXM.ALU0","decode norm1: square column=251"
259,260,"VXM.ALU1","decode norm1: sum(x^2) column=250"
260,261,"MEM.E.Read","decode norm1: RMSNorm x column=254"
260,261,"MEM.E.Read","decode norm1: RMSNorm x column=254"
260,261,"VXM.ALU0","decode norm1: square column=252"
260,261,"VXM.ALU1","decode norm1: sum(x^2) column=251"
261,262,"MEM.E.Read","decode norm1: RMSNorm x column=255"
261,262,"MEM.E.Read","decode norm1: RMSNorm x column=255"
261,262,"VXM.ALU0","decode norm1: square column=253"
261,262,"VXM.ALU1","decode norm1: sum(x^2) column=252"
262,263,"MEM.E.Read","decode norm1: RMSNorm x column=256"
262,263,"MEM.E.Read","decode norm1: RMSNorm x column=256"
262,263,"VXM.ALU0","decode norm1: square column=254"
262,263,"VXM.ALU1","decode norm1: sum(x^2) column=253"
263,264,"MEM.E.Read","decode norm1: RMSNorm x column=257"
263,264,"MEM.E.Read","decode norm1: RMSNorm x column=257"
263,264,"VXM.ALU0","decode norm1: square column=255"
263,264,"VXM.ALU1","decode norm1: sum(x^2) column=254"
264,265,"MEM.E.Read","decode norm1: RMSNorm x column=258"
264,265,"MEM.E.Read","decode norm1: RMSNorm x column=258"
264,265,"VXM.ALU0","decode norm1: square column=256"
264,265,"VXM.ALU1","decode norm1: sum(x^2) column=255"
265,266,"MEM.E.Read","decode norm1: RMSNorm x column=259"
265,266,"MEM.E.Read","decode norm1: RMSNorm x column=259"
265,266,"VXM.ALU0","decode norm1: square column=257"
265,266,"VXM.ALU1","decode norm1: sum(x^2) column=256"
266,267,"MEM.E.Read","decode norm1: RMSNorm x column=260"
266,267,"MEM.E.Read","decode norm1: RMSNorm x column=260"
266,267,"VXM.ALU0","decode norm1: square column=258"
266,267,"VXM.ALU1","decode norm1: sum(x^2) column=257"
267,268,"MEM.E.Read","decode norm1: RMSNorm x column=261"
267,268,"MEM.E.Read","decode norm1: RMSNorm x column=261"
267,268,"VXM.ALU0","decode norm1: square column=259"
267,268,"VXM.ALU1","decode norm1: sum(x^2) column=258"
268,269,"MEM.E.Read","decode norm1: RMSNorm x column=262"
268,269,"MEM.E.Read","decode norm1: RMSNorm x column=262"
268,269,"VXM.ALU0","decode norm1: square column=260"
268,269,"VXM.ALU1","decode norm1: sum(x^2) column=259"
269,270,"MEM.E.Read","decode norm1: RMSNorm x column=263"
269,270,"MEM.E.Read","decode norm1: RMSNorm x column=263"
269,270,"VXM.ALU0","decode norm1: square column=261"
269,270,"VXM.ALU1","decode norm1: sum(x^2) column=260"
270,271,"MEM.E.Read","decode norm1: RMSNorm x column=264"
270,271,"MEM.E.Read","decode norm1: RMSNorm x column=264"
270,271,"VXM.ALU0","decode norm1: square column=262"
270,271,"VXM.ALU1","decode norm1: sum(x^2) column=261"
271,272,"MEM.E.Read","decode norm1: RMSNorm x column=265"
271,272,"MEM.E.Read","decode norm1: RMSNorm x column=265"
271,272,"VXM.ALU0","decode norm1: square column=263"
271,272,"VXM.ALU1","decode norm1: sum(x^2) column=262"
272,273,"MEM.E.Read","decode norm1: RMSNorm x column=266"
272,273,"MEM.E.Read","decode norm1: RMSNorm x column=266"
272,273,"VXM.ALU0","decode norm1: square column=264"
272,273,"VXM.ALU1","decode norm1: sum(x^2) column=263"
273,274,"MEM.E.Read","decode norm1: RMSNorm x column=267"
273,274,"MEM.E.Read","decode norm1: RMSNorm x column=267"
273,274,"VXM.ALU0","decode norm1: square column=265"
273,274,"VXM.ALU1","decode norm1: sum(x^2) column=264"
274,275,"MEM.E.Read","decode norm1: RMSNorm x column=268"
274,275,"MEM.E.Read","decode norm1: RMSNorm x column=268"
274,275,"VXM.ALU0","decode norm1: square column=266"
274,275,"VXM.ALU1","decode norm1: sum(x^2) column=265"
275,276,"MEM.E.Read","decode norm1: RMSNorm x column=269"
275,276,"MEM.E.Read","decode norm1: RMSNorm x column=269"
275,276,"VXM.ALU0","decode norm1: square column=267"
275,276,"VXM.ALU1","decode norm1: sum(x^2) column=266"
276,277,"MEM.E.Read","decode norm1: RMSNorm x column=270"
276,277,"MEM.E.Read","decode norm1: RMSNorm x column=270"
276,277,"VXM.ALU0","decode norm1: square column=268"
276,277,"VXM.ALU1","decode norm1: sum(x^2) column=267"
277,278,"MEM.E.Read","decode norm1: RMSNorm x column=271"
277,278,"MEM.E.Read","decode norm1: RMSNorm x column=271"
277,278,"VXM.ALU0","decode norm1: square column=269"
277,278,"VXM.ALU1","decode norm1: sum(x^2) column=268"
278,279,"MEM.E.Read","decode norm1: RMSNorm x column=272"
278,279,"MEM.E.Read","decode norm1: RMSNorm x column=272"
278,279,"VXM.ALU0","decode norm1: square column=270"
278,279,"VXM.ALU1","decode norm1: sum(x^2) column=269"
279,280,"MEM.E.Read","decode norm1: RMSNorm x column=273"
279,280,"MEM.E.Read","decode norm1: RMSNorm x column=273"
279,280,"VXM.ALU0","decode norm1: square column=271"
279,280,"VXM.ALU1","decode norm1: sum(x^2) column=270"
280,281,"MEM.E.Read","decode norm1: RMSNorm x column=274"
280,281,"MEM.E.Read","decode norm1: RMSNorm x column=274"
280,281,"VXM.ALU0","decode norm1: square column=272"
280,281,"VXM.ALU1","decode norm1: sum(x^2) column=271"
281,282,"MEM.E.Read","decode norm1: RMSNorm x column=275"
281,282,"MEM.E.Read","decode norm1: RMSNorm x column=275"
281,282,"VXM.ALU0","decode norm1: square column=273"
281,282,"VXM.ALU1","decode norm1: sum(x^2) column=272"
282,283,"MEM.E.Read","decode norm1: RMSNorm x column=276"
282,283,"MEM.E.Read","decode norm1: RMSNorm x column=276"
282,283,"VXM.ALU0","decode norm1: square column=274"
282,283,"VXM.ALU1","decode norm1: sum(x^2) column=273"
283,284,"MEM.E.Read","decode norm1: RMSNorm x column=277"
283,284,"MEM.E.Read","decode norm1: RMSNorm x column=277"
283,284,"VXM.ALU0","decode norm1: square column=275"
283,284,"VXM.ALU1","decode norm1: sum(x^2) column=274"
284,285,"MEM.E.Read","decode norm1: RMSNorm x column=278"
284,285,"MEM.E.Read","decode norm1: RMSNorm x column=278"
284,285,"VXM.ALU0","decode norm1: square column=276"
284,285,"VXM.ALU1","decode norm1: sum(x^2) column=275"
285,286,"MEM.E.Read","decode norm1: RMSNorm x column=279"
285,286,"MEM.E.Read","decode norm1: RMSNorm x column=279"
285,286,"VXM.ALU0","decode norm1: square column=277"
285,286,"VXM.ALU1","decode norm1: sum(x^2) column=276"
286,287,"MEM.E.Read","decode norm1: RMSNorm x column=280"
286,287,"MEM.E.Read","decode norm1: RMSNorm x column=280"
286,287,"VXM.ALU0","decode norm1: square column=278"
286,287,"VXM.ALU1","decode norm1: sum(x^2) column=277"
287,288,"MEM.E.Read","decode norm1: RMSNorm x column=281"
287,288,"MEM.E.Read","decode norm1: RMSNorm x column=281"
287,288,"VXM.ALU0","decode norm1: square column=279"
287,288,"VXM.ALU1","decode norm1: sum(x^2) column=278"
288,289,"MEM.E.Read","decode norm1: RMSNorm x column=282"
288,289,"MEM.E.Read","decode norm1: RMSNorm x column=282"
288,289,"VXM.ALU0","decode norm1: square column=280"
288,289,"VXM.ALU1","decode norm1: sum(x^2) column=279"
289,290,"MEM.E.Read","decode norm1: RMSNorm x column=283"
289,290,"MEM.E.Read","decode norm1: RMSNorm x column=283"
289,290,"VXM.ALU0","decode norm1: square column=281"
289,290,"VXM.ALU1","decode norm1: sum(x^2) column=280"
290,291,"MEM.E.Read","decode norm1: RMSNorm x column=284"
290,291,"MEM.E.Read","decode norm1: RMSNorm x column=284"
290,291,"VXM.ALU0","decode norm1: square column=282"
290,291,"VXM.ALU1","decode norm1: sum(x^2) column=281"
291,292,"MEM.E.Read","decode norm1: RMSNorm x column=285"
291,292,"MEM.E.Read","decode norm1: RMSNorm x column=285"
291,292,"VXM.ALU0","decode norm1: square column=283"
291,292,"VXM.ALU1","decode norm1: sum(x^2) column=282"
292,293,"MEM.E.Read","decode norm1: RMSNorm x column=286"
292,293,"MEM.E.Read","decode norm1: RMSNorm x column=286"
292,293,"VXM.ALU0","decode norm1: square column=284"
292,293,"VXM.ALU1","decode norm1: sum(x^2) column=283"
293,294,"MEM.E.Read","decode norm1: RMSNorm x column=287"
293,294,"MEM.E.Read","decode norm1: RMSNorm x column=287"
293,294,"VXM.ALU0","decode norm1: square column=285"
293,294,"VXM.ALU1","decode norm1: sum(x^2) column=284"
294,295,"MEM.E.Read","decode norm1: RMSNorm x column=288"
294,295,"MEM.E.Read","decode norm1: RMSNorm x column=288"
294,295,"VXM.ALU0","decode norm1: square column=286"
294,295,"VXM.ALU1","decode norm1: sum(x^2) column=285"
295,296,"MEM.E.Read","decode norm1: RMSNorm x column=289"
295,296,"MEM.E.Read","decode norm1: RMSNorm x column=289"
295,296,"VXM.ALU0","decode norm1: square column=287"
295,296,"VXM.ALU1","decode norm1: sum(x^2) column=286"
296,297,"MEM.E.Read","decode norm1: RMSNorm x column=290"
296,297,"MEM.E.Read","decode norm1: RMSNorm x column=290"
296,297,"VXM.ALU0","decode norm1: square column=288"
296,297,"VXM.ALU1","decode norm1: sum(x^2) column=287"
297,298,"MEM.E.Read","decode norm1: RMSNorm x column=291"
297,298,"MEM.E.Read","decode norm1: RMSNorm x column=291"
297,298,"VXM.ALU0","decode norm1: square column=289"
297,298,"VXM.ALU1","decode norm1: sum(x^2) column=288"
298,299,"MEM.E.Read","decode norm1: RMSNorm x column=292"
298,299,"MEM.E.Read","decode norm1: RMSNorm x column=292"
298,299,"VXM.ALU0","decode norm1: square column=290"
298,299,"VXM.ALU1","decode norm1: sum(x^2) column=289"
299,300,"MEM.E.Read","decode norm1: RMSNorm x column=293"
299,300,"MEM.E.Read","decode norm1: RMSNorm x column=293"
299,300,"VXM.ALU0","decode norm1: square column=291"
299,300,"VXM.ALU1","decode norm1: sum(x^2) column=290"
300,301,"MEM.E.Read","decode norm1: RMSNorm x column=294"
300,301,"MEM.E.Read","decode norm1: RMSNorm x column=294"
300,301,"VXM.ALU0","decode norm1: square column=292"
300,301,"VXM.ALU1","decode norm1: sum(x^2) column=291"
301,302,"MEM.E.Read","decode norm1: RMSNorm x column=295"
301,302,"MEM.E.Read","decode norm1: RMSNorm x column=295"
301,302,"VXM.ALU0","decode norm1: square column=293"
301,302,"VXM.ALU1","decode norm1: sum(x^2) column=292"
302,303,"MEM.E.Read","decode norm1: RMSNorm x column=296"
302,303,"MEM.E.Read","decode norm1: RMSNorm x column=296"
302,303,"VXM.ALU0","decode norm1: square column=294"
302,303,"VXM.ALU1","decode norm1: sum(x^2) column=293"
303,304,"MEM.E.Read","decode norm1: RMSNorm x column=297"
303,304,"MEM.E.Read","decode norm1: RMSNorm x column=297"
303,304,"VXM.ALU0","decode norm1: square column=295"
303,304,"VXM.ALU1","decode norm1: sum(x^2) column=294"
304,305,"MEM.E.Read","decode norm1: RMSNorm x column=298"
304,305,"MEM.E.Read","decode norm1: RMSNorm x column=298"
304,305,"VXM.ALU0","decode norm1: square column=296"
304,305,"VXM.ALU1","decode norm1: sum(x^2) column=295"
305,306,"MEM.E.Read","decode norm1: RMSNorm x column=299"
305,306,"MEM.E.Read","decode norm1: RMSNorm x column=299"
305,306,"VXM.ALU0","decode norm1: square column=297"
305,306,"VXM.ALU1","decode norm1: sum(x^2) column=296"
306,307,"MEM.E.Read","decode norm1: RMSNorm x column=300"
306,307,"MEM.E.Read","decode norm1: RMSNorm x column=300"
306,307,"VXM.ALU0","decode norm1: square column=298"
306,307,"VXM.ALU1","decode norm1: sum(x^2) column=297"
307,308,"MEM.E.Read","decode norm1: RMSNorm x column=301"
307,308,"MEM.E.Read","decode norm1: RMSNorm x column=301"
307,308,"VXM.ALU0","decode norm1: square column=299"
307,308,"VXM.ALU1","decode norm1: sum(x^2) column=298"
308,309,"MEM.E.Read","decode norm1: RMSNorm x column=302"
308,309,"MEM.E.Read","decode norm1: RMSNorm x column=302"
308,309,"VXM.ALU0","decode norm1: square column=300"
308,309,"VXM.ALU1","decode norm1: sum(x^2) column=299"
309,310,"MEM.E.Read","decode norm1: RMSNorm x column=303"
309,310,"MEM.E.Read","decode norm1: RMSNorm x column=303"
309,310,"VXM.ALU0","decode norm1: square column=301"
309,310,"VXM.ALU1","decode norm1: sum(x^2) column=300"
310,311,"MEM.E.Read","decode norm1: RMSNorm x column=304"
310,311,"MEM.E.Read","decode norm1: RMSNorm x column=304"
310,311,"VXM.ALU0","decode norm1: square column=302"
310,311,"VXM.ALU1","decode norm1: sum(x^2) column=301"
311,312,"MEM.E.Read","decode norm1: RMSNorm x column=305"
311,312,"MEM.E.Read","decode norm1: RMSNorm x column=305"
311,312,"VXM.ALU0","decode norm1: square column=303"
311,312,"VXM.ALU1","decode norm1: sum(x^2) column=302"
312,313,"MEM.E.Read","decode norm1: RMSNorm x column=306"
312,313,"MEM.E.Read","decode norm1: RMSNorm x column=306"
312,313,"VXM.ALU0","decode norm1: square column=304"
312,313,"VXM.ALU1","decode norm1: sum(x^2) column=303"
313,314,"MEM.E.Read","decode norm1: RMSNorm x column=307"
313,314,"MEM.E.Read","decode norm1: RMSNorm x column=307"
313,314,"VXM.ALU0","decode norm1: square column=305"
313,314,"VXM.ALU1","decode norm1: sum(x^2) column=304"
314,315,"MEM.E.Read","decode norm1: RMSNorm x column=308"
314,315,"MEM.E.Read","decode norm1: RMSNorm x column=308"
314,315,"VXM.ALU0","decode norm1: square column=306"
314,315,"VXM.ALU1","decode norm1: sum(x^2) column=305"
315,316,"MEM.E.Read","decode norm1: RMSNorm x column=309"
315,316,"MEM.E.Read","decode norm1: RMSNorm x column=309"
315,316,"VXM.ALU0","decode norm1: square column=307"
315,316,"VXM.ALU1","decode norm1: sum(x^2) column=306"
316,317,"MEM.E.Read","decode norm1: RMSNorm x column=310"
316,317,"MEM.E.Read","decode norm1: RMSNorm x column=310"
316,317,"VXM.ALU0","decode norm1: square column=308"
316,317,"VXM.ALU1","decode norm1: sum(x^2) column=307"
317,318,"MEM.E.Read","decode norm1: RMSNorm x column=311"
317,318,"MEM.E.Read","decode norm1: RMSNorm x column=311"
317,318,"VXM.ALU0","decode norm1: square column=309"
317,318,"VXM.ALU1","decode norm1: sum(x^2) column=308"
318,319,"MEM.E.Read","decode norm1: RMSNorm x column=312"
318,319,"MEM.E.Read","decode norm1: RMSNorm x column=312"
318,319,"VXM.ALU0","decode norm1: square column=310"
318,319,"VXM.ALU1","decode norm1: sum(x^2) column=309"
319,320,"MEM.E.Read","decode norm1: RMSNorm x column=313"
319,320,"MEM.E.Read","decode norm1: RMSNorm x column=313"
319,320,"VXM.ALU0","decode norm1: square column=311"
319,320,"VXM.ALU1","decode norm1: sum(x^2) column=310"
320,321,"MEM.E.Read","decode norm1: RMSNorm x column=314"
320,321,"MEM.E.Read","decode norm1: RMSNorm x column=314"
320,321,"VXM.ALU0","decode norm1: square column=312"
320,321,"VXM.ALU1","decode norm1: sum(x^2) column=311"
321,322,"MEM.E.Read","decode norm1: RMSNorm x column=315"
321,322,"MEM.E.Read","decode norm1: RMSNorm x column=315"
321,322,"VXM.ALU0","decode norm1: square column=313"
321,322,"VXM.ALU1","decode norm1: sum(x^2) column=312"
322,323,"MEM.E.Read","decode norm1: RMSNorm x column=316"
322,323,"MEM.E.Read","decode norm1: RMSNorm x column=316"
322,323,"VXM.ALU0","decode norm1: square column=314"
322,323,"VXM.ALU1","decode norm1: sum(x^2) column=313"
323,324,"MEM.E.Read","decode norm1: RMSNorm x column=317"
323,324,"MEM.E.Read","decode norm1: RMSNorm x column=317"
323,324,"VXM.ALU0","decode norm1: square column=315"
323,324,"VXM.ALU1","decode norm1: sum(x^2) column=314"
324,325,"MEM.E.Read","decode norm1: RMSNorm x column=318"
324,325,"MEM.E.Read","decode norm1: RMSNorm x column=318"
324,325,"VXM.ALU0","decode norm1: square column=316"
324,325,"VXM.ALU1","decode norm1: sum(x^2) column=315"
325,326,"MEM.E.Read","decode norm1: RMSNorm x column=319"
325,326,"MEM.E.Read","decode norm1: RMSNorm x column=319"
325,326,"VXM.ALU0","decode norm1: square column=317"
325,326,"VXM.ALU1","decode norm1: sum(x^2) column=316"
326,327,"MEM.E.Read","decode norm1: RMSNorm x column=320"
326,327,"MEM.E.Read","decode norm1: RMSNorm x column=320"
326,327,"VXM.ALU0","decode norm1: square column=318"
326,327,"VXM.ALU1","decode norm1: sum(x^2) column=317"
327,328,"MEM.E.Read","decode norm1: RMSNorm x column=321"
327,328,"MEM.E.Read","decode norm1: RMSNorm x column=321"
327,328,"VXM.ALU0","decode norm1: square column=319"
327,328,"VXM.ALU1","decode norm1: sum(x^2) column=318"
328,329,"MEM.E.Read","decode norm1: RMSNorm x column=322"
328,329,"MEM.E.Read","decode norm1: RMSNorm x column=322"
328,329,"VXM.ALU0","decode norm1: square column=320"
328,329,"VXM.ALU1","decode norm1: sum(x^2) column=319"
329,330,"MEM.E.Read","decode norm1: RMSNorm x column=323"
329,330,"MEM.E.Read","decode norm1: RMSNorm x column=323"
329,330,"VXM.ALU0","decode norm1: square column=321"
329,330,"VXM.ALU1","decode norm1: sum(x^2) column=320"
330,331,"MEM.E.Read","decode norm1: RMSNorm x column=324"
330,331,"MEM.E.Read","decode norm1: RMSNorm x column=324"
330,331,"VXM.ALU0","decode norm1: square column=322"
330,331,"VXM.ALU1","decode norm1: sum(x^2) column=321"
331,332,"MEM.E.Read","decode norm1: RMSNorm x column=325"
331,332,"MEM.E.Read","decode norm1: RMSNorm x column=325"
331,332,"VXM.ALU0","decode norm1: square column=323"
331,332,"VXM.ALU1","decode norm1: sum(x^2) column=322"
332,333,"MEM.E.Read","decode norm1: RMSNorm x column=326"
332,333,"MEM.E.Read","decode norm1: RMSNorm x column=326"
332,333,"VXM.ALU0","decode norm1: square column=324"
332,333,"VXM.ALU1","decode norm1: sum(x^2) column=323"
333,334,"MEM.E.Read","decode norm1: RMSNorm x column=327"
333,334,"MEM.E.Read","decode norm1: RMSNorm x column=327"
333,334,"VXM.ALU0","decode norm1: square column=325"
333,334,"VXM.ALU1","decode norm1: sum(x^2) column=324"
334,335,"MEM.E.Read","decode norm1: RMSNorm x column=328"
334,335,"MEM.E.Read","decode norm1: RMSNorm x column=328"
334,335,"VXM.ALU0","decode norm1: square column=326"
334,335,"VXM.ALU1","decode norm1: sum(x^2) column=325"
335,336,"MEM.E.Read","decode norm1: RMSNorm x column=329"
335,336,"MEM.E.Read","decode norm1: RMSNorm x column=329"
335,336,"VXM.ALU0","decode norm1: square column=327"
335,336,"VXM.ALU1","decode norm1: sum(x^2) column=326"
336,337,"MEM.E.Read","decode norm1: RMSNorm x column=330"
336,337,"MEM.E.Read","decode norm1: RMSNorm x column=330"
336,337,"VXM.ALU0","decode norm1: square column=328"
336,337,"VXM.ALU1","decode norm1: sum(x^2) column=327"
337,338,"MEM.E.Read","decode norm1: RMSNorm x column=331"
337,338,"MEM.E.Read","decode norm1: RMSNorm x column=331"
337,338,"VXM.ALU0","decode norm1: square column=329"
337,338,"VXM.ALU1","decode norm1: sum(x^2) column=328"
338,339,"MEM.E.Read","decode norm1: RMSNorm x column=332"
338,339,"MEM.E.Read","decode norm1: RMSNorm x column=332"
338,339,"VXM.ALU0","decode norm1: square column=330"
338,339,"VXM.ALU1","decode norm1: sum(x^2) column=329"
339,340,"MEM.E.Read","decode norm1: RMSNorm x column=333"
339,340,"MEM.E.Read","decode norm1: RMSNorm x column=333"
339,340,"VXM.ALU0","decode norm1: square column=331"
339,340,"VXM.ALU1","decode norm1: sum(x^2) column=330"
340,341,"MEM.E.Read","decode norm1: RMSNorm x column=334"
340,341,"MEM.E.Read","decode norm1: RMSNorm x column=334"
340,341,"VXM.ALU0","decode norm1: square column=332"
340,341,"VXM.ALU1","decode norm1: sum(x^2) column=331"
341,342,"MEM.E.Read","decode norm1: RMSNorm x column=335"
341,342,"MEM.E.Read","decode norm1: RMSNorm x column=335"
341,342,"VXM.ALU0","decode norm1: square column=333"
341,342,"VXM.ALU1","decode norm1: sum(x^2) column=332"
342,343,"MEM.E.Read","decode norm1: RMSNorm x column=336"
342,343,"MEM.E.Read","decode norm1: RMSNorm x column=336"
342,343,"VXM.ALU0","decode norm1: square column=334"
342,343,"VXM.ALU1","decode norm1: sum(x^2) column=333"
343,344,"MEM.E.Read","decode norm1: RMSNorm x column=337"
343,344,"MEM.E.Read","decode norm1: RMSNorm x column=337"
343,344,"VXM.ALU0","decode norm1: square column=335"
343,344,"VXM.ALU1","decode norm1: sum(x^2) column=334"
344,345,"MEM.E.Read","decode norm1: RMSNorm x column=338"
344,345,"MEM.E.Read","decode norm1: RMSNorm x column=338"
344,345,"VXM.ALU0","decode norm1: square column=336"
344,345,"VXM.ALU1","decode norm1: sum(x^2) column=335"
345,346,"MEM.E.Read","decode norm1: RMSNorm x column=339"
345,346,"MEM.E.Read","decode norm1: RMSNorm x column=339"
345,346,"VXM.ALU0","decode norm1: square column=337"
345,346,"VXM.ALU1","decode norm1: sum(x^2) column=336"
346,347,"MEM.E.Read","decode norm1: RMSNorm x column=340"
346,347,"MEM.E.Read","decode norm1: RMSNorm x column=340"
346,347,"VXM.ALU0","decode norm1: square column=338"
346,347,"VXM.ALU1","decode norm1: sum(x^2) column=337"
347,348,"MEM.E.Read","decode norm1: RMSNorm x column=341"
347,348,"MEM.E.Read","decode norm1: RMSNorm x column=341"
347,348,"VXM.ALU0","decode norm1: square column=339"
347,348,"VXM.ALU1","decode norm1: sum(x^2) column=338"
348,349,"MEM.E.Read","decode norm1: RMSNorm x column=342"
348,349,"MEM.E.Read","decode norm1: RMSNorm x column=342"
348,349,"VXM.ALU0","decode norm1: square column=340"
348,349,"VXM.ALU1","decode norm1: sum(x^2) column=339"
349,350,"MEM.E.Read","decode norm1: RMSNorm x column=343"
349,350,"MEM.E.Read","decode norm1: RMSNorm x column=343"
349,350,"VXM.ALU0","decode norm1: square column=341"
349,350,"VXM.ALU1","decode norm1: sum(x^2) column=340"
350,351,"MEM.E.Read","decode norm1: RMSNorm x column=344"
350,351,"MEM.E.Read","decode norm1: RMSNorm x column=344"
350,351,"VXM.ALU0","decode norm1: square column=342"
350,351,"VXM.ALU1","decode norm1: sum(x^2) column=341"
351,352,"MEM.E.Read","decode norm1: RMSNorm x column=345"
351,352,"MEM.E.Read","decode norm1: RMSNorm x column=345"
351,352,"VXM.ALU0","decode norm1: square column=343"
351,352,"VXM.ALU1","decode norm1: sum(x^2) column=342"
352,353,"MEM.E.Read","decode norm1: RMSNorm x column=346"
352,353,"MEM.E.Read","decode norm1: RMSNorm x column=346"
352,353,"VXM.ALU0","decode norm1: square column=344"
352,353,"VXM.ALU1","decode norm1: sum(x^2) column=343"
353,354,"MEM.E.Read","decode norm1: RMSNorm x column=347"
353,354,"MEM.E.Read","decode norm1: RMSNorm x column=347"
353,354,"VXM.ALU0","decode norm1: square column=345"
353,354,"VXM.ALU1","decode norm1: sum(x^2) column=344"
354,355,"MEM.E.Read","decode norm1: RMSNorm x column=348"
354,355,"MEM.E.Read","decode norm1: RMSNorm x column=348"
354,355,"VXM.ALU0","decode norm1: square column=346"
354,355,"VXM.ALU1","decode norm1: sum(x^2) column=345"
355,356,"MEM.E.Read","decode norm1: RMSNorm x column=349"
355,356,"MEM.E.Read","decode norm1: RMSNorm x column=349"
355,356,"VXM.ALU0","decode norm1: square column=347"
355,356,"VXM.ALU1","decode norm1: sum(x^2) column=346"
356,357,"MEM.E.Read","decode norm1: RMSNorm x column=350"
356,357,"MEM.E.Read","decode norm1: RMSNorm x column=350"
356,357,"VXM.ALU0","decode norm1: square column=348"
356,357,"VXM.ALU1","decode norm1: sum(x^2) column=347"
357,358,"MEM.E.Read","decode norm1: RMSNorm x column=351"
357,358,"MEM.E.Read","decode norm1: RMSNorm x column=351"
357,358,"VXM.ALU0","decode norm1: square column=349"
357,358,"VXM.ALU1","decode norm1: sum(x^2) column=348"
358,359,"MEM.E.Read","decode norm1: RMSNorm x column=352"
358,359,"MEM.E.Read","decode norm1: RMSNorm x column=352"
358,359,"VXM.ALU0","decode norm1: square column=350"
358,359,"VXM.ALU1","decode norm1: sum(x^2) column=349"
359,360,"MEM.E.Read","decode norm1: RMSNorm x column=353"
359,360,"MEM.E.Read","decode norm1: RMSNorm x column=353"
359,360,"VXM.ALU0","decode norm1: square column=351"
359,360,"VXM.ALU1","decode norm1: sum(x^2) column=350"
360,361,"MEM.E.Read","decode norm1: RMSNorm x column=354"
360,361,"MEM.E.Read","decode norm1: RMSNorm x column=354"
360,361,"VXM.ALU0","decode norm1: square column=352"
360,361,"VXM.ALU1","decode norm1: sum(x^2) column=351"
361,362,"MEM.E.Read","decode norm1: RMSNorm x column=355"
361,362,"MEM.E.Read","decode norm1: RMSNorm x column=355"
361,362,"VXM.ALU0","decode norm1: square column=353"
361,362,"VXM.ALU1","decode norm1: sum(x^2) column=352"
362,363,"MEM.E.Read","decode norm1: RMSNorm x column=356"
362,363,"MEM.E.Read","decode norm1: RMSNorm x column=356"
362,363,"VXM.ALU0","decode norm1: square column=354"
362,363,"VXM.ALU1","decode norm1: sum(x^2) column=353"
363,364,"MEM.E.Read","decode norm1: RMSNorm x column=357"
363,364,"MEM.E.Read","decode norm1: RMSNorm x column=357"
363,364,"VXM.ALU0","decode norm1: square column=355"
363,364,"VXM.ALU1","decode norm1: sum(x^2) column=354"
364,365,"MEM.E.Read","decode norm1: RMSNorm x column=358"
364,365,"MEM.E.Read","decode norm1: RMSNorm x column=358"
364,365,"VXM.ALU0","decode norm1: square column=356"
364,365,"VXM.ALU1","decode norm1: sum(x^2) column=355"
365,366,"MEM.E.Read","decode norm1: RMSNorm x column=359"
365,366,"MEM.E.Read","decode norm1: RMSNorm x column=359"
365,366,"VXM.ALU0","decode norm1: square column=357"
365,366,"VXM.ALU1","decode norm1: sum(x^2) column=356"
366,367,"MEM.E.Read","decode norm1: RMSNorm x column=360"
366,367,"MEM.E.Read","decode norm1: RMSNorm x column=360"
366,367,"VXM.ALU0","decode norm1: square column=358"
366,367,"VXM.ALU1","decode norm1: sum(x^2) column=357"
367,368,"MEM.E.Read","decode norm1: RMSNorm x column=361"
367,368,"MEM.E.Read","decode norm1: RMSNorm x column=361"
367,368,"VXM.ALU0","decode norm1: square column=359"
367,368,"VXM.ALU1","decode norm1: sum(x^2) column=358"
368,369,"MEM.E.Read","decode norm1: RMSNorm x column=362"
368,369,"MEM.E.Read","decode norm1: RMSNorm x column=362"
368,369,"VXM.ALU0","decode norm1: square column=360"
368,369,"VXM.ALU1","decode norm1: sum(x^2) column=359"
369,370,"MEM.E.Read","decode norm1: RMSNorm x column=363"
369,370,"MEM.E.Read","decode norm1: RMSNorm x column=363"
369,370,"VXM.ALU0","decode norm1: square column=361"
369,370,"VXM.ALU1","decode norm1: sum(x^2) column=360"
370,371,"MEM.E.Read","decode norm1: RMSNorm x column=364"
370,371,"MEM.E.Read","decode norm1: RMSNorm x column=364"
370,371,"VXM.ALU0","decode norm1: square column=362"
370,371,"VXM.ALU1","decode norm1: sum(x^2) column=361"
371,372,"MEM.E.Read","decode norm1: RMSNorm x column=365"
371,372,"MEM.E.Read","decode norm1: RMSNorm x column=365"
371,372,"VXM.ALU0","decode norm1: square column=363"
371,372,"VXM.ALU1","decode norm1: sum(x^2) column=362"
372,373,"MEM.E.Read","decode norm1: RMSNorm x column=366"
372,373,"MEM.E.Read","decode norm1: RMSNorm x column=366"
372,373,"VXM.ALU0","decode norm1: square column=364"
372,373,"VXM.ALU1","decode norm1: sum(x^2) column=363"
373,374,"MEM.E.Read","decode norm1: RMSNorm x column=367"
373,374,"MEM.E.Read","decode norm1: RMSNorm x column=367"
373,374,"VXM.ALU0","decode norm1: square column=365"
373,374,"VXM.ALU1","decode norm1: sum(x^2) column=364"
374,375,"MEM.E.Read","decode norm1: RMSNorm x column=368"
374,375,"MEM.E.Read","decode norm1: RMSNorm x column=368"
374,375,"VXM.ALU0","decode norm1: square column=366"
374,375,"VXM.ALU1","decode norm1: sum(x^2) column=365"
375,376,"MEM.E.Read","decode norm1: RMSNorm x column=369"
375,376,"MEM.E.Read","decode norm1: RMSNorm x column=369"
375,376,"VXM.ALU0","decode norm1: square column=367"
375,376,"VXM.ALU1","decode norm1: sum(x^2) column=366"
376,377,"MEM.E.Read","decode norm1: RMSNorm x column=370"
376,377,"MEM.E.Read","decode norm1: RMSNorm x column=370"
376,377,"VXM.ALU0","decode norm1: square column=368"
376,377,"VXM.ALU1","decode norm1: sum(x^2) column=367"
377,378,"MEM.E.Read","decode norm1: RMSNorm x column=371"
377,378,"MEM.E.Read","decode norm1: RMSNorm x column=371"
377,378,"VXM.ALU0","decode norm1: square column=369"
377,378,"VXM.ALU1","decode norm1: sum(x^2) column=368"
378,379,"MEM.E.Read","decode norm1: RMSNorm x column=372"
378,379,"MEM.E.Read","decode norm1: RMSNorm x column=372"
378,379,"VXM.ALU0","decode norm1: square column=370"
378,379,"VXM.ALU1","decode norm1: sum(x^2) column=369"
379,380,"MEM.E.Read","decode norm1: RMSNorm x column=373"
379,380,"MEM.E.Read","decode norm1: RMSNorm x column=373"
379,380,"VXM.ALU0","decode norm1: square column=371"
379,380,"VXM.ALU1","decode norm1: sum(x^2) column=370"
380,381,"MEM.E.Read","decode norm1: RMSNorm x column=374"
380,381,"MEM.E.Read","decode norm1: RMSNorm x column=374"
380,381,"VXM.ALU0","decode norm1: square column=372"
380,381,"VXM.ALU1","decode norm1: sum(x^2) column=371"
381,382,"MEM.E.Read","decode norm1: RMSNorm x column=375"
381,382,"MEM.E.Read","decode norm1: RMSNorm x column=375"
381,382,"VXM.ALU0","decode norm1: square column=373"
381,382,"VXM.ALU1","decode norm1: sum(x^2) column=372"
382,383,"MEM.E.Read","decode norm1: RMSNorm x column=376"
382,383,"MEM.E.Read","decode norm1: RMSNorm x column=376"
382,383,"VXM.ALU0","decode norm1: square column=374"
382,383,"VXM.ALU1","decode norm1: sum(x^2) column=373"
383,384,"MEM.E.Read","decode norm1: RMSNorm x column=377"
383,384,"MEM.E.Read","decode norm1: RMSNorm x column=377"
383,384,"VXM.ALU0","decode norm1: square column=375"
383,384,"VXM.ALU1","decode norm1: sum(x^2) column=374"
384,385,"MEM.E.Read","decode norm1: RMSNorm x column=378"
384,385,"MEM.E.Read","decode norm1: RMSNorm x column=378"
384,385,"VXM.ALU0","decode norm1: square column=376"
384,385,"VXM.ALU1","decode norm1: sum(x^2) column=375"
385,386,"MEM.E.Read","decode norm1: RMSNorm x column=379"
385,386,"MEM.E.Read","decode norm1: RMSNorm x column=379"
385,386,"VXM.ALU0","decode norm1: square column=377"
385,386,"VXM.ALU1","decode norm1: sum(x^2) column=376"
386,387,"MEM.E.Read","decode norm1: RMSNorm x column=380"
386,387,"MEM.E.Read","decode norm1: RMSNorm x column=380"
386,387,"VXM.ALU0","decode norm1: square column=378"
386,387,"VXM.ALU1","decode norm1: sum(x^2) column=377"
387,388,"MEM.E.Read","decode norm1: RMSNorm x column=381"
387,388,"MEM.E.Read","decode norm1: RMSNorm x column=381"
387,388,"VXM.ALU0","decode norm1: square column=379"
387,388,"VXM.ALU1","decode norm1: sum(x^2) column=378"
388,389,"MEM.E.Read","decode norm1: RMSNorm x column=382"
388,389,"MEM.E.Read","decode norm1: RMSNorm x column=382"
388,389,"VXM.ALU0","decode norm1: square column=380"
388,389,"VXM.ALU1","decode norm1: sum(x^2) column=379"
389,390,"MEM.E.Read","decode norm1: RMSNorm x column=383"
389,390,"MEM.E.Read","decode norm1: RMSNorm x column=383"
389,390,"VXM.ALU0","decode norm1: square column=381"
389,390,"VXM.ALU1","decode norm1: sum(x^2) column=380"
390,391,"MEM.E.Read","decode norm1: RMSNorm x column=384"
390,391,"MEM.E.Read","decode norm1: RMSNorm x column=384"
390,391,"VXM.ALU0","decode norm1: square column=382"
390,391,"VXM.ALU1","decode norm1: sum(x^2) column=381"
391,392,"MEM.E.Read","decode norm1: RMSNorm x column=385"
391,392,"MEM.E.Read","decode norm1: RMSNorm x column=385"
391,392,"VXM.ALU0","decode norm1: square column=383"
391,392,"VXM.ALU1","decode norm1: sum(x^2) column=382"
392,393,"MEM.E.Read","decode norm1: RMSNorm x column=386"
392,393,"MEM.E.Read","decode norm1: RMSNorm x column=386"
392,393,"VXM.ALU0","decode norm1: square column=384"
392,393,"VXM.ALU1","decode norm1: sum(x^2) column=383"
393,394,"MEM.E.Read","decode norm1: RMSNorm x column=387"
393,394,"MEM.E.Read","decode norm1: RMSNorm x column=387"
393,394,"VXM.ALU0","decode norm1: square column=385"
393,394,"VXM.ALU1","decode norm1: sum(x^2) column=384"
394,395,"MEM.E.Read","decode norm1: RMSNorm x column=388"
394,395,"MEM.E.Read","decode norm1: RMSNorm x column=388"
394,395,"VXM.ALU0","decode norm1: square column=386"
394,395,"VXM.ALU1","decode norm1: sum(x^2) column=385"
395,396,"MEM.E.Read","decode norm1: RMSNorm x column=389"
395,396,"MEM.E.Read","decode norm1: RMSNorm x column=389"
395,396,"VXM.ALU0","decode norm1: square column=387"
395,396,"VXM.ALU1","decode norm1: sum(x^2) column=386"
396,397,"MEM.E.Read","decode norm1: RMSNorm x column=390"
396,397,"MEM.E.Read","decode norm1: RMSNorm x column=390"
396,397,"VXM.ALU0","decode norm1: square column=388"
396,397,"VXM.ALU1","decode norm1: sum(x^2) column=387"
397,398,"MEM.E.Read","decode norm1: RMSNorm x column=391"
397,398,"MEM.E.Read","decode norm1: RMSNorm x column=391"
397,398,"VXM.ALU0","decode norm1: square column=389"
397,398,"VXM.ALU1","decode norm1: sum(x^2) column=388"
398,399,"MEM.E.Read","decode norm1: RMSNorm x column=392"
398,399,"MEM.E.Read","decode norm1: RMSNorm x column=392"
398,399,"VXM.ALU0","decode norm1: square column=390"
398,399,"VXM.ALU1","decode norm1: sum(x^2) column=389"
399,400,"MEM.E.Read","decode norm1: RMSNorm x column=393"
399,400,"MEM.E.Read","decode norm1: RMSNorm x column=393"
399,400,"VXM.ALU0","decode norm1: square column=391"
399,400,"VXM.ALU1","decode norm1: sum(x^2) column=390"
400,401,"MEM.E.Read","decode norm1: RMSNorm x column=394"
400,401,"MEM.E.Read","decode norm1: RMSNorm x column=394"
400,401,"VXM.ALU0","decode norm1: square column=392"
400,401,"VXM.ALU1","decode norm1: sum(x^2) column=391"
401,402,"MEM.E.Read","decode norm1: RMSNorm x column=395"
401,402,"MEM.E.Read","decode norm1: RMSNorm x column=395"
401,402,"VXM.ALU0","decode norm1: square column=393"
401,402,"VXM.ALU1","decode norm1: sum(x^2) column=392"
402,403,"MEM.E.Read","decode norm1: RMSNorm x column=396"
402,403,"MEM.E.Read","decode norm1: RMSNorm x column=396"
402,403,"VXM.ALU0","decode norm1: square column=394"
402,403,"VXM.ALU1","decode norm1: sum(x^2) column=393"
403,404,"MEM.E.Read","decode norm1: RMSNorm x column=397"
403,404,"MEM.E.Read","decode norm1: RMSNorm x column=397"
403,404,"VXM.ALU0","decode norm1: square column=395"
403,404,"VXM.ALU1","decode norm1: sum(x^2) column=394"
404,405,"MEM.E.Read","decode norm1: RMSNorm x column=398"
404,405,"MEM.E.Read","decode norm1: RMSNorm x column=398"
404,405,"VXM.ALU0","decode norm1: square column=396"
404,405,"VXM.ALU1","decode norm1: sum(x^2) column=395"
405,406,"MEM.E.Read","decode norm1: RMSNorm x column=399"
405,406,"MEM.E.Read","decode norm1: RMSNorm x column=399"
405,406,"VXM.ALU0","decode norm1: square column=397"
405,406,"VXM.ALU1","decode norm1: sum(x^2) column=396"
406,407,"MEM.E.Read","decode norm1: RMSNorm x column=400"
406,407,"MEM.E.Read","decode norm1: RMSNorm x column=400"
406,407,"VXM.ALU0","decode norm1: square column=398"
406,407,"VXM.ALU1","decode norm1: sum(x^2) column=397"
407,408,"MEM.E.Read","decode norm1: RMSNorm x column=401"
407,408,"MEM.E.Read","decode norm1: RMSNorm x column=401"
407,408,"VXM.ALU0","decode norm1: square column=399"
407,408,"VXM.ALU1","decode norm1: sum(x^2) column=398"
408,409,"MEM.E.Read","decode norm1: RMSNorm x column=402"
408,409,"MEM.E.Read","decode norm1: RMSNorm x column=402"
408,409,"VXM.ALU0","decode norm1: square column=400"
408,409,"VXM.ALU1","decode norm1: sum(x^2) column=399"
409,410,"MEM.E.Read","decode norm1: RMSNorm x column=403"
409,410,"MEM.E.Read","decode norm1: RMSNorm x column=403"
409,410,"VXM.ALU0","decode norm1: square column=401"
409,410,"VXM.ALU1","decode norm1: sum(x^2) column=400"
410,411,"MEM.E.Read","decode norm1: RMSNorm x column=404"
410,411,"MEM.E.Read","decode norm1: RMSNorm x column=404"
410,411,"VXM.ALU0","decode norm1: square column=402"
410,411,"VXM.ALU1","decode norm1: sum(x^2) column=401"
411,412,"MEM.E.Read","decode norm1: RMSNorm x column=405"
411,412,"MEM.E.Read","decode norm1: RMSNorm x column=405"
411,412,"VXM.ALU0","decode norm1: square column=403"
411,412,"VXM.ALU1","decode norm1: sum(x^2) column=402"
412,413,"MEM.E.Read","decode norm1: RMSNorm x column=406"
412,413,"MEM.E.Read","decode norm1: RMSNorm x column=406"
412,413,"VXM.ALU0","decode norm1: square column=404"
412,413,"VXM.ALU1","decode norm1: sum(x^2) column=403"
413,414,"MEM.E.Read","decode norm1: RMSNorm x column=407"
413,414,"MEM.E.Read","decode norm1: RMSNorm x column=407"
413,414,"VXM.ALU0","decode norm1: square column=405"
413,414,"VXM.ALU1","decode norm1: sum(x^2) column=404"
414,415,"MEM.E.Read","decode norm1: RMSNorm x column=408"
414,415,"MEM.E.Read","decode norm1: RMSNorm x column=408"
414,415,"VXM.ALU0","decode norm1: square column=406"
414,415,"VXM.ALU1","decode norm1: sum(x^2) column=405"
415,416,"MEM.E.Read","decode norm1: RMSNorm x column=409"
415,416,"MEM.E.Read","decode norm1: RMSNorm x column=409"
415,416,"VXM.ALU0","decode norm1: square column=407"
415,416,"VXM.ALU1","decode norm1: sum(x^2) column=406"
416,417,"MEM.E.Read","decode norm1: RMSNorm x column=410"
416,417,"MEM.E.Read","decode norm1: RMSNorm x column=410"
416,417,"VXM.ALU0","decode norm1: square column=408"
416,417,"VXM.ALU1","decode norm1: sum(x^2) column=407"
417,418,"MEM.E.Read","decode norm1: RMSNorm x column=411"
417,418,"MEM.E.Read","decode norm1: RMSNorm x column=411"
417,418,"VXM.ALU0","decode norm1: square column=409"
417,418,"VXM.ALU1","decode norm1: sum(x^2) column=408"
418,419,"MEM.E.Read","decode norm1: RMSNorm x column=412"
418,419,"MEM.E.Read","decode norm1: RMSNorm x column=412"
418,419,"VXM.ALU0","decode norm1: square column=410"
418,419,"VXM.ALU1","decode norm1: sum(x^2) column=409"
419,420,"MEM.E.Read","decode norm1: RMSNorm x column=413"
419,420,"MEM.E.Read","decode norm1: RMSNorm x column=413"
419,420,"VXM.ALU0","decode norm1: square column=411"
419,420,"VXM.ALU1","decode norm1: sum(x^2) column=410"
420,421,"MEM.E.Read","decode norm1: RMSNorm x column=414"
420,421,"MEM.E.Read","decode norm1: RMSNorm x column=414"
420,421,"VXM.ALU0","decode norm1: square column=412"
420,421,"VXM.ALU1","decode norm1: sum(x^2) column=411"
421,422,"MEM.E.Read","decode norm1: RMSNorm x column=415"
421,422,"MEM.E.Read","decode norm1: RMSNorm x column=415"
421,422,"VXM.ALU0","decode norm1: square column=413"
421,422,"VXM.ALU1","decode norm1: sum(x^2) column=412"
422,423,"MEM.E.Read","decode norm1: RMSNorm x column=416"
422,423,"MEM.E.Read","decode norm1: RMSNorm x column=416"
422,423,"VXM.ALU0","decode norm1: square column=414"
422,423,"VXM.ALU1","decode norm1: sum(x^2) column=413"
423,424,"MEM.E.Read","decode norm1: RMSNorm x column=417"
423,424,"MEM.E.Read","decode norm1: RMSNorm x column=417"
423,424,"VXM.ALU0","decode norm1: square column=415"
423,424,"VXM.ALU1","decode norm1: sum(x^2) column=414"
424,425,"MEM.E.Read","decode norm1: RMSNorm x column=418"
424,425,"MEM.E.Read","decode norm1: RMSNorm x column=418"
424,425,"VXM.ALU0","decode norm1: square column=416"
424,425,"VXM.ALU1","decode norm1: sum(x^2) column=415"
425,426,"MEM.E.Read","decode norm1: RMSNorm x column=419"
425,426,"MEM.E.Read","decode norm1: RMSNorm x column=419"
425,426,"VXM.ALU0","decode norm1: square column=417"
425,426,"VXM.ALU1","decode norm1: sum(x^2) column=416"
426,427,"MEM.E.Read","decode norm1: RMSNorm x column=420"
426,427,"MEM.E.Read","decode norm1: RMSNorm x column=420"
426,427,"VXM.ALU0","decode norm1: square column=418"
426,427,"VXM.ALU1","decode norm1: sum(x^2) column=417"
427,428,"MEM.E.Read","decode norm1: RMSNorm x column=421"
427,428,"MEM.E.Read","decode norm1: RMSNorm x column=421"
427,428,"VXM.ALU0","decode norm1: square column=419"
427,428,"VXM.ALU1","decode norm1: sum(x^2) column=418"
428,429,"MEM.E.Read","decode norm1: RMSNorm x column=422"
428,429,"MEM.E.Read","decode norm1: RMSNorm x column=422"
428,429,"VXM.ALU0","decode norm1: square column=420"
428,429,"VXM.ALU1","decode norm1: sum(x^2) column=419"
429,430,"MEM.E.Read","decode norm1: RMSNorm x column=423"
429,430,"MEM.E.Read","decode norm1: RMSNorm x column=423"
429,430,"VXM.ALU0","decode norm1: square column=421"
429,430,"VXM.ALU1","decode norm1: sum(x^2) column=420"
430,431,"MEM.E.Read","decode norm1: RMSNorm x column=424"
430,431,"MEM.E.Read","decode norm1: RMSNorm x column=424"
430,431,"VXM.ALU0","decode norm1: square column=422"
430,431,"VXM.ALU1","decode norm1: sum(x^2) column=421"
431,432,"MEM.E.Read","decode norm1: RMSNorm x column=425"
431,432,"MEM.E.Read","decode norm1: RMSNorm x column=425"
431,432,"VXM.ALU0","decode norm1: square column=423"
431,432,"VXM.ALU1","decode norm1: sum(x^2) column=422"
432,433,"MEM.E.Read","decode norm1: RMSNorm x column=426"
432,433,"MEM.E.Read","decode norm1: RMSNorm x column=426"
432,433,"VXM.ALU0","decode norm1: square column=424"
432,433,"VXM.ALU1","decode norm1: sum(x^2) column=423"
433,434,"MEM.E.Read","decode norm1: RMSNorm x column=427"
433,434,"MEM.E.Read","decode norm1: RMSNorm x column=427"
433,434,"VXM.ALU0","decode norm1: square column=425"
433,434,"VXM.ALU1","decode norm1: sum(x^2) column=424"
434,435,"MEM.E.Read","decode norm1: RMSNorm x column=428"
434,435,"MEM.E.Read","decode norm1: RMSNorm x column=428"
434,435,"VXM.ALU0","decode norm1: square column=426"
434,435,"VXM.ALU1","decode norm1: sum(x^2) column=425"
435,436,"MEM.E.Read","decode norm1: RMSNorm x column=429"
435,436,"MEM.E.Read","decode norm1: RMSNorm x column=429"
435,436,"VXM.ALU0","decode norm1: square column=427"
435,436,"VXM.ALU1","decode norm1: sum(x^2) column=426"
436,437,"MEM.E.Read","decode norm1: RMSNorm x column=430"
436,437,"MEM.E.Read","decode norm1: RMSNorm x column=430"
436,437,"VXM.ALU0","decode norm1: square column=428"
436,437,"VXM.ALU1","decode norm1: sum(x^2) column=427"
437,438,"MEM.E.Read","decode norm1: RMSNorm x column=431"
437,438,"MEM.E.Read","decode norm1: RMSNorm x column=431"
437,438,"VXM.ALU0","decode norm1: square column=429"
437,438,"VXM.ALU1","decode norm1: sum(x^2) column=428"
438,439,"MEM.E.Read","decode norm1: RMSNorm x column=432"
438,439,"MEM.E.Read","decode norm1: RMSNorm x column=432"
438,439,"VXM.ALU0","decode norm1: square column=430"
438,439,"VXM.ALU1","decode norm1: sum(x^2) column=429"
439,440,"MEM.E.Read","decode norm1: RMSNorm x column=433"
439,440,"MEM.E.Read","decode norm1: RMSNorm x column=433"
439,440,"VXM.ALU0","decode norm1: square column=431"
439,440,"VXM.ALU1","decode norm1: sum(x^2) column=430"
440,441,"MEM.E.Read","decode norm1: RMSNorm x column=434"
440,441,"MEM.E.Read","decode norm1: RMSNorm x column=434"
440,441,"VXM.ALU0","decode norm1: square column=432"
440,441,"VXM.ALU1","decode norm1: sum(x^2) column=431"
441,442,"MEM.E.Read","decode norm1: RMSNorm x column=435"
441,442,"MEM.E.Read","decode norm1: RMSNorm x column=435"
441,442,"VXM.ALU0","decode norm1: square column=433"
441,442,"VXM.ALU1","decode norm1: sum(x^2) column=432"
442,443,"MEM.E.Read","decode norm1: RMSNorm x column=436"
442,443,"MEM.E.Read","decode norm1: RMSNorm x column=436"
442,443,"VXM.ALU0","decode norm1: square column=434"
442,443,"VXM.ALU1","decode norm1: sum(x^2) column=433"
443,444,"MEM.E.Read","decode norm1: RMSNorm x column=437"
443,444,"MEM.E.Read","decode norm1: RMSNorm x column=437"
443,444,"VXM.ALU0","decode norm1: square column=435"
443,444,"VXM.ALU1","decode norm1: sum(x^2) column=434"
444,445,"MEM.E.Read","decode norm1: RMSNorm x column=438"
444,445,"MEM.E.Read","decode norm1: RMSNorm x column=438"
444,445,"VXM.ALU0","decode norm1: square column=436"
444,445,"VXM.ALU1","decode norm1: sum(x^2) column=435"
445,446,"MEM.E.Read","decode norm1: RMSNorm x column=439"
445,446,"MEM.E.Read","decode norm1: RMSNorm x column=439"
445,446,"VXM.ALU0","decode norm1: square column=437"
445,446,"VXM.ALU1","decode norm1: sum(x^2) column=436"
446,447,"MEM.E.Read","decode norm1: RMSNorm x column=440"
446,447,"MEM.E.Read","decode norm1: RMSNorm x column=440"
446,447,"VXM.ALU0","decode norm1: square column=438"
446,447,"VXM.ALU1","decode norm1: sum(x^2) column=437"
447,448,"MEM.E.Read","decode norm1: RMSNorm x column=441"
447,448,"MEM.E.Read","decode norm1: RMSNorm x column=441"
447,448,"VXM.ALU0","decode norm1: square column=439"
447,448,"VXM.ALU1","decode norm1: sum(x^2) column=438"
448,449,"MEM.E.Read","decode norm1: RMSNorm x column=442"
448,449,"MEM.E.Read","decode norm1: RMSNorm x column=442"
448,449,"VXM.ALU0","decode norm1: square column=440"
448,449,"VXM.ALU1","decode norm1: sum(x^2) column=439"
449,450,"MEM.E.Read","decode norm1: RMSNorm x column=443"
449,450,"MEM.E.Read","decode norm1: RMSNorm x column=443"
449,450,"VXM.ALU0","decode norm1: square column=441"
449,450,"VXM.ALU1","decode norm1: sum(x^2) column=440"
450,451,"MEM.E.Read","decode norm1: RMSNorm x column=444"
450,451,"MEM.E.Read","decode norm1: RMSNorm x column=444"
450,451,"VXM.ALU0","decode norm1: square column=442"
450,451,"VXM.ALU1","decode norm1: sum(x^2) column=441"
451,452,"MEM.E.Read","decode norm1: RMSNorm x column=445"
451,452,"MEM.E.Read","decode norm1: RMSNorm x column=445"
451,452,"VXM.ALU0","decode norm1: square column=443"
451,452,"VXM.ALU1","decode norm1: sum(x^2) column=442"
452,453,"MEM.E.Read","decode norm1: RMSNorm x column=446"
452,453,"MEM.E.Read","decode norm1: RMSNorm x column=446"
452,453,"VXM.ALU0","decode norm1: square column=444"
452,453,"VXM.ALU1","decode norm1: sum(x^2) column=443"
453,454,"MEM.E.Read","decode norm1: RMSNorm x column=447"
453,454,"MEM.E.Read","decode norm1: RMSNorm x column=447"
453,454,"VXM.ALU0","decode norm1: square column=445"
453,454,"VXM.ALU1","decode norm1: sum(x^2) column=444"
454,455,"MEM.E.Read","decode norm1: RMSNorm x column=448"
454,455,"MEM.E.Read","decode norm1: RMSNorm x column=448"
454,455,"VXM.ALU0","decode norm1: square column=446"
454,455,"VXM.ALU1","decode norm1: sum(x^2) column=445"
455,456,"MEM.E.Read","decode norm1: RMSNorm x column=449"
455,456,"MEM.E.Read","decode norm1: RMSNorm x column=449"
455,456,"VXM.ALU0","decode norm1: square column=447"
455,456,"VXM.ALU1","decode norm1: sum(x^2) column=446"
456,457,"MEM.E.Read","decode norm1: RMSNorm x column=450"
456,457,"MEM.E.Read","decode norm1: RMSNorm x column=450"
456,457,"VXM.ALU0","decode norm1: square column=448"
456,457,"VXM.ALU1","decode norm1: sum(x^2) column=447"
457,458,"MEM.E.Read","decode norm1: RMSNorm x column=451"
457,458,"MEM.E.Read","decode norm1: RMSNorm x column=451"
457,458,"VXM.ALU0","decode norm1: square column=449"
457,458,"VXM.ALU1","decode norm1: sum(x^2) column=448"
458,459,"MEM.E.Read","decode norm1: RMSNorm x column=452"
458,459,"MEM.E.Read","decode norm1: RMSNorm x column=452"
458,459,"VXM.ALU0","decode norm1: square column=450"
458,459,"VXM.ALU1","decode norm1: sum(x^2) column=449"
459,460,"MEM.E.Read","decode norm1: RMSNorm x column=453"
459,460,"MEM.E.Read","decode norm1: RMSNorm x column=453"
459,460,"VXM.ALU0","decode norm1: square column=451"
459,460,"VXM.ALU1","decode norm1: sum(x^2) column=450"
460,461,"MEM.E.Read","decode norm1: RMSNorm x column=454"
460,461,"MEM.E.Read","decode norm1: RMSNorm x column=454"
460,461,"VXM.ALU0","decode norm1: square column=452"
460,461,"VXM.ALU1","decode norm1: sum(x^2) column=451"
461,462,"MEM.E.Read","decode norm1: RMSNorm x column=455"
461,462,"MEM.E.Read","decode norm1: RMSNorm x column=455"
461,462,"VXM.ALU0","decode norm1: square column=453"
461,462,"VXM.ALU1","decode norm1: sum(x^2) column=452"
462,463,"MEM.E.Read","decode norm1: RMSNorm x column=456"
462,463,"MEM.E.Read","decode norm1: RMSNorm x column=456"
462,463,"VXM.ALU0","decode norm1: square column=454"
462,463,"VXM.ALU1","decode norm1: sum(x^2) column=453"
463,464,"MEM.E.Read","decode norm1: RMSNorm x column=457"
463,464,"MEM.E.Read","decode norm1: RMSNorm x column=457"
463,464,"VXM.ALU0","decode norm1: square column=455"
463,464,"VXM.ALU1","decode norm1: sum(x^2) column=454"
464,465,"MEM.E.Read","decode norm1: RMSNorm x column=458"
464,465,"MEM.E.Read","decode norm1: RMSNorm x column=458"
464,465,"VXM.ALU0","decode norm1: square column=456"
464,465,"VXM.ALU1","decode norm1: sum(x^2) column=455"
465,466,"MEM.E.Read","decode norm1: RMSNorm x column=459"
465,466,"MEM.E.Read","decode norm1: RMSNorm x column=459"
465,466,"VXM.ALU0","decode norm1: square column=457"
465,466,"VXM.ALU1","decode norm1: sum(x^2) column=456"
466,467,"MEM.E.Read","decode norm1: RMSNorm x column=460"
466,467,"MEM.E.Read","decode norm1: RMSNorm x column=460"
466,467,"VXM.ALU0","decode norm1: square column=458"
466,467,"VXM.ALU1","decode norm1: sum(x^2) column=457"
467,468,"MEM.E.Read","decode norm1: RMSNorm x column=461"
467,468,"MEM.E.Read","decode norm1: RMSNorm x column=461"
467,468,"VXM.ALU0","decode norm1: square column=459"
467,468,"VXM.ALU1","decode norm1: sum(x^2) column=458"
468,469,"MEM.E.Read","decode norm1: RMSNorm x column=462"
468,469,"MEM.E.Read","decode norm1: RMSNorm x column=462"
468,469,"VXM.ALU0","decode norm1: square column=460"
468,469,"VXM.ALU1","decode norm1: sum(x^2) column=459"
469,470,"MEM.E.Read","decode norm1: RMSNorm x column=463"
469,470,"MEM.E.Read","decode norm1: RMSNorm x column=463"
469,470,"VXM.ALU0","decode norm1: square column=461"
469,470,"VXM.ALU1","decode norm1: sum(x^2) column=460"
470,471,"MEM.E.Read","decode norm1: RMSNorm x column=464"
470,471,"MEM.E.Read","decode norm1: RMSNorm x column=464"
470,471,"VXM.ALU0","decode norm1: square column=462"
470,471,"VXM.ALU1","decode norm1: sum(x^2) column=461"
471,472,"MEM.E.Read","decode norm1: RMSNorm x column=465"
471,472,"MEM.E.Read","decode norm1: RMSNorm x column=465"
471,472,"VXM.ALU0","decode norm1: square column=463"
471,472,"VXM.ALU1","decode norm1: sum(x^2) column=462"
472,473,"MEM.E.Read","decode norm1: RMSNorm x column=466"
472,473,"MEM.E.Read","decode norm1: RMSNorm x column=466"
472,473,"VXM.ALU0","decode norm1: square column=464"
472,473,"VXM.ALU1","decode norm1: sum(x^2) column=463"
473,474,"MEM.E.Read","decode norm1: RMSNorm x column=467"
473,474,"MEM.E.Read","decode norm1: RMSNorm x column=467"
473,474,"VXM.ALU0","decode norm1: square column=465"
473,474,"VXM.ALU1","decode norm1: sum(x^2) column=464"
474,475,"MEM.E.Read","decode norm1: RMSNorm x column=468"
474,475,"MEM.E.Read","decode norm1: RMSNorm x column=468"
474,475,"VXM.ALU0","decode norm1: square column=466"
474,475,"VXM.ALU1","decode norm1: sum(x^2) column=465"
475,476,"MEM.E.Read","decode norm1: RMSNorm x column=469"
475,476,"MEM.E.Read","decode norm1: RMSNorm x column=469"
475,476,"VXM.ALU0","decode norm1: square column=467"
475,476,"VXM.ALU1","decode norm1: sum(x^2) column=466"
476,477,"MEM.E.Read","decode norm1: RMSNorm x column=470"
476,477,"MEM.E.Read","decode norm1: RMSNorm x column=470"
476,477,"VXM.ALU0","decode norm1: square column=468"
476,477,"VXM.ALU1","decode norm1: sum(x^2) column=467"
477,478,"MEM.E.Read","decode norm1: RMSNorm x column=471"
477,478,"MEM.E.Read","decode norm1: RMSNorm x column=471"
477,478,"VXM.ALU0","decode norm1: square column=469"
477,478,"VXM.ALU1","decode norm1: sum(x^2) column=468"
478,479,"MEM.E.Read","decode norm1: RMSNorm x column=472"
478,479,"MEM.E.Read","decode norm1: RMSNorm x column=472"
478,479,"VXM.ALU0","decode norm1: square column=470"
478,479,"VXM.ALU1","decode norm1: sum(x^2) column=469"
479,480,"MEM.E.Read","decode norm1: RMSNorm x column=473"
479,480,"MEM.E.Read","decode norm1: RMSNorm x column=473"
479,480,"VXM.ALU0","decode norm1: square column=471"
479,480,"VXM.ALU1","decode norm1: sum(x^2) column=470"
480,481,"MEM.E.Read","decode norm1: RMSNorm x column=474"
480,481,"MEM.E.Read","decode norm1: RMSNorm x column=474"
480,481,"VXM.ALU0","decode norm1: square column=472"
480,481,"VXM.ALU1","decode norm1: sum(x^2) column=471"
481,482,"MEM.E.Read","decode norm1: RMSNorm x column=475"
481,482,"MEM.E.Read","decode norm1: RMSNorm x column=475"
481,482,"VXM.ALU0","decode norm1: square column=473"
481,482,"VXM.ALU1","decode norm1: sum(x^2) column=472"
482,483,"MEM.E.Read","decode norm1: RMSNorm x column=476"
482,483,"MEM.E.Read","decode norm1: RMSNorm x column=476"
482,483,"VXM.ALU0","decode norm1: square column=474"
482,483,"VXM.ALU1","decode norm1: sum(x^2) column=473"
483,484,"MEM.E.Read","decode norm1: RMSNorm x column=477"
483,484,"MEM.E.Read","decode norm1: RMSNorm x column=477"
483,484,"VXM.ALU0","decode norm1: square column=475"
483,484,"VXM.ALU1","decode norm1: sum(x^2) column=474"
484,485,"MEM.E.Read","decode norm1: RMSNorm x column=478"
484,485,"MEM.E.Read","decode norm1: RMSNorm x column=478"
484,485,"VXM.ALU0","decode norm1: square column=476"
484,485,"VXM.ALU1","decode norm1: sum(x^2) column=475"
485,486,"MEM.E.Read","decode norm1: RMSNorm x column=479"
485,486,"MEM.E.Read","decode norm1: RMSNorm x column=479"
485,486,"VXM.ALU0","decode norm1: square column=477"
485,486,"VXM.ALU1","decode norm1: sum(x^2) column=476"
486,487,"MEM.E.Read","decode norm1: RMSNorm x column=480"
486,487,"MEM.E.Read","decode norm1: RMSNorm x column=480"
486,487,"VXM.ALU0","decode norm1: square column=478"
486,487,"VXM.ALU1","decode norm1: sum(x^2) column=477"
487,488,"MEM.E.Read","decode norm1: RMSNorm x column=481"
487,488,"MEM.E.Read","decode norm1: RMSNorm x column=481"
487,488,"VXM.ALU0","decode norm1: square column=479"
487,488,"VXM.ALU1","decode norm1: sum(x^2) column=478"
488,489,"MEM.E.Read","decode norm1: RMSNorm x column=482"
488,489,"MEM.E.Read","decode norm1: RMSNorm x column=482"
488,489,"VXM.ALU0","decode norm1: square column=480"
488,489,"VXM.ALU1","decode norm1: sum(x^2) column=479"
489,490,"MEM.E.Read","decode norm1: RMSNorm x column=483"
489,490,"MEM.E.Read","decode norm1: RMSNorm x column=483"
489,490,"VXM.ALU0","decode norm1: square column=481"
489,490,"VXM.ALU1","decode norm1: sum(x^2) column=480"
490,491,"MEM.E.Read","decode norm1: RMSNorm x column=484"
490,491,"MEM.E.Read","decode norm1: RMSNorm x column=484"
490,491,"VXM.ALU0","decode norm1: square column=482"
490,491,"VXM.ALU1","decode norm1: sum(x^2) column=481"
491,492,"MEM.E.Read","decode norm1: RMSNorm x column=485"
491,492,"MEM.E.Read","decode norm1: RMSNorm x column=485"
491,492,"VXM.ALU0","decode norm1: square column=483"
491,492,"VXM.ALU1","decode norm1: sum(x^2) column=482"
492,493,"MEM.E.Read","decode norm1: RMSNorm x column=486"
492,493,"MEM.E.Read","decode norm1: RMSNorm x column=486"
492,493,"VXM.ALU0","decode norm1: square column=484"
492,493,"VXM.ALU1","decode norm1: sum(x^2) column=483"
493,494,"MEM.E.Read","decode norm1: RMSNorm x column=487"
493,494,"MEM.E.Read","decode norm1: RMSNorm x column=487"
493,494,"VXM.ALU0","decode norm1: square column=485"
493,494,"VXM.ALU1","decode norm1: sum(x^2) column=484"
494,495,"MEM.E.Read","decode norm1: RMSNorm x column=488"
494,495,"MEM.E.Read","decode norm1: RMSNorm x column=488"
494,495,"VXM.ALU0","decode norm1: square column=486"
494,495,"VXM.ALU1","decode norm1: sum(x^2) column=485"
495,496,"MEM.E.Read","decode norm1: RMSNorm x column=489"
495,496,"MEM.E.Read","decode norm1: RMSNorm x column=489"
495,496,"VXM.ALU0","decode norm1: square column=487"
495,496,"VXM.ALU1","decode norm1: sum(x^2) column=486"
496,497,"MEM.E.Read","decode norm1: RMSNorm x column=490"
496,497,"MEM.E.Read","decode norm1: RMSNorm x column=490"
496,497,"VXM.ALU0","decode norm1: square column=488"
496,497,"VXM.ALU1","decode norm1: sum(x^2) column=487"
497,498,"MEM.E.Read","decode norm1: RMSNorm x column=491"
497,498,"MEM.E.Read","decode norm1: RMSNorm x column=491"
497,498,"VXM.ALU0","decode norm1: square column=489"
497,498,"VXM.ALU1","decode norm1: sum(x^2) column=488"
498,499,"MEM.E.Read","decode norm1: RMSNorm x column=492"
498,499,"MEM.E.Read","decode norm1: RMSNorm x column=492"
498,499,"VXM.ALU0","decode norm1: square column=490"
498,499,"VXM.ALU1","decode norm1: sum(x^2) column=489"
499,500,"MEM.E.Read","decode norm1: RMSNorm x column=493"
499,500,"MEM.E.Read","decode norm1: RMSNorm x column=493"
499,500,"VXM.ALU0","decode norm1: square column=491"
499,500,"VXM.ALU1","decode norm1: sum(x^2) column=490"
500,501,"MEM.E.Read","decode norm1: RMSNorm x column=494"
500,501,"MEM.E.Read","decode norm1: RMSNorm x column=494"
500,501,"VXM.ALU0","decode norm1: square column=492"
500,501,"VXM.ALU1","decode norm1: sum(x^2) column=491"
501,502,"MEM.E.Read","decode norm1: RMSNorm x column=495"
501,502,"MEM.E.Read","decode norm1: RMSNorm x column=495"
501,502,"VXM.ALU0","decode norm1: square column=493"
501,502,"VXM.ALU1","decode norm1: sum(x^2) column=492"
502,503,"MEM.E.Read","decode norm1: RMSNorm x column=496"
502,503,"MEM.E.Read","decode norm1: RMSNorm x column=496"
502,503,"VXM.ALU0","decode norm1: square column=494"
502,503,"VXM.ALU1","decode norm1: sum(x^2) column=493"
503,504,"MEM.E.Read","decode norm1: RMSNorm x column=497"
503,504,"MEM.E.Read","decode norm1: RMSNorm x column=497"
503,504,"VXM.ALU0","decode norm1: square column=495"
503,504,"VXM.ALU1","decode norm1: sum(x^2) column=494"
504,505,"MEM.E.Read","decode norm1: RMSNorm x column=498"
504,505,"MEM.E.Read","decode norm1: RMSNorm x column=498"
504,505,"VXM.ALU0","decode norm1: square column=496"
504,505,"VXM.ALU1","decode norm1: sum(x^2) column=495"
505,506,"MEM.E.Read","decode norm1: RMSNorm x column=499"
505,506,"MEM.E.Read","decode norm1: RMSNorm x column=499"
505,506,"VXM.ALU0","decode norm1: square column=497"
505,506,"VXM.ALU1","decode norm1: sum(x^2) column=496"
506,507,"MEM.E.Read","decode norm1: RMSNorm x column=500"
506,507,"MEM.E.Read","decode norm1: RMSNorm x column=500"
506,507,"VXM.ALU0","decode norm1: square column=498"
506,507,"VXM.ALU1","decode norm1: sum(x^2) column=497"
507,508,"MEM.E.Read","decode norm1: RMSNorm x column=501"
507,508,"MEM.E.Read","decode norm1: RMSNorm x column=501"
507,508,"VXM.ALU0","decode norm1: square column=499"
507,508,"VXM.ALU1","decode norm1: sum(x^2) column=498"
508,509,"MEM.E.Read","decode norm1: RMSNorm x column=502"
508,509,"MEM.E.Read","decode norm1: RMSNorm x column=502"
508,509,"VXM.ALU0","decode norm1: square column=500"
508,509,"VXM.ALU1","decode norm1: sum(x^2) column=499"
509,510,"MEM.E.Read","decode norm1: RMSNorm x column=503"
509,510,"MEM.E.Read","decode norm1: RMSNorm x column=503"
509,510,"VXM.ALU0","decode norm1: square column=501"
509,510,"VXM.ALU1","decode norm1: sum(x^2) column=500"
510,511,"MEM.E.Read","decode norm1: RMSNorm x column=504"
510,511,"MEM.E.Read","decode norm1: RMSNorm x column=504"
510,511,"VXM.ALU0","decode norm1: square column=502"
510,511,"VXM.ALU1","decode norm1: sum(x^2) column=501"
511,512,"MEM.E.Read","decode norm1: RMSNorm x column=505"
511,512,"MEM.E.Read","decode norm1: RMSNorm x column=505"
511,512,"VXM.ALU0","decode norm1: square column=503"
511,512,"VXM.ALU1","decode norm1: sum(x^2) column=502"
512,513,"MEM.E.Read","decode norm1: RMSNorm x column=506"
512,513,"MEM.E.Read","decode norm1: RMSNorm x column=506"
512,513,"VXM.ALU0","decode norm1: square column=504"
512,513,"VXM.ALU1","decode norm1: sum(x^2) column=503"
513,514,"MEM.E.Read","decode norm1: RMSNorm x column=507"
513,514,"MEM.E.Read","decode norm1: RMSNorm x column=507"
513,514,"VXM.ALU0","decode norm1: square column=505"
513,514,"VXM.ALU1","decode norm1: sum(x^2) column=504"
514,515,"MEM.E.Read","decode norm1: RMSNorm x column=508"
514,515,"MEM.E.Read","decode norm1: RMSNorm x column=508"
514,515,"VXM.ALU0","decode norm1: square column=506"
514,515,"VXM.ALU1","decode norm1: sum(x^2) column=505"
515,516,"MEM.E.Read","decode norm1: RMSNorm x column=509"
515,516,"MEM.E.Read","decode norm1: RMSNorm x column=509"
515,516,"VXM.ALU0","decode norm1: square column=507"
515,516,"VXM.ALU1","decode norm1: sum(x^2) column=506"
516,517,"MEM.E.Read","decode norm1: RMSNorm x column=510"
516,517,"MEM.E.Read","decode norm1: RMSNorm x column=510"
516,517,"VXM.ALU0","decode norm1: square column=508"
516,517,"VXM.ALU1","decode norm1: sum(x^2) column=507"
517,518,"MEM.E.Read","decode norm1: RMSNorm x column=511"
517,518,"MEM.E.Read","decode norm1: RMSNorm x column=511"
517,518,"VXM.ALU0","decode norm1: square column=509"
517,518,"VXM.ALU1","decode norm1: sum(x^2) column=508"
518,519,"MEM.E.Read","decode norm1: RMSNorm x column=512"
518,519,"MEM.E.Read","decode norm1: RMSNorm x column=512"
518,519,"VXM.ALU0","decode norm1: square column=510"
518,519,"VXM.ALU1","decode norm1: sum(x^2) column=509"
519,520,"MEM.E.Read","decode norm1: RMSNorm x column=513"
519,520,"MEM.E.Read","decode norm1: RMSNorm x column=513"
519,520,"VXM.ALU0","decode norm1: square column=511"
519,520,"VXM.ALU1","decode norm1: sum(x^2) column=510"
520,521,"MEM.E.Read","decode norm1: RMSNorm x column=514"
520,521,"MEM.E.Read","decode norm1: RMSNorm x column=514"
520,521,"VXM.ALU0","decode norm1: square column=512"
520,521,"VXM.ALU1","decode norm1: sum(x^2) column=511"
521,522,"MEM.E.Read","decode norm1: RMSNorm x column=515"
521,522,"MEM.E.Read","decode norm1: RMSNorm x column=515"
521,522,"VXM.ALU0","decode norm1: square column=513"
521,522,"VXM.ALU1","decode norm1: sum(x^2) column=512"
522,523,"MEM.E.Read","decode norm1: RMSNorm x column=516"
522,523,"MEM.E.Read","decode norm1: RMSNorm x column=516"
522,523,"VXM.ALU0","decode norm1: square column=514"
522,523,"VXM.ALU1","decode norm1: sum(x^2) column=513"
523,524,"MEM.E.Read","decode norm1: RMSNorm x column=517"
523,524,"MEM.E.Read","decode norm1: RMSNorm x column=517"
523,524,"VXM.ALU0","decode norm1: square column=515"
523,524,"VXM.ALU1","decode norm1: sum(x^2) column=514"
524,525,"MEM.E.Read","decode norm1: RMSNorm x column=518"
524,525,"MEM.E.Read","decode norm1: RMSNorm x column=518"
524,525,"VXM.ALU0","decode norm1: square column=516"
524,525,"VXM.ALU1","decode norm1: sum(x^2) column=515"
525,526,"MEM.E.Read","decode norm1: RMSNorm x column=519"
525,526,"MEM.E.Read","decode norm1: RMSNorm x column=519"
525,526,"VXM.ALU0","decode norm1: square column=517"
525,526,"VXM.ALU1","decode norm1: sum(x^2) column=516"
526,527,"MEM.E.Read","decode norm1: RMSNorm x column=520"
526,527,"MEM.E.Read","decode norm1: RMSNorm x column=520"
526,527,"VXM.ALU0","decode norm1: square column=518"
526,527,"VXM.ALU1","decode norm1: sum(x^2) column=517"
527,528,"MEM.E.Read","decode norm1: RMSNorm x column=521"
527,528,"MEM.E.Read","decode norm1: RMSNorm x column=521"
527,528,"VXM.ALU0","decode norm1: square column=519"
527,528,"VXM.ALU1","decode norm1: sum(x^2) column=518"
528,529,"MEM.E.Read","decode norm1: RMSNorm x column=522"
528,529,"MEM.E.Read","decode norm1: RMSNorm x column=522"
528,529,"VXM.ALU0","decode norm1: square column=520"
528,529,"VXM.ALU1","decode norm1: sum(x^2) column=519"
529,530,"MEM.E.Read","decode norm1: RMSNorm x column=523"
529,530,"MEM.E.Read","decode norm1: RMSNorm x column=523"
529,530,"VXM.ALU0","decode norm1: square column=521"
529,530,"VXM.ALU1","decode norm1: sum(x^2) column=520"
530,531,"MEM.E.Read","decode norm1: RMSNorm x column=524"
530,531,"MEM.E.Read","decode norm1: RMSNorm x column=524"
530,531,"VXM.ALU0","decode norm1: square column=522"
530,531,"VXM.ALU1","decode norm1: sum(x^2) column=521"
531,532,"MEM.E.Read","decode norm1: RMSNorm x column=525"
531,532,"MEM.E.Read","decode norm1: RMSNorm x column=525"
531,532,"VXM.ALU0","decode norm1: square column=523"
531,532,"VXM.ALU1","decode norm1: sum(x^2) column=522"
532,533,"MEM.E.Read","decode norm1: RMSNorm x column=526"
532,533,"MEM.E.Read","decode norm1: RMSNorm x column=526"
532,533,"VXM.ALU0","decode norm1: square column=524"
532,533,"VXM.ALU1","decode norm1: sum(x^2) column=523"
533,534,"MEM.E.Read","decode norm1: RMSNorm x column=527"
533,534,"MEM.E.Read","decode norm1: RMSNorm x column=527"
533,534,"VXM.ALU0","decode norm1: square column=525"
533,534,"VXM.ALU1","decode norm1: sum(x^2) column=524"
534,535,"MEM.E.Read","decode norm1: RMSNorm x column=528"
534,535,"MEM.E.Read","decode norm1: RMSNorm x column=528"
534,535,"VXM.ALU0","decode norm1: square column=526"
534,535,"VXM.ALU1","decode norm1: sum(x^2) column=525"
535,536,"MEM.E.Read","decode norm1: RMSNorm x column=529"
535,536,"MEM.E.Read","decode norm1: RMSNorm x column=529"
535,536,"VXM.ALU0","decode norm1: square column=527"
535,536,"VXM.ALU1","decode norm1: sum(x^2) column=526"
536,537,"MEM.E.Read","decode norm1: RMSNorm x column=530"
536,537,"MEM.E.Read","decode norm1: RMSNorm x column=530"
536,537,"VXM.ALU0","decode norm1: square column=528"
536,537,"VXM.ALU1","decode norm1: sum(x^2) column=527"
537,538,"MEM.E.Read","decode norm1: RMSNorm x column=531"
537,538,"MEM.E.Read","decode norm1: RMSNorm x column=531"
537,538,"VXM.ALU0","decode norm1: square column=529"
537,538,"VXM.ALU1","decode norm1: sum(x^2) column=528"
538,539,"MEM.E.Read","decode norm1: RMSNorm x column=532"
538,539,"MEM.E.Read","decode norm1: RMSNorm x column=532"
538,539,"VXM.ALU0","decode norm1: square column=530"
538,539,"VXM.ALU1","decode norm1: sum(x^2) column=529"
539,540,"MEM.E.Read","decode norm1: RMSNorm x column=533"
539,540,"MEM.E.Read","decode norm1: RMSNorm x column=533"
539,540,"VXM.ALU0","decode norm1: square column=531"
539,540,"VXM.ALU1","decode norm1: sum(x^2) column=530"
540,541,"MEM.E.Read","decode norm1: RMSNorm x column=534"
540,541,"MEM.E.Read","decode norm1: RMSNorm x column=534"
540,541,"VXM.ALU0","decode norm1: square column=532"
540,541,"VXM.ALU1","decode norm1: sum(x^2) column=531"
541,542,"MEM.E.Read","decode norm1: RMSNorm x column=535"
541,542,"MEM.E.Read","decode norm1: RMSNorm x column=535"
541,542,"VXM.ALU0","decode norm1: square column=533"
541,542,"VXM.ALU1","decode norm1: sum(x^2) column=532"
542,543,"MEM.E.Read","decode norm1: RMSNorm x column=536"
542,543,"MEM.E.Read","decode norm1: RMSNorm x column=536"
542,543,"VXM.ALU0","decode norm1: square column=534"
542,543,"VXM.ALU1","decode norm1: sum(x^2) column=533"
543,544,"MEM.E.Read","decode norm1: RMSNorm x column=537"
543,544,"MEM.E.Read","decode norm1: RMSNorm x column=537"
543,544,"VXM.ALU0","decode norm1: square column=535"
543,544,"VXM.ALU1","decode norm1: sum(x^2) column=534"
544,545,"MEM.E.Read","decode norm1: RMSNorm x column=538"
544,545,"MEM.E.Read","decode norm1: RMSNorm x column=538"
544,545,"VXM.ALU0","decode norm1: square column=536"
544,545,"VXM.ALU1","decode norm1: sum(x^2) column=535"
545,546,"MEM.E.Read","decode norm1: RMSNorm x column=539"
545,546,"MEM.E.Read","decode norm1: RMSNorm x column=539"
545,546,"VXM.ALU0","decode norm1: square column=537"
545,546,"VXM.ALU1","decode norm1: sum(x^2) column=536"
546,547,"MEM.E.Read","decode norm1: RMSNorm x column=540"
546,547,"MEM.E.Read","decode norm1: RMSNorm x column=540"
546,547,"VXM.ALU0","decode norm1: square column=538"
546,547,"VXM.ALU1","decode norm1: sum(x^2) column=537"
547,548,"MEM.E.Read","decode norm1: RMSNorm x column=541"
547,548,"MEM.E.Read","decode norm1: RMSNorm x column=541"
547,548,"VXM.ALU0","decode norm1: square column=539"
547,548,"VXM.ALU1","decode norm1: sum(x^2) column=538"
548,549,"MEM.E.Read","decode norm1: RMSNorm x column=542"
548,549,"MEM.E.Read","decode norm1: RMSNorm x column=542"
548,549,"VXM.ALU0","decode norm1: square column=540"
548,549,"VXM.ALU1","decode norm1: sum(x^2) column=539"
549,550,"MEM.E.Read","decode norm1: RMSNorm x column=543"
549,550,"MEM.E.Read","decode norm1: RMSNorm x column=543"
549,550,"VXM.ALU0","decode norm1: square column=541"
549,550,"VXM.ALU1","decode norm1: sum(x^2) column=540"
550,551,"MEM.E.Read","decode norm1: RMSNorm x column=544"
550,551,"MEM.E.Read","decode norm1: RMSNorm x column=544"
550,551,"VXM.ALU0","decode norm1: square column=542"
550,551,"VXM.ALU1","decode norm1: sum(x^2) column=541"
551,552,"MEM.E.Read","decode norm1: RMSNorm x column=545"
551,552,"MEM.E.Read","decode norm1: RMSNorm x column=545"
551,552,"VXM.ALU0","decode norm1: square column=543"
551,552,"VXM.ALU1","decode norm1: sum(x^2) column=542"
552,553,"MEM.E.Read","decode norm1: RMSNorm x column=546"
552,553,"MEM.E.Read","decode norm1: RMSNorm x column=546"
552,553,"VXM.ALU0","decode norm1: square column=544"
552,553,"VXM.ALU1","decode norm1: sum(x^2) column=543"
553,554,"MEM.E.Read","decode norm1: RMSNorm x column=547"
553,554,"MEM.E.Read","decode norm1: RMSNorm x column=547"
553,554,"VXM.ALU0","decode norm1: square column=545"
553,554,"VXM.ALU1","decode norm1: sum(x^2) column=544"
554,555,"MEM.E.Read","decode norm1: RMSNorm x column=548"
554,555,"MEM.E.Read","decode norm1: RMSNorm x column=548"
554,555,"VXM.ALU0","decode norm1: square column=546"
554,555,"VXM.ALU1","decode norm1: sum(x^2) column=545"
555,556,"MEM.E.Read","decode norm1: RMSNorm x column=549"
555,556,"MEM.E.Read","decode norm1: RMSNorm x column=549"
555,556,"VXM.ALU0","decode norm1: square column=547"
555,556,"VXM.ALU1","decode norm1: sum(x^2) column=546"
556,557,"MEM.E.Read","decode norm1: RMSNorm x column=550"
556,557,"MEM.E.Read","decode norm1: RMSNorm x column=550"
556,557,"VXM.ALU0","decode norm1: square column=548"
556,557,"VXM.ALU1","decode norm1: sum(x^2) column=547"
557,558,"MEM.E.Read","decode norm1: RMSNorm x column=551"
557,558,"MEM.E.Read","decode norm1: RMSNorm x column=551"
557,558,"VXM.ALU0","decode norm1: square column=549"
557,558,"VXM.ALU1","decode norm1: sum(x^2) column=548"
558,559,"MEM.E.Read","decode norm1: RMSNorm x column=552"
558,559,"MEM.E.Read","decode norm1: RMSNorm x column=552"
558,559,"VXM.ALU0","decode norm1: square column=550"
558,559,"VXM.ALU1","decode norm1: sum(x^2) column=549"
559,560,"MEM.E.Read","decode norm1: RMSNorm x column=553"
559,560,"MEM.E.Read","decode norm1: RMSNorm x column=553"
559,560,"VXM.ALU0","decode norm1: square column=551"
559,560,"VXM.ALU1","decode norm1: sum(x^2) column=550"
560,561,"MEM.E.Read","decode norm1: RMSNorm x column=554"
560,561,"MEM.E.Read","decode norm1: RMSNorm x column=554"
560,561,"VXM.ALU0","decode norm1: square column=552"
560,561,"VXM.ALU1","decode norm1: sum(x^2) column=551"
561,562,"MEM.E.Read","decode norm1: RMSNorm x column=555"
561,562,"MEM.E.Read","decode norm1: RMSNorm x column=555"
561,562,"VXM.ALU0","decode norm1: square column=553"
561,562,"VXM.ALU1","decode norm1: sum(x^2) column=552"
562,563,"MEM.E.Read","decode norm1: RMSNorm x column=556"
562,563,"MEM.E.Read","decode norm1: RMSNorm x column=556"
562,563,"VXM.ALU0","decode norm1: square column=554"
562,563,"VXM.ALU1","decode norm1: sum(x^2) column=553"
563,564,"MEM.E.Read","decode norm1: RMSNorm x column=557"
563,564,"MEM.E.Read","decode norm1: RMSNorm x column=557"
563,564,"VXM.ALU0","decode norm1: square column=555"
563,564,"VXM.ALU1","decode norm1: sum(x^2) column=554"
564,565,"MEM.E.Read","decode norm1: RMSNorm x column=558"
564,565,"MEM.E.Read","decode norm1: RMSNorm x column=558"
564,565,"VXM.ALU0","decode norm1: square column=556"
564,565,"VXM.ALU1","decode norm1: sum(x^2) column=555"
565,566,"MEM.E.Read","decode norm1: RMSNorm x column=559"
565,566,"MEM.E.Read","decode norm1: RMSNorm x column=559"
565,566,"VXM.ALU0","decode norm1: square column=557"
565,566,"VXM.ALU1","decode norm1: sum(x^2) column=556"
566,567,"MEM.E.Read","decode norm1: RMSNorm x column=560"
566,567,"MEM.E.Read","decode norm1: RMSNorm x column=560"
566,567,"VXM.ALU0","decode norm1: square column=558"
566,567,"VXM.ALU1","decode norm1: sum(x^2) column=557"
567,568,"MEM.E.Read","decode norm1: RMSNorm x column=561"
567,568,"MEM.E.Read","decode norm1: RMSNorm x column=561"
567,568,"VXM.ALU0","decode norm1: square column=559"
567,568,"VXM.ALU1","decode norm1: sum(x^2) column=558"
568,569,"MEM.E.Read","decode norm1: RMSNorm x column=562"
568,569,"MEM.E.Read","decode norm1: RMSNorm x column=562"
568,569,"VXM.ALU0","decode norm1: square column=560"
568,569,"VXM.ALU1","decode norm1: sum(x^2) column=559"
569,570,"MEM.E.Read","decode norm1: RMSNorm x column=563"
569,570,"MEM.E.Read","decode norm1: RMSNorm x column=563"
569,570,"VXM.ALU0","decode norm1: square column=561"
569,570,"VXM.ALU1","decode norm1: sum(x^2) column=560"
570,571,"MEM.E.Read","decode norm1: RMSNorm x column=564"
570,571,"MEM.E.Read","decode norm1: RMSNorm x column=564"
570,571,"VXM.ALU0","decode norm1: square column=562"
570,571,"VXM.ALU1","decode norm1: sum(x^2) column=561"
571,572,"MEM.E.Read","decode norm1: RMSNorm x column=565"
571,572,"MEM.E.Read","decode norm1: RMSNorm x column=565"
571,572,"VXM.ALU0","decode norm1: square column=563"
571,572,"VXM.ALU1","decode norm1: sum(x^2) column=562"
572,573,"MEM.E.Read","decode norm1: RMSNorm x column=566"
572,573,"MEM.E.Read","decode norm1: RMSNorm x column=566"
572,573,"VXM.ALU0","decode norm1: square column=564"
572,573,"VXM.ALU1","decode norm1: sum(x^2) column=563"
573,574,"MEM.E.Read","decode norm1: RMSNorm x column=567"
573,574,"MEM.E.Read","decode norm1: RMSNorm x column=567"
573,574,"VXM.ALU0","decode norm1: square column=565"
573,574,"VXM.ALU1","decode norm1: sum(x^2) column=564"
574,575,"MEM.E.Read","decode norm1: RMSNorm x column=568"
574,575,"MEM.E.Read","decode norm1: RMSNorm x column=568"
574,575,"VXM.ALU0","decode norm1: square column=566"
574,575,"VXM.ALU1","decode norm1: sum(x^2) column=565"
575,576,"MEM.E.Read","decode norm1: RMSNorm x column=569"
575,576,"MEM.E.Read","decode norm1: RMSNorm x column=569"
575,576,"VXM.ALU0","decode norm1: square column=567"
575,576,"VXM.ALU1","decode norm1: sum(x^2) column=566"
576,577,"MEM.E.Read","decode norm1: RMSNorm x column=570"
576,577,"MEM.E.Read","decode norm1: RMSNorm x column=570"
576,577,"VXM.ALU0","decode norm1: square column=568"
576,577,"VXM.ALU1","decode norm1: sum(x^2) column=567"
577,578,"MEM.E.Read","decode norm1: RMSNorm x column=571"
577,578,"MEM.E.Read","decode norm1: RMSNorm x column=571"
577,578,"VXM.ALU0","decode norm1: square column=569"
577,578,"VXM.ALU1","decode norm1: sum(x^2) column=568"
578,579,"MEM.E.Read","decode norm1: RMSNorm x column=572"
578,579,"MEM.E.Read","decode norm1: RMSNorm x column=572"
578,579,"VXM.ALU0","decode norm1: square column=570"
578,579,"VXM.ALU1","decode norm1: sum(x^2) column=569"
579,580,"MEM.E.Read","decode norm1: RMSNorm x column=573"
579,580,"MEM.E.Read","decode norm1: RMSNorm x column=573"
579,580,"VXM.ALU0","decode norm1: square column=571"
579,580,"VXM.ALU1","decode norm1: sum(x^2) column=570"
580,581,"MEM.E.Read","decode norm1: RMSNorm x column=574"
580,581,"MEM.E.Read","decode norm1: RMSNorm x column=574"
580,581,"VXM.ALU0","decode norm1: square column=572"
580,581,"VXM.ALU1","decode norm1: sum(x^2) column=571"
581,582,"MEM.E.Read","decode norm1: RMSNorm x column=575"
581,582,"MEM.E.Read","decode norm1: RMSNorm x column=575"
581,582,"VXM.ALU0","decode norm1: square column=573"
581,582,"VXM.ALU1","decode norm1: sum(x^2) column=572"
582,583,"VXM.ALU0","decode norm1: square column=574"
582,583,"VXM.ALU1","decode norm1: sum(x^2) column=573"
583,584,"VXM.ALU0","decode norm1: square column=575"
583,584,"VXM.ALU1","decode norm1: sum(x^2) column=574"
584,585,"VXM.ALU1","decode norm1: sum(x^2) column=575"
585,586,"VXM.ALU2","decode norm1: mean(x^2)"
586,587,"VXM.ALU3","decode norm1: mean(x^2)+epsilon"
587,588,"MEM.E.Read","decode norm1: RMSNorm x scale column=0"
587,588,"MEM.E.Read","decode norm1: RMSNorm gamma column=0"
587,588,"MEM.E.Read","decode norm1: RMSNorm x scale column=0"
587,588,"MEM.E.Read","decode norm1: RMSNorm gamma column=0"
587,588,"VXM.ALU4","decode norm1: sqrt"
588,589,"MEM.E.Read","decode norm1: RMSNorm x scale column=1"
588,589,"MEM.E.Read","decode norm1: RMSNorm gamma column=1"
588,589,"MEM.E.Read","decode norm1: RMSNorm x scale column=1"
588,589,"MEM.E.Read","decode norm1: RMSNorm gamma column=1"
588,589,"VXM.ALU5","decode norm1: inverse RMS"
589,590,"MEM.E.Read","decode norm1: RMSNorm x scale column=2"
589,590,"MEM.E.Read","decode norm1: RMSNorm gamma column=2"
589,590,"MEM.E.Read","decode norm1: RMSNorm x scale column=2"
589,590,"MEM.E.Read","decode norm1: RMSNorm gamma column=2"
589,590,"VXM.ALU6","decode norm1: x * inverse_rms column=0"
590,591,"MEM.E.Read","decode norm1: RMSNorm x scale column=3"
590,591,"MEM.E.Read","decode norm1: RMSNorm gamma column=3"
590,591,"MEM.E.Read","decode norm1: RMSNorm x scale column=3"
590,591,"MEM.E.Read","decode norm1: RMSNorm gamma column=3"
590,591,"VXM.ALU6","decode norm1: x * inverse_rms column=1"
590,591,"VXM.ALU7","decode norm1: RMSNorm BF16 output column=0"
591,592,"MEM.E.Read","decode norm1: RMSNorm x scale column=4"
591,592,"MEM.E.Read","decode norm1: RMSNorm gamma column=4"
591,592,"MEM.E.Read","decode norm1: RMSNorm x scale column=4"
591,592,"MEM.E.Read","decode norm1: RMSNorm gamma column=4"
591,592,"VXM.ALU6","decode norm1: x * inverse_rms column=2"
591,592,"VXM.ALU7","decode norm1: RMSNorm BF16 output column=1"
592,593,"MEM.E.Read","decode norm1: RMSNorm x scale column=5"
592,593,"MEM.E.Read","decode norm1: RMSNorm gamma column=5"
592,593,"MEM.E.Read","decode norm1: RMSNorm x scale column=5"
592,593,"MEM.E.Read","decode norm1: RMSNorm gamma column=5"
592,593,"VXM.ALU6","decode norm1: x * inverse_rms column=3"
592,593,"VXM.ALU7","decode norm1: RMSNorm BF16 output column=2"
593,594,"MEM.E.Read","decode norm1: RMSNorm x scale column=6"
593,594,"MEM.E.Read","decode norm1: RMSNorm gamma column=6"
593,594,"MEM.E.Read","decode norm1: RMSNorm x scale column=6"
593,594,"MEM.E.Read","decode norm1: RMSNorm gamma column=6"
593,594,"MEM.E.Write","decode norm1: RMSNorm write column=0"
593,594,"MEM.E.Write","decode norm1: RMSNorm write column=0"
593,594,"VXM.ALU6","decode norm1: x * inverse_rms column=4"
593,594,"VXM.ALU7","decode norm1: RMSNorm BF16 output column=3"
594,595,"MEM.E.Read","decode norm1: RMSNorm x scale column=7"
594,595,"MEM.E.Read","decode norm1: RMSNorm gamma column=7"
594,595,"MEM.E.Read","decode norm1: RMSNorm x scale column=7"
594,595,"MEM.E.Read","decode norm1: RMSNorm gamma column=7"
594,595,"MEM.E.Write","decode norm1: RMSNorm write column=1"
594,595,"MEM.E.Write","decode norm1: RMSNorm write column=1"
594,595,"VXM.ALU6","decode norm1: x * inverse_rms column=5"
594,595,"VXM.ALU7","decode norm1: RMSNorm BF16 output column=4"
595,596,"MEM.E.Read","decode norm1: RMSNorm x scale column=8"
595,596,"MEM.E.Read","decode norm1: RMSNorm gamma column=8"
595,596,"MEM.E.Read","decode norm1: RMSNorm x scale column=8"
595,596,"MEM.E.Read","decode norm1: RMSNorm gamma column=8"
595,596,"MEM.E.Write","decode norm1: RMSNorm write column=2"
595,596,"MEM.E.Write","decode norm1: RMSNorm write column=2"
595,596,"VXM.ALU6","decode norm1: x * inverse_rms column=6"
595,596,"VXM.ALU7","decode norm1: RMSNorm BF16 output column=5"
596,597,"MEM.E.Read","decode norm1: RMSNorm x scale column=9"
596,597,"MEM.E.Read","decode norm1: RMSNorm gamma column=9"
596,597,"MEM.E.Read","decode norm1: RMSNorm x scale column=9"
596,597,"MEM.E.Read","decode norm1: RMSNorm gamma column=9"
596,597,"MEM.E.Write","decode norm1: RMSNorm write column=3"
596,597,"MEM.E.Write","decode norm1: RMSNorm write column=3"
596,597,"VXM.ALU6","decode norm1: x * inverse_rms column=7"
596,597,"VXM.ALU7","decode norm1: RMSNorm BF16 output column=6"
597,598,"MEM.E.Read","decode norm1: RMSNorm x scale column=10"
597,598,"MEM.E.Read","decode norm1: RMSNorm gamma column=10"
597,598,"MEM.E.Read","decode norm1: RMSNorm x scale column=10"
597,598,"MEM.E.Read","decode norm1: RMSNorm gamma column=10"
597,598,"MEM.E.Write","decode norm1: RMSNorm write column=4"
597,598,"MEM.E.Write","decode norm1: RMSNorm write column=4"
597,598,"VXM.ALU6","decode norm1: x * inverse_rms column=8"
597,598,"VXM.ALU7","decode norm1: RMSNorm BF16 output column=7"
598,599,"MEM.E.Read","decode norm1: RMSNorm x scale column=11"
598,599,"MEM.E.Read","decode norm1: RMSNorm gamma column=11"
598,599,"MEM.E.Read","decode norm1: RMSNorm x scale column=11"
598,599,"MEM.E.Read","decode norm1: RMSNorm gamma column=11"
598,599,"MEM.E.Write","decode norm1: RMSNorm write column=5"
598,599,"MEM.E.Write","decode norm1: RMSNorm write column=5"
598,599,"VXM.ALU6","decode norm1: x * inverse_rms column=9"
598,599,"VXM.ALU7","decode norm1: RMSNorm BF16 output column=8"
599,600,"MEM.E.Read","decode norm1: RMSNorm x scale column=12"
599,600,"MEM.E.Read","decode norm1: RMSNorm gamma column=12"
599,600,"MEM.E.Read","decode norm1: RMSNorm x scale column=12"
599,600,"MEM.E.Read","decode norm1: RMSNorm gamma column=12"
599,600,"MEM.E.Write","decode norm1: RMSNorm write column=6"
599,600,"MEM.E.Write","decode norm1: RMSNorm write column=6"
599,600,"VXM.ALU6","decode norm1: x * inverse_rms column=10"
599,600,"VXM.ALU7","decode norm1: RMSNorm BF16 output column=9"
600,601,"MEM.E.Read","decode norm1: RMSNorm x scale column=13"
600,601,"MEM.E.Read","decode norm1: RMSNorm gamma column=13"
600,601,"MEM.E.Read","decode norm1: RMSNorm x scale column=13"
600,601,"MEM.E.Read","decode norm1: RMSNorm gamma column=13"
600,601,"MEM.E.Write","decode norm1: RMSNorm write column=7"
600,601,"MEM.E.Write","decode norm1: RMSNorm write column=7"
600,601,"VXM.ALU6","decode norm1: x * inverse_rms column=11"
600,601,"VXM.ALU7","decode norm1: RMSNorm BF16 output column=10"
601,602,"MEM.E.Read","decode norm1: RMSNorm x scale column=14"
601,602,"MEM.E.Read","decode norm1: RMSNorm gamma column=14"
601,602,"MEM.E.Read","decode norm1: RMSNorm x scale column=14"
601,602,"MEM.E.Read","decode norm1: RMSNorm gamma column=14"
601,602,"MEM.E.Write","decode norm1: RMSNorm write column=8"
601,602,"MEM.E.Write","decode norm1: RMSNorm write column=8"
601,602,"VXM.ALU6","decode norm1: x * inverse_rms column=12"
601,602,"VXM.ALU7","decode norm1: RMSNorm BF16 output column=11"
602,603,"MEM.E.Read","decode norm1: RMSNorm x scale column=15"
602,603,"MEM.E.Read","decode norm1: RMSNorm gamma column=15"
602,603,"MEM.E.Read","decode norm1: RMSNorm x scale column=15"
602,603,"MEM.E.Read","decode norm1: RMSNorm gamma column=15"
602,603,"MEM.E.Write","decode norm1: RMSNorm write column=9"
602,603,"MEM.E.Write","decode norm1: RMSNorm write column=9"
602,603,"VXM.ALU6","decode norm1: x * inverse_rms column=13"
602,603,"VXM.ALU7","decode norm1: RMSNorm BF16 output column=12"
603,604,"MEM.E.Read","decode norm1: RMSNorm x scale column=16"
603,604,"MEM.E.Read","decode norm1: RMSNorm gamma column=16"
603,604,"MEM.E.Read","decode norm1: RMSNorm x scale column=16"
603,604,"MEM.E.Read","decode norm1: RMSNorm gamma column=16"
603,604,"MEM.E.Write","decode norm1: RMSNorm write column=10"
603,604,"MEM.E.Write","decode norm1: RMSNorm write column=10"
603,604,"VXM.ALU6","decode norm1: x * inverse_rms column=14"
603,604,"VXM.ALU7","decode norm1: RMSNorm BF16 output column=13"
604,605,"MEM.E.Read","decode norm1: RMSNorm x scale column=17"
604,605,"MEM.E.Read","decode norm1: RMSNorm gamma column=17"
604,605,"MEM.E.Read","decode norm1: RMSNorm x scale column=17"
604,605,"MEM.E.Read","decode norm1: RMSNorm gamma column=17"
604,605,"MEM.E.Write","decode norm1: RMSNorm write column=11"
604,605,"MEM.E.Write","decode norm1: RMSNorm write column=11"
604,605,"VXM.ALU6","decode norm1: x * inverse_rms column=15"
604,605,"VXM.ALU7","decode norm1: RMSNorm BF16 output column=14"
605,606,"MEM.E.Read","decode norm1: RMSNorm x scale column=18"
605,606,"MEM.E.Read","decode norm1: RMSNorm gamma column=18"
605,606,"MEM.E.Read","decode norm1: RMSNorm x scale column=18"
605,606,"MEM.E.Read","decode norm1: RMSNorm gamma column=18"
605,606,"MEM.E.Write","decode norm1: RMSNorm write column=12"
605,606,"MEM.E.Write","decode norm1: RMSNorm write column=12"
605,606,"VXM.ALU6","decode norm1: x * inverse_rms column=16"
605,606,"VXM.ALU7","decode norm1: RMSNorm BF16 output column=15"
606,607,"MEM.E.Read","decode norm1: RMSNorm x scale column=19"
606,607,"MEM.E.Read","decode norm1: RMSNorm gamma column=19"
606,607,"MEM.E.Read","decode norm1: RMSNorm x scale column=19"
606,607,"MEM.E.Read","decode norm1: RMSNorm gamma column=19"
606,607,"MEM.E.Write","decode norm1: RMSNorm write column=13"
606,607,"MEM.E.Write","decode norm1: RMSNorm write column=13"
606,607,"VXM.ALU6","decode norm1: x * inverse_rms column=17"
606,607,"VXM.ALU7","decode norm1: RMSNorm BF16 output column=16"
607,608,"MEM.E.Read","decode norm1: RMSNorm x scale column=20"
607,608,"MEM.E.Read","decode norm1: RMSNorm gamma column=20"
607,608,"MEM.E.Read","decode norm1: RMSNorm x scale column=20"
607,608,"MEM.E.Read","decode norm1: RMSNorm gamma column=20"
607,608,"MEM.E.Write","decode norm1: RMSNorm write column=14"
607,608,"MEM.E.Write","decode norm1: RMSNorm write column=14"
607,608,"VXM.ALU6","decode norm1: x * inverse_rms column=18"
607,608,"VXM.ALU7","decode norm1: RMSNorm BF16 output column=17"
608,609,"MEM.E.Read","decode norm1: RMSNorm x scale column=21"
608,609,"MEM.E.Read","decode norm1: RMSNorm gamma column=21"
608,609,"MEM.E.Read","decode norm1: RMSNorm x scale column=21"
608,609,"MEM.E.Read","decode norm1: RMSNorm gamma column=21"
608,609,"MEM.E.Write","decode norm1: RMSNorm write column=15"
608,609,"MEM.E.Write","decode norm1: RMSNorm write column=15"
608,609,"VXM.ALU6","decode norm1: x * inverse_rms column=19"
608,609,"VXM.ALU7","decode norm1: RMSNorm BF16 output column=18"
609,610,"MEM.E.Read","decode norm1: RMSNorm x scale column=22"
609,610,"MEM.E.Read","decode norm1: RMSNorm gamma column=22"
609,610,"MEM.E.Read","decode norm1: RMSNorm x scale column=22"
609,610,"MEM.E.Read","decode norm1: RMSNorm gamma column=22"
609,610,"MEM.E.Write","decode norm1: RMSNorm write column=16"
609,610,"MEM.E.Write","decode norm1: RMSNorm write column=16"
609,610,"VXM.ALU6","decode norm1: x * inverse_rms column=20"
609,610,"VXM.ALU7","decode norm1: RMSNorm BF16 output column=19"
610,611,"MEM.E.Read","decode norm1: RMSNorm x scale column=23"
610,611,"MEM.E.Read","decode norm1: RMSNorm gamma column=23"
610,611,"MEM.E.Read","decode norm1: RMSNorm x scale column=23"
610,611,"MEM.E.Read","decode norm1: RMSNorm gamma column=23"
610,611,"MEM.E.Write","decode norm1: RMSNorm write column=17"
610,611,"MEM.E.Write","decode norm1: RMSNorm write column=17"
610,611,"VXM.ALU6","decode norm1: x * inverse_rms column=21"
610,611,"VXM.ALU7","decode norm1: RMSNorm BF16 output column=20"
611,612,"MEM.E.Read","decode norm1: RMSNorm x scale column=24"
611,612,"MEM.E.Read","decode norm1: RMSNorm gamma column=24"
611,612,"MEM.E.Read","decode norm1: RMSNorm x scale column=24"
611,612,"MEM.E.Read","decode norm1: RMSNorm gamma column=24"
611,612,"MEM.E.Write","decode norm1: RMSNorm write column=18"
611,612,"MEM.E.Write","decode norm1: RMSNorm write column=18"
611,612,"VXM.ALU6","decode norm1: x * inverse_rms column=22"
611,612,"VXM.ALU7","decode norm1: RMSNorm BF16 output column=21"
612,613,"MEM.E.Read","decode norm1: RMSNorm x scale column=25"
612,613,"MEM.E.Read","decode norm1: RMSNorm gamma column=25"
612,613,"MEM.E.Read","decode norm1: RMSNorm x scale column=25"
612,613,"MEM.E.Read","decode norm1: RMSNorm gamma column=25"
612,613,"MEM.E.Write","decode norm1: RMSNorm write column=19"
612,613,"MEM.E.Write","decode norm1: RMSNorm write column=19"
612,613,"VXM.ALU6","decode norm1: x * inverse_rms column=23"
612,613,"VXM.ALU7","decode norm1: RMSNorm BF16 output column=22"
613,614,"MEM.E.Read","decode norm1: RMSNorm x scale column=26"
613,614,"MEM.E.Read","decode norm1: RMSNorm gamma column=26"
613,614,"MEM.E.Read","decode norm1: RMSNorm x scale column=26"
613,614,"MEM.E.Read","decode norm1: RMSNorm gamma column=26"
613,614,"MEM.E.Write","decode norm1: RMSNorm write column=20"
613,614,"MEM.E.Write","decode norm1: RMSNorm write column=20"
613,614,"VXM.ALU6","decode norm1: x * inverse_rms column=24"
613,614,"VXM.ALU7","decode norm1: RMSNorm BF16 output column=23"
614,615,"MEM.E.Read","decode norm1: RMSNorm x scale column=27"
614,615,"MEM.E.Read","decode norm1: RMSNorm gamma column=27"
614,615,"MEM.E.Read","decode norm1: RMSNorm x scale column=27"
614,615,"MEM.E.Read","decode norm1: RMSNorm gamma column=27"
614,615,"MEM.E.Write","decode norm1: RMSNorm write column=21"
614,615,"MEM.E.Write","decode norm1: RMSNorm write column=21"
614,615,"VXM.ALU6","decode norm1: x * inverse_rms column=25"
614,615,"VXM.ALU7","decode norm1: RMSNorm BF16 output column=24"
615,616,"MEM.E.Read","decode norm1: RMSNorm x scale column=28"
615,616,"MEM.E.Read","decode norm1: RMSNorm gamma column=28"
615,616,"MEM.E.Read","decode norm1: RMSNorm x scale column=28"
615,616,"MEM.E.Read","decode norm1: RMSNorm gamma column=28"
615,616,"MEM.E.Write","decode norm1: RMSNorm write column=22"
615,616,"MEM.E.Write","decode norm1: RMSNorm write column=22"
615,616,"VXM.ALU6","decode norm1: x * inverse_rms column=26"
615,616,"VXM.ALU7","decode norm1: RMSNorm BF16 output column=25"
616,617,"MEM.E.Read","decode norm1: RMSNorm x scale column=29"
616,617,"MEM.E.Read","decode norm1: RMSNorm gamma column=29"
616,617,"MEM.E.Read","decode norm1: RMSNorm x scale column=29"
616,617,"MEM.E.Read","decode norm1: RMSNorm gamma column=29"
616,617,"MEM.E.Write","decode norm1: RMSNorm write column=23"
616,617,"MEM.E.Write","decode norm1: RMSNorm write column=23"
616,617,"VXM.ALU6","decode norm1: x * inverse_rms column=27"
616,617,"VXM.ALU7","decode norm1: RMSNorm BF16 output column=26"
617,618,"MEM.E.Read","decode norm1: RMSNorm x scale column=30"
617,618,"MEM.E.Read","decode norm1: RMSNorm gamma column=30"
617,618,"MEM.E.Read","decode norm1: RMSNorm x scale column=30"
617,618,"MEM.E.Read","decode norm1: RMSNorm gamma column=30"
617,618,"MEM.E.Write","decode norm1: RMSNorm write column=24"
617,618,"MEM.E.Write","decode norm1: RMSNorm write column=24"
617,618,"VXM.ALU6","decode norm1: x * inverse_rms column=28"
617,618,"VXM.ALU7","decode norm1: RMSNorm BF16 output column=27"
618,619,"MEM.E.Read","decode norm1: RMSNorm x scale column=31"
618,619,"MEM.E.Read","decode norm1: RMSNorm gamma column=31"
618,619,"MEM.E.Read","decode norm1: RMSNorm x scale column=31"
618,619,"MEM.E.Read","decode norm1: RMSNorm gamma column=31"
618,619,"MEM.E.Write","decode norm1: RMSNorm write column=25"
618,619,"MEM.E.Write","decode norm1: RMSNorm write column=25"
618,619,"VXM.ALU6","decode norm1: x * inverse_rms column=29"
618,619,"VXM.ALU7","decode norm1: RMSNorm BF16 output column=28"
619,620,"MEM.E.Read","decode norm1: RMSNorm x scale column=32"
619,620,"MEM.E.Read","decode norm1: RMSNorm gamma column=32"
619,620,"MEM.E.Read","decode norm1: RMSNorm x scale column=32"
619,620,"MEM.E.Read","decode norm1: RMSNorm gamma column=32"
619,620,"MEM.E.Write","decode norm1: RMSNorm write column=26"
619,620,"MEM.E.Write","decode norm1: RMSNorm write column=26"
619,620,"VXM.ALU6","decode norm1: x * inverse_rms column=30"
619,620,"VXM.ALU7","decode norm1: RMSNorm BF16 output column=29"
620,621,"MEM.E.Read","decode norm1: RMSNorm x scale column=33"
620,621,"MEM.E.Read","decode norm1: RMSNorm gamma column=33"
620,621,"MEM.E.Read","decode norm1: RMSNorm x scale column=33"
620,621,"MEM.E.Read","decode norm1: RMSNorm gamma column=33"
620,621,"MEM.E.Write","decode norm1: RMSNorm write column=27"
620,621,"MEM.E.Write","decode norm1: RMSNorm write column=27"
620,621,"VXM.ALU6","decode norm1: x * inverse_rms column=31"
620,621,"VXM.ALU7","decode norm1: RMSNorm BF16 output column=30"
621,622,"MEM.E.Read","decode norm1: RMSNorm x scale column=34"
621,622,"MEM.E.Read","decode norm1: RMSNorm gamma column=34"
621,622,"MEM.E.Read","decode norm1: RMSNorm x scale column=34"
621,622,"MEM.E.Read","decode norm1: RMSNorm gamma column=34"
621,622,"MEM.E.Write","decode norm1: RMSNorm write column=28"
621,622,"MEM.E.Write","decode norm1: RMSNorm write column=28"
621,622,"VXM.ALU6","decode norm1: x * inverse_rms column=32"
621,622,"VXM.ALU7","decode norm1: RMSNorm BF16 output column=31"
622,623,"MEM.E.Read","decode norm1: RMSNorm x scale column=35"
622,623,"MEM.E.Read","decode norm1: RMSNorm gamma column=35"
622,623,"MEM.E.Read","decode norm1: RMSNorm x scale column=35"
622,623,"MEM.E.Read","decode norm1: RMSNorm gamma column=35"
622,623,"MEM.E.Write","decode norm1: RMSNorm write column=29"
622,623,"MEM.E.Write","decode norm1: RMSNorm write column=29"
622,623,"VXM.ALU6","decode norm1: x * inverse_rms column=33"
622,623,"VXM.ALU7","decode norm1: RMSNorm BF16 output column=32"
623,624,"MEM.E.Read","decode norm1: RMSNorm x scale column=36"
623,624,"MEM.E.Read","decode norm1: RMSNorm gamma column=36"
623,624,"MEM.E.Read","decode norm1: RMSNorm x scale column=36"
623,624,"MEM.E.Read","decode norm1: RMSNorm gamma column=36"
623,624,"MEM.E.Write","decode norm1: RMSNorm write column=30"
623,624,"MEM.E.Write","decode norm1: RMSNorm write column=30"
623,624,"VXM.ALU6","decode norm1: x * inverse_rms column=34"
623,624,"VXM.ALU7","decode norm1: RMSNorm BF16 output column=33"
624,625,"MEM.E.Read","decode norm1: RMSNorm x scale column=37"
624,625,"MEM.E.Read","decode norm1: RMSNorm gamma column=37"
624,625,"MEM.E.Read","decode norm1: RMSNorm x scale column=37"
624,625,"MEM.E.Read","decode norm1: RMSNorm gamma column=37"
624,625,"MEM.E.Write","decode norm1: RMSNorm write column=31"
624,625,"MEM.E.Write","decode norm1: RMSNorm write column=31"
624,625,"VXM.ALU6","decode norm1: x * inverse_rms column=35"
624,625,"VXM.ALU7","decode norm1: RMSNorm BF16 output column=34"
625,626,"MEM.E.Read","decode norm1: RMSNorm x scale column=38"
625,626,"MEM.E.Read","decode norm1: RMSNorm gamma column=38"
625,626,"MEM.E.Read","decode norm1: RMSNorm x scale column=38"
625,626,"MEM.E.Read","decode norm1: RMSNorm gamma column=38"
625,626,"MEM.E.Write","decode norm1: RMSNorm write column=32"
625,626,"MEM.E.Write","decode norm1: RMSNorm write column=32"
625,626,"VXM.ALU6","decode norm1: x * inverse_rms column=36"
625,626,"VXM.ALU7","decode norm1: RMSNorm BF16 output column=35"
626,627,"MEM.E.Read","decode norm1: RMSNorm x scale column=39"
626,627,"MEM.E.Read","decode norm1: RMSNorm gamma column=39"
626,627,"MEM.E.Read","decode norm1: RMSNorm x scale column=39"
626,627,"MEM.E.Read","decode norm1: RMSNorm gamma column=39"
626,627,"MEM.E.Write","decode norm1: RMSNorm write column=33"
626,627,"MEM.E.Write","decode norm1: RMSNorm write column=33"
626,627,"VXM.ALU6","decode norm1: x * inverse_rms column=37"
626,627,"VXM.ALU7","decode norm1: RMSNorm BF16 output column=36"
627,628,"MEM.E.Read","decode norm1: RMSNorm x scale column=40"
627,628,"MEM.E.Read","decode norm1: RMSNorm gamma column=40"
627,628,"MEM.E.Read","decode norm1: RMSNorm x scale column=40"
627,628,"MEM.E.Read","decode norm1: RMSNorm gamma column=40"
627,628,"MEM.E.Write","decode norm1: RMSNorm write column=34"
627,628,"MEM.E.Write","decode norm1: RMSNorm write column=34"
627,628,"VXM.ALU6","decode norm1: x * inverse_rms column=38"
627,628,"VXM.ALU7","decode norm1: RMSNorm BF16 output column=37"
628,629,"MEM.E.Read","decode norm1: RMSNorm x scale column=41"
628,629,"MEM.E.Read","decode norm1: RMSNorm gamma column=41"
628,629,"MEM.E.Read","decode norm1: RMSNorm x scale column=41"
628,629,"MEM.E.Read","decode norm1: RMSNorm gamma column=41"
628,629,"MEM.E.Write","decode norm1: RMSNorm write column=35"
628,629,"MEM.E.Write","decode norm1: RMSNorm write column=35"
628,629,"VXM.ALU6","decode norm1: x * inverse_rms column=39"
628,629,"VXM.ALU7","decode norm1: RMSNorm BF16 output column=38"
629,630,"MEM.E.Read","decode norm1: RMSNorm x scale column=42"
629,630,"MEM.E.Read","decode norm1: RMSNorm gamma column=42"
629,630,"MEM.E.Read","decode norm1: RMSNorm x scale column=42"
629,630,"MEM.E.Read","decode norm1: RMSNorm gamma column=42"
629,630,"MEM.E.Write","decode norm1: RMSNorm write column=36"
629,630,"MEM.E.Write","decode norm1: RMSNorm write column=36"
629,630,"VXM.ALU6","decode norm1: x * inverse_rms column=40"
629,630,"VXM.ALU7","decode norm1: RMSNorm BF16 output column=39"
630,631,"MEM.E.Read","decode norm1: RMSNorm x scale column=43"
630,631,"MEM.E.Read","decode norm1: RMSNorm gamma column=43"
630,631,"MEM.E.Read","decode norm1: RMSNorm x scale column=43"
630,631,"MEM.E.Read","decode norm1: RMSNorm gamma column=43"
630,631,"MEM.E.Write","decode norm1: RMSNorm write column=37"
630,631,"MEM.E.Write","decode norm1: RMSNorm write column=37"
630,631,"VXM.ALU6","decode norm1: x * inverse_rms column=41"
630,631,"VXM.ALU7","decode norm1: RMSNorm BF16 output column=40"
631,632,"MEM.E.Read","decode norm1: RMSNorm x scale column=44"
631,632,"MEM.E.Read","decode norm1: RMSNorm gamma column=44"
631,632,"MEM.E.Read","decode norm1: RMSNorm x scale column=44"
631,632,"MEM.E.Read","decode norm1: RMSNorm gamma column=44"
631,632,"MEM.E.Write","decode norm1: RMSNorm write column=38"
631,632,"MEM.E.Write","decode norm1: RMSNorm write column=38"
631,632,"VXM.ALU6","decode norm1: x * inverse_rms column=42"
631,632,"VXM.ALU7","decode norm1: RMSNorm BF16 output column=41"
632,633,"MEM.E.Read","decode norm1: RMSNorm x scale column=45"
632,633,"MEM.E.Read","decode norm1: RMSNorm gamma column=45"
632,633,"MEM.E.Read","decode norm1: RMSNorm x scale column=45"
632,633,"MEM.E.Read","decode norm1: RMSNorm gamma column=45"
632,633,"MEM.E.Write","decode norm1: RMSNorm write column=39"
632,633,"MEM.E.Write","decode norm1: RMSNorm write column=39"
632,633,"VXM.ALU6","decode norm1: x * inverse_rms column=43"
632,633,"VXM.ALU7","decode norm1: RMSNorm BF16 output column=42"
633,634,"MEM.E.Read","decode norm1: RMSNorm x scale column=46"
633,634,"MEM.E.Read","decode norm1: RMSNorm gamma column=46"
633,634,"MEM.E.Read","decode norm1: RMSNorm x scale column=46"
633,634,"MEM.E.Read","decode norm1: RMSNorm gamma column=46"
633,634,"MEM.E.Write","decode norm1: RMSNorm write column=40"
633,634,"MEM.E.Write","decode norm1: RMSNorm write column=40"
633,634,"VXM.ALU6","decode norm1: x * inverse_rms column=44"
633,634,"VXM.ALU7","decode norm1: RMSNorm BF16 output column=43"
634,635,"MEM.E.Read","decode norm1: RMSNorm x scale column=47"
634,635,"MEM.E.Read","decode norm1: RMSNorm gamma column=47"
634,635,"MEM.E.Read","decode norm1: RMSNorm x scale column=47"
634,635,"MEM.E.Read","decode norm1: RMSNorm gamma column=47"
634,635,"MEM.E.Write","decode norm1: RMSNorm write column=41"
634,635,"MEM.E.Write","decode norm1: RMSNorm write column=41"
634,635,"VXM.ALU6","decode norm1: x * inverse_rms column=45"
634,635,"VXM.ALU7","decode norm1: RMSNorm BF16 output column=44"
635,636,"MEM.E.Read","decode norm1: RMSNorm x scale column=48"
635,636,"MEM.E.Read","decode norm1: RMSNorm gamma column=48"
635,636,"MEM.E.Read","decode norm1: RMSNorm x scale column=48"
635,636,"MEM.E.Read","decode norm1: RMSNorm gamma column=48"
635,636,"MEM.E.Write","decode norm1: RMSNorm write column=42"
635,636,"MEM.E.Write","decode norm1: RMSNorm write column=42"
635,636,"VXM.ALU6","decode norm1: x * inverse_rms column=46"
635,636,"VXM.ALU7","decode norm1: RMSNorm BF16 output column=45"
636,637,"MEM.E.Read","decode norm1: RMSNorm x scale column=49"
636,637,"MEM.E.Read","decode norm1: RMSNorm gamma column=49"
636,637,"MEM.E.Read","decode norm1: RMSNorm x scale column=49"
636,637,"MEM.E.Read","decode norm1: RMSNorm gamma column=49"
636,637,"MEM.E.Write","decode norm1: RMSNorm write column=43"
636,637,"MEM.E.Write","decode norm1: RMSNorm write column=43"
636,637,"VXM.ALU6","decode norm1: x * inverse_rms column=47"
636,637,"VXM.ALU7","decode norm1: RMSNorm BF16 output column=46"
637,638,"MEM.E.Read","decode norm1: RMSNorm x scale column=50"
637,638,"MEM.E.Read","decode norm1: RMSNorm gamma column=50"
637,638,"MEM.E.Read","decode norm1: RMSNorm x scale column=50"
637,638,"MEM.E.Read","decode norm1: RMSNorm gamma column=50"
637,638,"MEM.E.Write","decode norm1: RMSNorm write column=44"
637,638,"MEM.E.Write","decode norm1: RMSNorm write column=44"
637,638,"VXM.ALU6","decode norm1: x * inverse_rms column=48"
637,638,"VXM.ALU7","decode norm1: RMSNorm BF16 output column=47"
638,639,"MEM.E.Read","decode norm1: RMSNorm x scale column=51"
638,639,"MEM.E.Read","decode norm1: RMSNorm gamma column=51"
638,639,"MEM.E.Read","decode norm1: RMSNorm x scale column=51"
638,639,"MEM.E.Read","decode norm1: RMSNorm gamma column=51"
638,639,"MEM.E.Write","decode norm1: RMSNorm write column=45"
638,639,"MEM.E.Write","decode norm1: RMSNorm write column=45"
638,639,"VXM.ALU6","decode norm1: x * inverse_rms column=49"
638,639,"VXM.ALU7","decode norm1: RMSNorm BF16 output column=48"
639,640,"MEM.E.Read","decode norm1: RMSNorm x scale column=52"
639,640,"MEM.E.Read","decode norm1: RMSNorm gamma column=52"
639,640,"MEM.E.Read","decode norm1: RMSNorm x scale column=52"
639,640,"MEM.E.Read","decode norm1: RMSNorm gamma column=52"
639,640,"MEM.E.Write","decode norm1: RMSNorm write column=46"
639,640,"MEM.E.Write","decode norm1: RMSNorm write column=46"
639,640,"VXM.ALU6","decode norm1: x * inverse_rms column=50"
639,640,"VXM.ALU7","decode norm1: RMSNorm BF16 output column=49"
640,641,"MEM.E.Read","decode norm1: RMSNorm x scale column=53"
640,641,"MEM.E.Read","decode norm1: RMSNorm gamma column=53"
640,641,"MEM.E.Read","decode norm1: RMSNorm x scale column=53"
640,641,"MEM.E.Read","decode norm1: RMSNorm gamma column=53"
640,641,"MEM.E.Write","decode norm1: RMSNorm write column=47"
640,641,"MEM.E.Write","decode norm1: RMSNorm write column=47"
640,641,"VXM.ALU6","decode norm1: x * inverse_rms column=51"
640,641,"VXM.ALU7","decode norm1: RMSNorm BF16 output column=50"
641,642,"MEM.E.Read","decode norm1: RMSNorm x scale column=54"
641,642,"MEM.E.Read","decode norm1: RMSNorm gamma column=54"
641,642,"MEM.E.Read","decode norm1: RMSNorm x scale column=54"
641,642,"MEM.E.Read","decode norm1: RMSNorm gamma column=54"
641,642,"MEM.E.Write","decode norm1: RMSNorm write column=48"
641,642,"MEM.E.Write","decode norm1: RMSNorm write column=48"
641,642,"VXM.ALU6","decode norm1: x * inverse_rms column=52"
641,642,"VXM.ALU7","decode norm1: RMSNorm BF16 output column=51"
642,643,"MEM.E.Read","decode norm1: RMSNorm x scale column=55"
642,643,"MEM.E.Read","decode norm1: RMSNorm gamma column=55"
642,643,"MEM.E.Read","decode norm1: RMSNorm x scale column=55"
642,643,"MEM.E.Read","decode norm1: RMSNorm gamma column=55"
642,643,"MEM.E.Write","decode norm1: RMSNorm write column=49"
642,643,"MEM.E.Write","decode norm1: RMSNorm write column=49"
642,643,"VXM.ALU6","decode norm1: x * inverse_rms column=53"
642,643,"VXM.ALU7","decode norm1: RMSNorm BF16 output column=52"
643,644,"MEM.E.Read","decode norm1: RMSNorm x scale column=56"
643,644,"MEM.E.Read","decode norm1: RMSNorm gamma column=56"
643,644,"MEM.E.Read","decode norm1: RMSNorm x scale column=56"
643,644,"MEM.E.Read","decode norm1: RMSNorm gamma column=56"
643,644,"MEM.E.Write","decode norm1: RMSNorm write column=50"
643,644,"MEM.E.Write","decode norm1: RMSNorm write column=50"
643,644,"VXM.ALU6","decode norm1: x * inverse_rms column=54"
643,644,"VXM.ALU7","decode norm1: RMSNorm BF16 output column=53"
644,645,"MEM.E.Read","decode norm1: RMSNorm x scale column=57"
644,645,"MEM.E.Read","decode norm1: RMSNorm gamma column=57"
644,645,"MEM.E.Read","decode norm1: RMSNorm x scale column=57"
644,645,"MEM.E.Read","decode norm1: RMSNorm gamma column=57"
644,645,"MEM.E.Write","decode norm1: RMSNorm write column=51"
644,645,"MEM.E.Write","decode norm1: RMSNorm write column=51"
644,645,"VXM.ALU6","decode norm1: x * inverse_rms column=55"
644,645,"VXM.ALU7","decode norm1: RMSNorm BF16 output column=54"
645,646,"MEM.E.Read","decode norm1: RMSNorm x scale column=58"
645,646,"MEM.E.Read","decode norm1: RMSNorm gamma column=58"
645,646,"MEM.E.Read","decode norm1: RMSNorm x scale column=58"
645,646,"MEM.E.Read","decode norm1: RMSNorm gamma column=58"
645,646,"MEM.E.Write","decode norm1: RMSNorm write column=52"
645,646,"MEM.E.Write","decode norm1: RMSNorm write column=52"
645,646,"VXM.ALU6","decode norm1: x * inverse_rms column=56"
645,646,"VXM.ALU7","decode norm1: RMSNorm BF16 output column=55"
646,647,"MEM.E.Read","decode norm1: RMSNorm x scale column=59"
646,647,"MEM.E.Read","decode norm1: RMSNorm gamma column=59"
646,647,"MEM.E.Read","decode norm1: RMSNorm x scale column=59"
646,647,"MEM.E.Read","decode norm1: RMSNorm gamma column=59"
646,647,"MEM.E.Write","decode norm1: RMSNorm write column=53"
646,647,"MEM.E.Write","decode norm1: RMSNorm write column=53"
646,647,"VXM.ALU6","decode norm1: x * inverse_rms column=57"
646,647,"VXM.ALU7","decode norm1: RMSNorm BF16 output column=56"
647,648,"MEM.E.Read","decode norm1: RMSNorm x scale column=60"
647,648,"MEM.E.Read","decode norm1: RMSNorm gamma column=60"
647,648,"MEM.E.Read","decode norm1: RMSNorm x scale column=60"
647,648,"MEM.E.Read","decode norm1: RMSNorm gamma column=60"
647,648,"MEM.E.Write","decode norm1: RMSNorm write column=54"
647,648,"MEM.E.Write","decode norm1: RMSNorm write column=54"
647,648,"VXM.ALU6","decode norm1: x * inverse_rms column=58"
647,648,"VXM.ALU7","decode norm1: RMSNorm BF16 output column=57"
648,649,"MEM.E.Read","decode norm1: RMSNorm x scale column=61"
648,649,"MEM.E.Read","decode norm1: RMSNorm gamma column=61"
648,649,"MEM.E.Read","decode norm1: RMSNorm x scale column=61"
648,649,"MEM.E.Read","decode norm1: RMSNorm gamma column=61"
648,649,"MEM.E.Write","decode norm1: RMSNorm write column=55"
648,649,"MEM.E.Write","decode norm1: RMSNorm write column=55"
648,649,"VXM.ALU6","decode norm1: x * inverse_rms column=59"
648,649,"VXM.ALU7","decode norm1: RMSNorm BF16 output column=58"
649,650,"MEM.E.Read","decode norm1: RMSNorm x scale column=62"
649,650,"MEM.E.Read","decode norm1: RMSNorm gamma column=62"
649,650,"MEM.E.Read","decode norm1: RMSNorm x scale column=62"
649,650,"MEM.E.Read","decode norm1: RMSNorm gamma column=62"
649,650,"MEM.E.Write","decode norm1: RMSNorm write column=56"
649,650,"MEM.E.Write","decode norm1: RMSNorm write column=56"
649,650,"VXM.ALU6","decode norm1: x * inverse_rms column=60"
649,650,"VXM.ALU7","decode norm1: RMSNorm BF16 output column=59"
650,651,"MEM.E.Read","decode norm1: RMSNorm x scale column=63"
650,651,"MEM.E.Read","decode norm1: RMSNorm gamma column=63"
650,651,"MEM.E.Read","decode norm1: RMSNorm x scale column=63"
650,651,"MEM.E.Read","decode norm1: RMSNorm gamma column=63"
650,651,"MEM.E.Write","decode norm1: RMSNorm write column=57"
650,651,"MEM.E.Write","decode norm1: RMSNorm write column=57"
650,651,"VXM.ALU6","decode norm1: x * inverse_rms column=61"
650,651,"VXM.ALU7","decode norm1: RMSNorm BF16 output column=60"
651,652,"MEM.E.Read","decode norm1: RMSNorm x scale column=64"
651,652,"MEM.E.Read","decode norm1: RMSNorm gamma column=64"
651,652,"MEM.E.Read","decode norm1: RMSNorm x scale column=64"
651,652,"MEM.E.Read","decode norm1: RMSNorm gamma column=64"
651,652,"MEM.E.Write","decode norm1: RMSNorm write column=58"
651,652,"MEM.E.Write","decode norm1: RMSNorm write column=58"
651,652,"VXM.ALU6","decode norm1: x * inverse_rms column=62"
651,652,"VXM.ALU7","decode norm1: RMSNorm BF16 output column=61"
652,653,"MEM.E.Read","decode norm1: RMSNorm x scale column=65"
652,653,"MEM.E.Read","decode norm1: RMSNorm gamma column=65"
652,653,"MEM.E.Read","decode norm1: RMSNorm x scale column=65"
652,653,"MEM.E.Read","decode norm1: RMSNorm gamma column=65"
652,653,"MEM.E.Write","decode norm1: RMSNorm write column=59"
652,653,"MEM.E.Write","decode norm1: RMSNorm write column=59"
652,653,"VXM.ALU6","decode norm1: x * inverse_rms column=63"
652,653,"VXM.ALU7","decode norm1: RMSNorm BF16 output column=62"
653,654,"MEM.E.Read","decode norm1: RMSNorm x scale column=66"
653,654,"MEM.E.Read","decode norm1: RMSNorm gamma column=66"
653,654,"MEM.E.Read","decode norm1: RMSNorm x scale column=66"
653,654,"MEM.E.Read","decode norm1: RMSNorm gamma column=66"
653,654,"MEM.E.Write","decode norm1: RMSNorm write column=60"
653,654,"MEM.E.Write","decode norm1: RMSNorm write column=60"
653,654,"VXM.ALU6","decode norm1: x * inverse_rms column=64"
653,654,"VXM.ALU7","decode norm1: RMSNorm BF16 output column=63"
654,655,"MEM.E.Read","decode norm1: RMSNorm x scale column=67"
654,655,"MEM.E.Read","decode norm1: RMSNorm gamma column=67"
654,655,"MEM.E.Read","decode norm1: RMSNorm x scale column=67"
654,655,"MEM.E.Read","decode norm1: RMSNorm gamma column=67"
654,655,"MEM.E.Write","decode norm1: RMSNorm write column=61"
654,655,"MEM.E.Write","decode norm1: RMSNorm write column=61"
654,655,"VXM.ALU6","decode norm1: x * inverse_rms column=65"
654,655,"VXM.ALU7","decode norm1: RMSNorm BF16 output column=64"
655,656,"MEM.E.Read","decode norm1: RMSNorm x scale column=68"
655,656,"MEM.E.Read","decode norm1: RMSNorm gamma column=68"
655,656,"MEM.E.Read","decode norm1: RMSNorm x scale column=68"
655,656,"MEM.E.Read","decode norm1: RMSNorm gamma column=68"
655,656,"MEM.E.Write","decode norm1: RMSNorm write column=62"
655,656,"MEM.E.Write","decode norm1: RMSNorm write column=62"
655,656,"VXM.ALU6","decode norm1: x * inverse_rms column=66"
655,656,"VXM.ALU7","decode norm1: RMSNorm BF16 output column=65"
656,657,"MEM.E.Read","decode norm1: RMSNorm x scale column=69"
656,657,"MEM.E.Read","decode norm1: RMSNorm gamma column=69"
656,657,"MEM.E.Read","decode norm1: RMSNorm x scale column=69"
656,657,"MEM.E.Read","decode norm1: RMSNorm gamma column=69"
656,657,"MEM.E.Write","decode norm1: RMSNorm write column=63"
656,657,"MEM.E.Write","decode norm1: RMSNorm write column=63"
656,657,"VXM.ALU6","decode norm1: x * inverse_rms column=67"
656,657,"VXM.ALU7","decode norm1: RMSNorm BF16 output column=66"
657,658,"MEM.E.Read","decode norm1: RMSNorm x scale column=70"
657,658,"MEM.E.Read","decode norm1: RMSNorm gamma column=70"
657,658,"MEM.E.Read","decode norm1: RMSNorm x scale column=70"
657,658,"MEM.E.Read","decode norm1: RMSNorm gamma column=70"
657,658,"MEM.E.Write","decode norm1: RMSNorm write column=64"
657,658,"MEM.E.Write","decode norm1: RMSNorm write column=64"
657,658,"VXM.ALU6","decode norm1: x * inverse_rms column=68"
657,658,"VXM.ALU7","decode norm1: RMSNorm BF16 output column=67"
658,659,"MEM.E.Read","decode norm1: RMSNorm x scale column=71"
658,659,"MEM.E.Read","decode norm1: RMSNorm gamma column=71"
658,659,"MEM.E.Read","decode norm1: RMSNorm x scale column=71"
658,659,"MEM.E.Read","decode norm1: RMSNorm gamma column=71"
658,659,"MEM.E.Write","decode norm1: RMSNorm write column=65"
658,659,"MEM.E.Write","decode norm1: RMSNorm write column=65"
658,659,"VXM.ALU6","decode norm1: x * inverse_rms column=69"
658,659,"VXM.ALU7","decode norm1: RMSNorm BF16 output column=68"
659,660,"MEM.E.Read","decode norm1: RMSNorm x scale column=72"
659,660,"MEM.E.Read","decode norm1: RMSNorm gamma column=72"
659,660,"MEM.E.Read","decode norm1: RMSNorm x scale column=72"
659,660,"MEM.E.Read","decode norm1: RMSNorm gamma column=72"
659,660,"MEM.E.Write","decode norm1: RMSNorm write column=66"
659,660,"MEM.E.Write","decode norm1: RMSNorm write column=66"
659,660,"VXM.ALU6","decode norm1: x * inverse_rms column=70"
659,660,"VXM.ALU7","decode norm1: RMSNorm BF16 output column=69"
660,661,"MEM.E.Read","decode norm1: RMSNorm x scale column=73"
660,661,"MEM.E.Read","decode norm1: RMSNorm gamma column=73"
660,661,"MEM.E.Read","decode norm1: RMSNorm x scale column=73"
660,661,"MEM.E.Read","decode norm1: RMSNorm gamma column=73"
660,661,"MEM.E.Write","decode norm1: RMSNorm write column=67"
660,661,"MEM.E.Write","decode norm1: RMSNorm write column=67"
660,661,"VXM.ALU6","decode norm1: x * inverse_rms column=71"
660,661,"VXM.ALU7","decode norm1: RMSNorm BF16 output column=70"
661,662,"MEM.E.Read","decode norm1: RMSNorm x scale column=74"
661,662,"MEM.E.Read","decode norm1: RMSNorm gamma column=74"
661,662,"MEM.E.Read","decode norm1: RMSNorm x scale column=74"
661,662,"MEM.E.Read","decode norm1: RMSNorm gamma column=74"
661,662,"MEM.E.Write","decode norm1: RMSNorm write column=68"
661,662,"MEM.E.Write","decode norm1: RMSNorm write column=68"
661,662,"VXM.ALU6","decode norm1: x * inverse_rms column=72"
661,662,"VXM.ALU7","decode norm1: RMSNorm BF16 output column=71"
662,663,"MEM.E.Read","decode norm1: RMSNorm x scale column=75"
662,663,"MEM.E.Read","decode norm1: RMSNorm gamma column=75"
662,663,"MEM.E.Read","decode norm1: RMSNorm x scale column=75"
662,663,"MEM.E.Read","decode norm1: RMSNorm gamma column=75"
662,663,"MEM.E.Write","decode norm1: RMSNorm write column=69"
662,663,"MEM.E.Write","decode norm1: RMSNorm write column=69"
662,663,"VXM.ALU6","decode norm1: x * inverse_rms column=73"
662,663,"VXM.ALU7","decode norm1: RMSNorm BF16 output column=72"
663,664,"MEM.E.Read","decode norm1: RMSNorm x scale column=76"
663,664,"MEM.E.Read","decode norm1: RMSNorm gamma column=76"
663,664,"MEM.E.Read","decode norm1: RMSNorm x scale column=76"
663,664,"MEM.E.Read","decode norm1: RMSNorm gamma column=76"
663,664,"MEM.E.Write","decode norm1: RMSNorm write column=70"
663,664,"MEM.E.Write","decode norm1: RMSNorm write column=70"
663,664,"VXM.ALU6","decode norm1: x * inverse_rms column=74"
663,664,"VXM.ALU7","decode norm1: RMSNorm BF16 output column=73"
664,665,"MEM.E.Read","decode norm1: RMSNorm x scale column=77"
664,665,"MEM.E.Read","decode norm1: RMSNorm gamma column=77"
664,665,"MEM.E.Read","decode norm1: RMSNorm x scale column=77"
664,665,"MEM.E.Read","decode norm1: RMSNorm gamma column=77"
664,665,"MEM.E.Write","decode norm1: RMSNorm write column=71"
664,665,"MEM.E.Write","decode norm1: RMSNorm write column=71"
664,665,"VXM.ALU6","decode norm1: x * inverse_rms column=75"
664,665,"VXM.ALU7","decode norm1: RMSNorm BF16 output column=74"
665,666,"MEM.E.Read","decode norm1: RMSNorm x scale column=78"
665,666,"MEM.E.Read","decode norm1: RMSNorm gamma column=78"
665,666,"MEM.E.Read","decode norm1: RMSNorm x scale column=78"
665,666,"MEM.E.Read","decode norm1: RMSNorm gamma column=78"
665,666,"MEM.E.Write","decode norm1: RMSNorm write column=72"
665,666,"MEM.E.Write","decode norm1: RMSNorm write column=72"
665,666,"VXM.ALU6","decode norm1: x * inverse_rms column=76"
665,666,"VXM.ALU7","decode norm1: RMSNorm BF16 output column=75"
666,667,"MEM.E.Read","decode norm1: RMSNorm x scale column=79"
666,667,"MEM.E.Read","decode norm1: RMSNorm gamma column=79"
666,667,"MEM.E.Read","decode norm1: RMSNorm x scale column=79"
666,667,"MEM.E.Read","decode norm1: RMSNorm gamma column=79"
666,667,"MEM.E.Write","decode norm1: RMSNorm write column=73"
666,667,"MEM.E.Write","decode norm1: RMSNorm write column=73"
666,667,"VXM.ALU6","decode norm1: x * inverse_rms column=77"
666,667,"VXM.ALU7","decode norm1: RMSNorm BF16 output column=76"
667,668,"MEM.E.Read","decode norm1: RMSNorm x scale column=80"
667,668,"MEM.E.Read","decode norm1: RMSNorm gamma column=80"
667,668,"MEM.E.Read","decode norm1: RMSNorm x scale column=80"
667,668,"MEM.E.Read","decode norm1: RMSNorm gamma column=80"
667,668,"MEM.E.Write","decode norm1: RMSNorm write column=74"
667,668,"MEM.E.Write","decode norm1: RMSNorm write column=74"
667,668,"VXM.ALU6","decode norm1: x * inverse_rms column=78"
667,668,"VXM.ALU7","decode norm1: RMSNorm BF16 output column=77"
668,669,"MEM.E.Read","decode norm1: RMSNorm x scale column=81"
668,669,"MEM.E.Read","decode norm1: RMSNorm gamma column=81"
668,669,"MEM.E.Read","decode norm1: RMSNorm x scale column=81"
668,669,"MEM.E.Read","decode norm1: RMSNorm gamma column=81"
668,669,"MEM.E.Write","decode norm1: RMSNorm write column=75"
668,669,"MEM.E.Write","decode norm1: RMSNorm write column=75"
668,669,"VXM.ALU6","decode norm1: x * inverse_rms column=79"
668,669,"VXM.ALU7","decode norm1: RMSNorm BF16 output column=78"
669,670,"MEM.E.Read","decode norm1: RMSNorm x scale column=82"
669,670,"MEM.E.Read","decode norm1: RMSNorm gamma column=82"
669,670,"MEM.E.Read","decode norm1: RMSNorm x scale column=82"
669,670,"MEM.E.Read","decode norm1: RMSNorm gamma column=82"
669,670,"MEM.E.Write","decode norm1: RMSNorm write column=76"
669,670,"MEM.E.Write","decode norm1: RMSNorm write column=76"
669,670,"VXM.ALU6","decode norm1: x * inverse_rms column=80"
669,670,"VXM.ALU7","decode norm1: RMSNorm BF16 output column=79"
670,671,"MEM.E.Read","decode norm1: RMSNorm x scale column=83"
670,671,"MEM.E.Read","decode norm1: RMSNorm gamma column=83"
670,671,"MEM.E.Read","decode norm1: RMSNorm x scale column=83"
670,671,"MEM.E.Read","decode norm1: RMSNorm gamma column=83"
670,671,"MEM.E.Write","decode norm1: RMSNorm write column=77"
670,671,"MEM.E.Write","decode norm1: RMSNorm write column=77"
670,671,"VXM.ALU6","decode norm1: x * inverse_rms column=81"
670,671,"VXM.ALU7","decode norm1: RMSNorm BF16 output column=80"
671,672,"MEM.E.Read","decode norm1: RMSNorm x scale column=84"
671,672,"MEM.E.Read","decode norm1: RMSNorm gamma column=84"
671,672,"MEM.E.Read","decode norm1: RMSNorm x scale column=84"
671,672,"MEM.E.Read","decode norm1: RMSNorm gamma column=84"
671,672,"MEM.E.Write","decode norm1: RMSNorm write column=78"
671,672,"MEM.E.Write","decode norm1: RMSNorm write column=78"
671,672,"VXM.ALU6","decode norm1: x * inverse_rms column=82"
671,672,"VXM.ALU7","decode norm1: RMSNorm BF16 output column=81"
672,673,"MEM.E.Read","decode norm1: RMSNorm x scale column=85"
672,673,"MEM.E.Read","decode norm1: RMSNorm gamma column=85"
672,673,"MEM.E.Read","decode norm1: RMSNorm x scale column=85"
672,673,"MEM.E.Read","decode norm1: RMSNorm gamma column=85"
672,673,"MEM.E.Write","decode norm1: RMSNorm write column=79"
672,673,"MEM.E.Write","decode norm1: RMSNorm write column=79"
672,673,"VXM.ALU6","decode norm1: x * inverse_rms column=83"
672,673,"VXM.ALU7","decode norm1: RMSNorm BF16 output column=82"
673,674,"MEM.E.Read","decode norm1: RMSNorm x scale column=86"
673,674,"MEM.E.Read","decode norm1: RMSNorm gamma column=86"
673,674,"MEM.E.Read","decode norm1: RMSNorm x scale column=86"
673,674,"MEM.E.Read","decode norm1: RMSNorm gamma column=86"
673,674,"MEM.E.Write","decode norm1: RMSNorm write column=80"
673,674,"MEM.E.Write","decode norm1: RMSNorm write column=80"
673,674,"VXM.ALU6","decode norm1: x * inverse_rms column=84"
673,674,"VXM.ALU7","decode norm1: RMSNorm BF16 output column=83"
674,675,"MEM.E.Read","decode norm1: RMSNorm x scale column=87"
674,675,"MEM.E.Read","decode norm1: RMSNorm gamma column=87"
674,675,"MEM.E.Read","decode norm1: RMSNorm x scale column=87"
674,675,"MEM.E.Read","decode norm1: RMSNorm gamma column=87"
674,675,"MEM.E.Write","decode norm1: RMSNorm write column=81"
674,675,"MEM.E.Write","decode norm1: RMSNorm write column=81"
674,675,"VXM.ALU6","decode norm1: x * inverse_rms column=85"
674,675,"VXM.ALU7","decode norm1: RMSNorm BF16 output column=84"
675,676,"MEM.E.Read","decode norm1: RMSNorm x scale column=88"
675,676,"MEM.E.Read","decode norm1: RMSNorm gamma column=88"
675,676,"MEM.E.Read","decode norm1: RMSNorm x scale column=88"
675,676,"MEM.E.Read","decode norm1: RMSNorm gamma column=88"
675,676,"MEM.E.Write","decode norm1: RMSNorm write column=82"
675,676,"MEM.E.Write","decode norm1: RMSNorm write column=82"
675,676,"VXM.ALU6","decode norm1: x * inverse_rms column=86"
675,676,"VXM.ALU7","decode norm1: RMSNorm BF16 output column=85"
676,677,"MEM.E.Read","decode norm1: RMSNorm x scale column=89"
676,677,"MEM.E.Read","decode norm1: RMSNorm gamma column=89"
676,677,"MEM.E.Read","decode norm1: RMSNorm x scale column=89"
676,677,"MEM.E.Read","decode norm1: RMSNorm gamma column=89"
676,677,"MEM.E.Write","decode norm1: RMSNorm write column=83"
676,677,"MEM.E.Write","decode norm1: RMSNorm write column=83"
676,677,"VXM.ALU6","decode norm1: x * inverse_rms column=87"
676,677,"VXM.ALU7","decode norm1: RMSNorm BF16 output column=86"
677,678,"MEM.E.Read","decode norm1: RMSNorm x scale column=90"
677,678,"MEM.E.Read","decode norm1: RMSNorm gamma column=90"
677,678,"MEM.E.Read","decode norm1: RMSNorm x scale column=90"
677,678,"MEM.E.Read","decode norm1: RMSNorm gamma column=90"
677,678,"MEM.E.Write","decode norm1: RMSNorm write column=84"
677,678,"MEM.E.Write","decode norm1: RMSNorm write column=84"
677,678,"VXM.ALU6","decode norm1: x * inverse_rms column=88"
677,678,"VXM.ALU7","decode norm1: RMSNorm BF16 output column=87"
678,679,"MEM.E.Read","decode norm1: RMSNorm x scale column=91"
678,679,"MEM.E.Read","decode norm1: RMSNorm gamma column=91"
678,679,"MEM.E.Read","decode norm1: RMSNorm x scale column=91"
678,679,"MEM.E.Read","decode norm1: RMSNorm gamma column=91"
678,679,"MEM.E.Write","decode norm1: RMSNorm write column=85"
678,679,"MEM.E.Write","decode norm1: RMSNorm write column=85"
678,679,"VXM.ALU6","decode norm1: x * inverse_rms column=89"
678,679,"VXM.ALU7","decode norm1: RMSNorm BF16 output column=88"
679,680,"MEM.E.Read","decode norm1: RMSNorm x scale column=92"
679,680,"MEM.E.Read","decode norm1: RMSNorm gamma column=92"
679,680,"MEM.E.Read","decode norm1: RMSNorm x scale column=92"
679,680,"MEM.E.Read","decode norm1: RMSNorm gamma column=92"
679,680,"MEM.E.Write","decode norm1: RMSNorm write column=86"
679,680,"MEM.E.Write","decode norm1: RMSNorm write column=86"
679,680,"VXM.ALU6","decode norm1: x * inverse_rms column=90"
679,680,"VXM.ALU7","decode norm1: RMSNorm BF16 output column=89"
680,681,"MEM.E.Read","decode norm1: RMSNorm x scale column=93"
680,681,"MEM.E.Read","decode norm1: RMSNorm gamma column=93"
680,681,"MEM.E.Read","decode norm1: RMSNorm x scale column=93"
680,681,"MEM.E.Read","decode norm1: RMSNorm gamma column=93"
680,681,"MEM.E.Write","decode norm1: RMSNorm write column=87"
680,681,"MEM.E.Write","decode norm1: RMSNorm write column=87"
680,681,"VXM.ALU6","decode norm1: x * inverse_rms column=91"
680,681,"VXM.ALU7","decode norm1: RMSNorm BF16 output column=90"
681,682,"MEM.E.Read","decode norm1: RMSNorm x scale column=94"
681,682,"MEM.E.Read","decode norm1: RMSNorm gamma column=94"
681,682,"MEM.E.Read","decode norm1: RMSNorm x scale column=94"
681,682,"MEM.E.Read","decode norm1: RMSNorm gamma column=94"
681,682,"MEM.E.Write","decode norm1: RMSNorm write column=88"
681,682,"MEM.E.Write","decode norm1: RMSNorm write column=88"
681,682,"VXM.ALU6","decode norm1: x * inverse_rms column=92"
681,682,"VXM.ALU7","decode norm1: RMSNorm BF16 output column=91"
682,683,"MEM.E.Read","decode norm1: RMSNorm x scale column=95"
682,683,"MEM.E.Read","decode norm1: RMSNorm gamma column=95"
682,683,"MEM.E.Read","decode norm1: RMSNorm x scale column=95"
682,683,"MEM.E.Read","decode norm1: RMSNorm gamma column=95"
682,683,"MEM.E.Write","decode norm1: RMSNorm write column=89"
682,683,"MEM.E.Write","decode norm1: RMSNorm write column=89"
682,683,"VXM.ALU6","decode norm1: x * inverse_rms column=93"
682,683,"VXM.ALU7","decode norm1: RMSNorm BF16 output column=92"
683,684,"MEM.E.Read","decode norm1: RMSNorm x scale column=96"
683,684,"MEM.E.Read","decode norm1: RMSNorm gamma column=96"
683,684,"MEM.E.Read","decode norm1: RMSNorm x scale column=96"
683,684,"MEM.E.Read","decode norm1: RMSNorm gamma column=96"
683,684,"MEM.E.Write","decode norm1: RMSNorm write column=90"
683,684,"MEM.E.Write","decode norm1: RMSNorm write column=90"
683,684,"VXM.ALU6","decode norm1: x * inverse_rms column=94"
683,684,"VXM.ALU7","decode norm1: RMSNorm BF16 output column=93"
684,685,"MEM.E.Read","decode norm1: RMSNorm x scale column=97"
684,685,"MEM.E.Read","decode norm1: RMSNorm gamma column=97"
684,685,"MEM.E.Read","decode norm1: RMSNorm x scale column=97"
684,685,"MEM.E.Read","decode norm1: RMSNorm gamma column=97"
684,685,"MEM.E.Write","decode norm1: RMSNorm write column=91"
684,685,"MEM.E.Write","decode norm1: RMSNorm write column=91"
684,685,"VXM.ALU6","decode norm1: x * inverse_rms column=95"
684,685,"VXM.ALU7","decode norm1: RMSNorm BF16 output column=94"
685,686,"MEM.E.Read","decode norm1: RMSNorm x scale column=98"
685,686,"MEM.E.Read","decode norm1: RMSNorm gamma column=98"
685,686,"MEM.E.Read","decode norm1: RMSNorm x scale column=98"
685,686,"MEM.E.Read","decode norm1: RMSNorm gamma column=98"
685,686,"MEM.E.Write","decode norm1: RMSNorm write column=92"
685,686,"MEM.E.Write","decode norm1: RMSNorm write column=92"
685,686,"VXM.ALU6","decode norm1: x * inverse_rms column=96"
685,686,"VXM.ALU7","decode norm1: RMSNorm BF16 output column=95"
686,687,"MEM.E.Read","decode norm1: RMSNorm x scale column=99"
686,687,"MEM.E.Read","decode norm1: RMSNorm gamma column=99"
686,687,"MEM.E.Read","decode norm1: RMSNorm x scale column=99"
686,687,"MEM.E.Read","decode norm1: RMSNorm gamma column=99"
686,687,"MEM.E.Write","decode norm1: RMSNorm write column=93"
686,687,"MEM.E.Write","decode norm1: RMSNorm write column=93"
686,687,"VXM.ALU6","decode norm1: x * inverse_rms column=97"
686,687,"VXM.ALU7","decode norm1: RMSNorm BF16 output column=96"
687,688,"MEM.E.Read","decode norm1: RMSNorm x scale column=100"
687,688,"MEM.E.Read","decode norm1: RMSNorm gamma column=100"
687,688,"MEM.E.Read","decode norm1: RMSNorm x scale column=100"
687,688,"MEM.E.Read","decode norm1: RMSNorm gamma column=100"
687,688,"MEM.E.Write","decode norm1: RMSNorm write column=94"
687,688,"MEM.E.Write","decode norm1: RMSNorm write column=94"
687,688,"VXM.ALU6","decode norm1: x * inverse_rms column=98"
687,688,"VXM.ALU7","decode norm1: RMSNorm BF16 output column=97"
688,689,"MEM.E.Read","decode norm1: RMSNorm x scale column=101"
688,689,"MEM.E.Read","decode norm1: RMSNorm gamma column=101"
688,689,"MEM.E.Read","decode norm1: RMSNorm x scale column=101"
688,689,"MEM.E.Read","decode norm1: RMSNorm gamma column=101"
688,689,"MEM.E.Write","decode norm1: RMSNorm write column=95"
688,689,"MEM.E.Write","decode norm1: RMSNorm write column=95"
688,689,"VXM.ALU6","decode norm1: x * inverse_rms column=99"
688,689,"VXM.ALU7","decode norm1: RMSNorm BF16 output column=98"
689,690,"MEM.E.Read","decode norm1: RMSNorm x scale column=102"
689,690,"MEM.E.Read","decode norm1: RMSNorm gamma column=102"
689,690,"MEM.E.Read","decode norm1: RMSNorm x scale column=102"
689,690,"MEM.E.Read","decode norm1: RMSNorm gamma column=102"
689,690,"MEM.E.Write","decode norm1: RMSNorm write column=96"
689,690,"MEM.E.Write","decode norm1: RMSNorm write column=96"
689,690,"VXM.ALU6","decode norm1: x * inverse_rms column=100"
689,690,"VXM.ALU7","decode norm1: RMSNorm BF16 output column=99"
690,691,"MEM.E.Read","decode norm1: RMSNorm x scale column=103"
690,691,"MEM.E.Read","decode norm1: RMSNorm gamma column=103"
690,691,"MEM.E.Read","decode norm1: RMSNorm x scale column=103"
690,691,"MEM.E.Read","decode norm1: RMSNorm gamma column=103"
690,691,"MEM.E.Write","decode norm1: RMSNorm write column=97"
690,691,"MEM.E.Write","decode norm1: RMSNorm write column=97"
690,691,"VXM.ALU6","decode norm1: x * inverse_rms column=101"
690,691,"VXM.ALU7","decode norm1: RMSNorm BF16 output column=100"
691,692,"MEM.E.Read","decode norm1: RMSNorm x scale column=104"
691,692,"MEM.E.Read","decode norm1: RMSNorm gamma column=104"
691,692,"MEM.E.Read","decode norm1: RMSNorm x scale column=104"
691,692,"MEM.E.Read","decode norm1: RMSNorm gamma column=104"
691,692,"MEM.E.Write","decode norm1: RMSNorm write column=98"
691,692,"MEM.E.Write","decode norm1: RMSNorm write column=98"
691,692,"VXM.ALU6","decode norm1: x * inverse_rms column=102"
691,692,"VXM.ALU7","decode norm1: RMSNorm BF16 output column=101"
692,693,"MEM.E.Read","decode norm1: RMSNorm x scale column=105"
692,693,"MEM.E.Read","decode norm1: RMSNorm gamma column=105"
692,693,"MEM.E.Read","decode norm1: RMSNorm x scale column=105"
692,693,"MEM.E.Read","decode norm1: RMSNorm gamma column=105"
692,693,"MEM.E.Write","decode norm1: RMSNorm write column=99"
692,693,"MEM.E.Write","decode norm1: RMSNorm write column=99"
692,693,"VXM.ALU6","decode norm1: x * inverse_rms column=103"
692,693,"VXM.ALU7","decode norm1: RMSNorm BF16 output column=102"
693,694,"MEM.E.Read","decode norm1: RMSNorm x scale column=106"
693,694,"MEM.E.Read","decode norm1: RMSNorm gamma column=106"
693,694,"MEM.E.Read","decode norm1: RMSNorm x scale column=106"
693,694,"MEM.E.Read","decode norm1: RMSNorm gamma column=106"
693,694,"MEM.E.Write","decode norm1: RMSNorm write column=100"
693,694,"MEM.E.Write","decode norm1: RMSNorm write column=100"
693,694,"VXM.ALU6","decode norm1: x * inverse_rms column=104"
693,694,"VXM.ALU7","decode norm1: RMSNorm BF16 output column=103"
694,695,"MEM.E.Read","decode norm1: RMSNorm x scale column=107"
694,695,"MEM.E.Read","decode norm1: RMSNorm gamma column=107"
694,695,"MEM.E.Read","decode norm1: RMSNorm x scale column=107"
694,695,"MEM.E.Read","decode norm1: RMSNorm gamma column=107"
694,695,"MEM.E.Write","decode norm1: RMSNorm write column=101"
694,695,"MEM.E.Write","decode norm1: RMSNorm write column=101"
694,695,"VXM.ALU6","decode norm1: x * inverse_rms column=105"
694,695,"VXM.ALU7","decode norm1: RMSNorm BF16 output column=104"
695,696,"MEM.E.Read","decode norm1: RMSNorm x scale column=108"
695,696,"MEM.E.Read","decode norm1: RMSNorm gamma column=108"
695,696,"MEM.E.Read","decode norm1: RMSNorm x scale column=108"
695,696,"MEM.E.Read","decode norm1: RMSNorm gamma column=108"
695,696,"MEM.E.Write","decode norm1: RMSNorm write column=102"
695,696,"MEM.E.Write","decode norm1: RMSNorm write column=102"
695,696,"VXM.ALU6","decode norm1: x * inverse_rms column=106"
695,696,"VXM.ALU7","decode norm1: RMSNorm BF16 output column=105"
696,697,"MEM.E.Read","decode norm1: RMSNorm x scale column=109"
696,697,"MEM.E.Read","decode norm1: RMSNorm gamma column=109"
696,697,"MEM.E.Read","decode norm1: RMSNorm x scale column=109"
696,697,"MEM.E.Read","decode norm1: RMSNorm gamma column=109"
696,697,"MEM.E.Write","decode norm1: RMSNorm write column=103"
696,697,"MEM.E.Write","decode norm1: RMSNorm write column=103"
696,697,"VXM.ALU6","decode norm1: x * inverse_rms column=107"
696,697,"VXM.ALU7","decode norm1: RMSNorm BF16 output column=106"
697,698,"MEM.E.Read","decode norm1: RMSNorm x scale column=110"
697,698,"MEM.E.Read","decode norm1: RMSNorm gamma column=110"
697,698,"MEM.E.Read","decode norm1: RMSNorm x scale column=110"
697,698,"MEM.E.Read","decode norm1: RMSNorm gamma column=110"
697,698,"MEM.E.Write","decode norm1: RMSNorm write column=104"
697,698,"MEM.E.Write","decode norm1: RMSNorm write column=104"
697,698,"VXM.ALU6","decode norm1: x * inverse_rms column=108"
697,698,"VXM.ALU7","decode norm1: RMSNorm BF16 output column=107"
698,699,"MEM.E.Read","decode norm1: RMSNorm x scale column=111"
698,699,"MEM.E.Read","decode norm1: RMSNorm gamma column=111"
698,699,"MEM.E.Read","decode norm1: RMSNorm x scale column=111"
698,699,"MEM.E.Read","decode norm1: RMSNorm gamma column=111"
698,699,"MEM.E.Write","decode norm1: RMSNorm write column=105"
698,699,"MEM.E.Write","decode norm1: RMSNorm write column=105"
698,699,"VXM.ALU6","decode norm1: x * inverse_rms column=109"
698,699,"VXM.ALU7","decode norm1: RMSNorm BF16 output column=108"
699,700,"MEM.E.Read","decode norm1: RMSNorm x scale column=112"
699,700,"MEM.E.Read","decode norm1: RMSNorm gamma column=112"
699,700,"MEM.E.Read","decode norm1: RMSNorm x scale column=112"
699,700,"MEM.E.Read","decode norm1: RMSNorm gamma column=112"
699,700,"MEM.E.Write","decode norm1: RMSNorm write column=106"
699,700,"MEM.E.Write","decode norm1: RMSNorm write column=106"
699,700,"VXM.ALU6","decode norm1: x * inverse_rms column=110"
699,700,"VXM.ALU7","decode norm1: RMSNorm BF16 output column=109"
700,701,"MEM.E.Read","decode norm1: RMSNorm x scale column=113"
700,701,"MEM.E.Read","decode norm1: RMSNorm gamma column=113"
700,701,"MEM.E.Read","decode norm1: RMSNorm x scale column=113"
700,701,"MEM.E.Read","decode norm1: RMSNorm gamma column=113"
700,701,"MEM.E.Write","decode norm1: RMSNorm write column=107"
700,701,"MEM.E.Write","decode norm1: RMSNorm write column=107"
700,701,"VXM.ALU6","decode norm1: x * inverse_rms column=111"
700,701,"VXM.ALU7","decode norm1: RMSNorm BF16 output column=110"
701,702,"MEM.E.Read","decode norm1: RMSNorm x scale column=114"
701,702,"MEM.E.Read","decode norm1: RMSNorm gamma column=114"
701,702,"MEM.E.Read","decode norm1: RMSNorm x scale column=114"
701,702,"MEM.E.Read","decode norm1: RMSNorm gamma column=114"
701,702,"MEM.E.Write","decode norm1: RMSNorm write column=108"
701,702,"MEM.E.Write","decode norm1: RMSNorm write column=108"
701,702,"VXM.ALU6","decode norm1: x * inverse_rms column=112"
701,702,"VXM.ALU7","decode norm1: RMSNorm BF16 output column=111"
702,703,"MEM.E.Read","decode norm1: RMSNorm x scale column=115"
702,703,"MEM.E.Read","decode norm1: RMSNorm gamma column=115"
702,703,"MEM.E.Read","decode norm1: RMSNorm x scale column=115"
702,703,"MEM.E.Read","decode norm1: RMSNorm gamma column=115"
702,703,"MEM.E.Write","decode norm1: RMSNorm write column=109"
702,703,"MEM.E.Write","decode norm1: RMSNorm write column=109"
702,703,"VXM.ALU6","decode norm1: x * inverse_rms column=113"
702,703,"VXM.ALU7","decode norm1: RMSNorm BF16 output column=112"
703,704,"MEM.E.Read","decode norm1: RMSNorm x scale column=116"
703,704,"MEM.E.Read","decode norm1: RMSNorm gamma column=116"
703,704,"MEM.E.Read","decode norm1: RMSNorm x scale column=116"
703,704,"MEM.E.Read","decode norm1: RMSNorm gamma column=116"
703,704,"MEM.E.Write","decode norm1: RMSNorm write column=110"
703,704,"MEM.E.Write","decode norm1: RMSNorm write column=110"
703,704,"VXM.ALU6","decode norm1: x * inverse_rms column=114"
703,704,"VXM.ALU7","decode norm1: RMSNorm BF16 output column=113"
704,705,"MEM.E.Read","decode norm1: RMSNorm x scale column=117"
704,705,"MEM.E.Read","decode norm1: RMSNorm gamma column=117"
704,705,"MEM.E.Read","decode norm1: RMSNorm x scale column=117"
704,705,"MEM.E.Read","decode norm1: RMSNorm gamma column=117"
704,705,"MEM.E.Write","decode norm1: RMSNorm write column=111"
704,705,"MEM.E.Write","decode norm1: RMSNorm write column=111"
704,705,"VXM.ALU6","decode norm1: x * inverse_rms column=115"
704,705,"VXM.ALU7","decode norm1: RMSNorm BF16 output column=114"
705,706,"MEM.E.Read","decode norm1: RMSNorm x scale column=118"
705,706,"MEM.E.Read","decode norm1: RMSNorm gamma column=118"
705,706,"MEM.E.Read","decode norm1: RMSNorm x scale column=118"
705,706,"MEM.E.Read","decode norm1: RMSNorm gamma column=118"
705,706,"MEM.E.Write","decode norm1: RMSNorm write column=112"
705,706,"MEM.E.Write","decode norm1: RMSNorm write column=112"
705,706,"VXM.ALU6","decode norm1: x * inverse_rms column=116"
705,706,"VXM.ALU7","decode norm1: RMSNorm BF16 output column=115"
706,707,"MEM.E.Read","decode norm1: RMSNorm x scale column=119"
706,707,"MEM.E.Read","decode norm1: RMSNorm gamma column=119"
706,707,"MEM.E.Read","decode norm1: RMSNorm x scale column=119"
706,707,"MEM.E.Read","decode norm1: RMSNorm gamma column=119"
706,707,"MEM.E.Write","decode norm1: RMSNorm write column=113"
706,707,"MEM.E.Write","decode norm1: RMSNorm write column=113"
706,707,"VXM.ALU6","decode norm1: x * inverse_rms column=117"
706,707,"VXM.ALU7","decode norm1: RMSNorm BF16 output column=116"
707,708,"MEM.E.Read","decode norm1: RMSNorm x scale column=120"
707,708,"MEM.E.Read","decode norm1: RMSNorm gamma column=120"
707,708,"MEM.E.Read","decode norm1: RMSNorm x scale column=120"
707,708,"MEM.E.Read","decode norm1: RMSNorm gamma column=120"
707,708,"MEM.E.Write","decode norm1: RMSNorm write column=114"
707,708,"MEM.E.Write","decode norm1: RMSNorm write column=114"
707,708,"VXM.ALU6","decode norm1: x * inverse_rms column=118"
707,708,"VXM.ALU7","decode norm1: RMSNorm BF16 output column=117"
708,709,"MEM.E.Read","decode norm1: RMSNorm x scale column=121"
708,709,"MEM.E.Read","decode norm1: RMSNorm gamma column=121"
708,709,"MEM.E.Read","decode norm1: RMSNorm x scale column=121"
708,709,"MEM.E.Read","decode norm1: RMSNorm gamma column=121"
708,709,"MEM.E.Write","decode norm1: RMSNorm write column=115"
708,709,"MEM.E.Write","decode norm1: RMSNorm write column=115"
708,709,"VXM.ALU6","decode norm1: x * inverse_rms column=119"
708,709,"VXM.ALU7","decode norm1: RMSNorm BF16 output column=118"
709,710,"MEM.E.Read","decode norm1: RMSNorm x scale column=122"
709,710,"MEM.E.Read","decode norm1: RMSNorm gamma column=122"
709,710,"MEM.E.Read","decode norm1: RMSNorm x scale column=122"
709,710,"MEM.E.Read","decode norm1: RMSNorm gamma column=122"
709,710,"MEM.E.Write","decode norm1: RMSNorm write column=116"
709,710,"MEM.E.Write","decode norm1: RMSNorm write column=116"
709,710,"VXM.ALU6","decode norm1: x * inverse_rms column=120"
709,710,"VXM.ALU7","decode norm1: RMSNorm BF16 output column=119"
710,711,"MEM.E.Read","decode norm1: RMSNorm x scale column=123"
710,711,"MEM.E.Read","decode norm1: RMSNorm gamma column=123"
710,711,"MEM.E.Read","decode norm1: RMSNorm x scale column=123"
710,711,"MEM.E.Read","decode norm1: RMSNorm gamma column=123"
710,711,"MEM.E.Write","decode norm1: RMSNorm write column=117"
710,711,"MEM.E.Write","decode norm1: RMSNorm write column=117"
710,711,"VXM.ALU6","decode norm1: x * inverse_rms column=121"
710,711,"VXM.ALU7","decode norm1: RMSNorm BF16 output column=120"
711,712,"MEM.E.Read","decode norm1: RMSNorm x scale column=124"
711,712,"MEM.E.Read","decode norm1: RMSNorm gamma column=124"
711,712,"MEM.E.Read","decode norm1: RMSNorm x scale column=124"
711,712,"MEM.E.Read","decode norm1: RMSNorm gamma column=124"
711,712,"MEM.E.Write","decode norm1: RMSNorm write column=118"
711,712,"MEM.E.Write","decode norm1: RMSNorm write column=118"
711,712,"VXM.ALU6","decode norm1: x * inverse_rms column=122"
711,712,"VXM.ALU7","decode norm1: RMSNorm BF16 output column=121"
712,713,"MEM.E.Read","decode norm1: RMSNorm x scale column=125"
712,713,"MEM.E.Read","decode norm1: RMSNorm gamma column=125"
712,713,"MEM.E.Read","decode norm1: RMSNorm x scale column=125"
712,713,"MEM.E.Read","decode norm1: RMSNorm gamma column=125"
712,713,"MEM.E.Write","decode norm1: RMSNorm write column=119"
712,713,"MEM.E.Write","decode norm1: RMSNorm write column=119"
712,713,"VXM.ALU6","decode norm1: x * inverse_rms column=123"
712,713,"VXM.ALU7","decode norm1: RMSNorm BF16 output column=122"
713,714,"MEM.E.Read","decode norm1: RMSNorm x scale column=126"
713,714,"MEM.E.Read","decode norm1: RMSNorm gamma column=126"
713,714,"MEM.E.Read","decode norm1: RMSNorm x scale column=126"
713,714,"MEM.E.Read","decode norm1: RMSNorm gamma column=126"
713,714,"MEM.E.Write","decode norm1: RMSNorm write column=120"
713,714,"MEM.E.Write","decode norm1: RMSNorm write column=120"
713,714,"VXM.ALU6","decode norm1: x * inverse_rms column=124"
713,714,"VXM.ALU7","decode norm1: RMSNorm BF16 output column=123"
714,715,"MEM.E.Read","decode norm1: RMSNorm x scale column=127"
714,715,"MEM.E.Read","decode norm1: RMSNorm gamma column=127"
714,715,"MEM.E.Read","decode norm1: RMSNorm x scale column=127"
714,715,"MEM.E.Read","decode norm1: RMSNorm gamma column=127"
714,715,"MEM.E.Write","decode norm1: RMSNorm write column=121"
714,715,"MEM.E.Write","decode norm1: RMSNorm write column=121"
714,715,"VXM.ALU6","decode norm1: x * inverse_rms column=125"
714,715,"VXM.ALU7","decode norm1: RMSNorm BF16 output column=124"
715,716,"MEM.E.Read","decode norm1: RMSNorm x scale column=128"
715,716,"MEM.E.Read","decode norm1: RMSNorm gamma column=128"
715,716,"MEM.E.Read","decode norm1: RMSNorm x scale column=128"
715,716,"MEM.E.Read","decode norm1: RMSNorm gamma column=128"
715,716,"MEM.E.Write","decode norm1: RMSNorm write column=122"
715,716,"MEM.E.Write","decode norm1: RMSNorm write column=122"
715,716,"VXM.ALU6","decode norm1: x * inverse_rms column=126"
715,716,"VXM.ALU7","decode norm1: RMSNorm BF16 output column=125"
716,717,"MEM.E.Read","decode norm1: RMSNorm x scale column=129"
716,717,"MEM.E.Read","decode norm1: RMSNorm gamma column=129"
716,717,"MEM.E.Read","decode norm1: RMSNorm x scale column=129"
716,717,"MEM.E.Read","decode norm1: RMSNorm gamma column=129"
716,717,"MEM.E.Write","decode norm1: RMSNorm write column=123"
716,717,"MEM.E.Write","decode norm1: RMSNorm write column=123"
716,717,"VXM.ALU6","decode norm1: x * inverse_rms column=127"
716,717,"VXM.ALU7","decode norm1: RMSNorm BF16 output column=126"
717,718,"MEM.E.Read","decode norm1: RMSNorm x scale column=130"
717,718,"MEM.E.Read","decode norm1: RMSNorm gamma column=130"
717,718,"MEM.E.Read","decode norm1: RMSNorm x scale column=130"
717,718,"MEM.E.Read","decode norm1: RMSNorm gamma column=130"
717,718,"MEM.E.Write","decode norm1: RMSNorm write column=124"
717,718,"MEM.E.Write","decode norm1: RMSNorm write column=124"
717,718,"VXM.ALU6","decode norm1: x * inverse_rms column=128"
717,718,"VXM.ALU7","decode norm1: RMSNorm BF16 output column=127"
718,719,"MEM.E.Read","decode norm1: RMSNorm x scale column=131"
718,719,"MEM.E.Read","decode norm1: RMSNorm gamma column=131"
718,719,"MEM.E.Read","decode norm1: RMSNorm x scale column=131"
718,719,"MEM.E.Read","decode norm1: RMSNorm gamma column=131"
718,719,"MEM.E.Write","decode norm1: RMSNorm write column=125"
718,719,"MEM.E.Write","decode norm1: RMSNorm write column=125"
718,719,"VXM.ALU6","decode norm1: x * inverse_rms column=129"
718,719,"VXM.ALU7","decode norm1: RMSNorm BF16 output column=128"
719,720,"MEM.E.Read","decode norm1: RMSNorm x scale column=132"
719,720,"MEM.E.Read","decode norm1: RMSNorm gamma column=132"
719,720,"MEM.E.Read","decode norm1: RMSNorm x scale column=132"
719,720,"MEM.E.Read","decode norm1: RMSNorm gamma column=132"
719,720,"MEM.E.Write","decode norm1: RMSNorm write column=126"
719,720,"MEM.E.Write","decode norm1: RMSNorm write column=126"
719,720,"VXM.ALU6","decode norm1: x * inverse_rms column=130"
719,720,"VXM.ALU7","decode norm1: RMSNorm BF16 output column=129"
720,721,"MEM.E.Read","decode norm1: RMSNorm x scale column=133"
720,721,"MEM.E.Read","decode norm1: RMSNorm gamma column=133"
720,721,"MEM.E.Read","decode norm1: RMSNorm x scale column=133"
720,721,"MEM.E.Read","decode norm1: RMSNorm gamma column=133"
720,721,"MEM.E.Write","decode norm1: RMSNorm write column=127"
720,721,"MEM.E.Write","decode norm1: RMSNorm write column=127"
720,721,"VXM.ALU6","decode norm1: x * inverse_rms column=131"
720,721,"VXM.ALU7","decode norm1: RMSNorm BF16 output column=130"
721,722,"MEM.E.Read","decode norm1: RMSNorm x scale column=134"
721,722,"MEM.E.Read","decode norm1: RMSNorm gamma column=134"
721,722,"MEM.E.Read","decode norm1: RMSNorm x scale column=134"
721,722,"MEM.E.Read","decode norm1: RMSNorm gamma column=134"
721,722,"MEM.E.Write","decode norm1: RMSNorm write column=128"
721,722,"MEM.E.Write","decode norm1: RMSNorm write column=128"
721,722,"VXM.ALU6","decode norm1: x * inverse_rms column=132"
721,722,"VXM.ALU7","decode norm1: RMSNorm BF16 output column=131"
722,723,"MEM.E.Read","decode norm1: RMSNorm x scale column=135"
722,723,"MEM.E.Read","decode norm1: RMSNorm gamma column=135"
722,723,"MEM.E.Read","decode norm1: RMSNorm x scale column=135"
722,723,"MEM.E.Read","decode norm1: RMSNorm gamma column=135"
722,723,"MEM.E.Write","decode norm1: RMSNorm write column=129"
722,723,"MEM.E.Write","decode norm1: RMSNorm write column=129"
722,723,"VXM.ALU6","decode norm1: x * inverse_rms column=133"
722,723,"VXM.ALU7","decode norm1: RMSNorm BF16 output column=132"
723,724,"MEM.E.Read","decode norm1: RMSNorm x scale column=136"
723,724,"MEM.E.Read","decode norm1: RMSNorm gamma column=136"
723,724,"MEM.E.Read","decode norm1: RMSNorm x scale column=136"
723,724,"MEM.E.Read","decode norm1: RMSNorm gamma column=136"
723,724,"MEM.E.Write","decode norm1: RMSNorm write column=130"
723,724,"MEM.E.Write","decode norm1: RMSNorm write column=130"
723,724,"VXM.ALU6","decode norm1: x * inverse_rms column=134"
723,724,"VXM.ALU7","decode norm1: RMSNorm BF16 output column=133"
724,725,"MEM.E.Read","decode norm1: RMSNorm x scale column=137"
724,725,"MEM.E.Read","decode norm1: RMSNorm gamma column=137"
724,725,"MEM.E.Read","decode norm1: RMSNorm x scale column=137"
724,725,"MEM.E.Read","decode norm1: RMSNorm gamma column=137"
724,725,"MEM.E.Write","decode norm1: RMSNorm write column=131"
724,725,"MEM.E.Write","decode norm1: RMSNorm write column=131"
724,725,"VXM.ALU6","decode norm1: x * inverse_rms column=135"
724,725,"VXM.ALU7","decode norm1: RMSNorm BF16 output column=134"
725,726,"MEM.E.Read","decode norm1: RMSNorm x scale column=138"
725,726,"MEM.E.Read","decode norm1: RMSNorm gamma column=138"
725,726,"MEM.E.Read","decode norm1: RMSNorm x scale column=138"
725,726,"MEM.E.Read","decode norm1: RMSNorm gamma column=138"
725,726,"MEM.E.Write","decode norm1: RMSNorm write column=132"
725,726,"MEM.E.Write","decode norm1: RMSNorm write column=132"
725,726,"VXM.ALU6","decode norm1: x * inverse_rms column=136"
725,726,"VXM.ALU7","decode norm1: RMSNorm BF16 output column=135"
726,727,"MEM.E.Read","decode norm1: RMSNorm x scale column=139"
726,727,"MEM.E.Read","decode norm1: RMSNorm gamma column=139"
726,727,"MEM.E.Read","decode norm1: RMSNorm x scale column=139"
726,727,"MEM.E.Read","decode norm1: RMSNorm gamma column=139"
726,727,"MEM.E.Write","decode norm1: RMSNorm write column=133"
726,727,"MEM.E.Write","decode norm1: RMSNorm write column=133"
726,727,"VXM.ALU6","decode norm1: x * inverse_rms column=137"
726,727,"VXM.ALU7","decode norm1: RMSNorm BF16 output column=136"
727,728,"MEM.E.Read","decode norm1: RMSNorm x scale column=140"
727,728,"MEM.E.Read","decode norm1: RMSNorm gamma column=140"
727,728,"MEM.E.Read","decode norm1: RMSNorm x scale column=140"
727,728,"MEM.E.Read","decode norm1: RMSNorm gamma column=140"
727,728,"MEM.E.Write","decode norm1: RMSNorm write column=134"
727,728,"MEM.E.Write","decode norm1: RMSNorm write column=134"
727,728,"VXM.ALU6","decode norm1: x * inverse_rms column=138"
727,728,"VXM.ALU7","decode norm1: RMSNorm BF16 output column=137"
728,729,"MEM.E.Read","decode norm1: RMSNorm x scale column=141"
728,729,"MEM.E.Read","decode norm1: RMSNorm gamma column=141"
728,729,"MEM.E.Read","decode norm1: RMSNorm x scale column=141"
728,729,"MEM.E.Read","decode norm1: RMSNorm gamma column=141"
728,729,"MEM.E.Write","decode norm1: RMSNorm write column=135"
728,729,"MEM.E.Write","decode norm1: RMSNorm write column=135"
728,729,"VXM.ALU6","decode norm1: x * inverse_rms column=139"
728,729,"VXM.ALU7","decode norm1: RMSNorm BF16 output column=138"
729,730,"MEM.E.Read","decode norm1: RMSNorm x scale column=142"
729,730,"MEM.E.Read","decode norm1: RMSNorm gamma column=142"
729,730,"MEM.E.Read","decode norm1: RMSNorm x scale column=142"
729,730,"MEM.E.Read","decode norm1: RMSNorm gamma column=142"
729,730,"MEM.E.Write","decode norm1: RMSNorm write column=136"
729,730,"MEM.E.Write","decode norm1: RMSNorm write column=136"
729,730,"VXM.ALU6","decode norm1: x * inverse_rms column=140"
729,730,"VXM.ALU7","decode norm1: RMSNorm BF16 output column=139"
730,731,"MEM.E.Read","decode norm1: RMSNorm x scale column=143"
730,731,"MEM.E.Read","decode norm1: RMSNorm gamma column=143"
730,731,"MEM.E.Read","decode norm1: RMSNorm x scale column=143"
730,731,"MEM.E.Read","decode norm1: RMSNorm gamma column=143"
730,731,"MEM.E.Write","decode norm1: RMSNorm write column=137"
730,731,"MEM.E.Write","decode norm1: RMSNorm write column=137"
730,731,"VXM.ALU6","decode norm1: x * inverse_rms column=141"
730,731,"VXM.ALU7","decode norm1: RMSNorm BF16 output column=140"
731,732,"MEM.E.Read","decode norm1: RMSNorm x scale column=144"
731,732,"MEM.E.Read","decode norm1: RMSNorm gamma column=144"
731,732,"MEM.E.Read","decode norm1: RMSNorm x scale column=144"
731,732,"MEM.E.Read","decode norm1: RMSNorm gamma column=144"
731,732,"MEM.E.Write","decode norm1: RMSNorm write column=138"
731,732,"MEM.E.Write","decode norm1: RMSNorm write column=138"
731,732,"VXM.ALU6","decode norm1: x * inverse_rms column=142"
731,732,"VXM.ALU7","decode norm1: RMSNorm BF16 output column=141"
732,733,"MEM.E.Read","decode norm1: RMSNorm x scale column=145"
732,733,"MEM.E.Read","decode norm1: RMSNorm gamma column=145"
732,733,"MEM.E.Read","decode norm1: RMSNorm x scale column=145"
732,733,"MEM.E.Read","decode norm1: RMSNorm gamma column=145"
732,733,"MEM.E.Write","decode norm1: RMSNorm write column=139"
732,733,"MEM.E.Write","decode norm1: RMSNorm write column=139"
732,733,"VXM.ALU6","decode norm1: x * inverse_rms column=143"
732,733,"VXM.ALU7","decode norm1: RMSNorm BF16 output column=142"
733,734,"MEM.E.Read","decode norm1: RMSNorm x scale column=146"
733,734,"MEM.E.Read","decode norm1: RMSNorm gamma column=146"
733,734,"MEM.E.Read","decode norm1: RMSNorm x scale column=146"
733,734,"MEM.E.Read","decode norm1: RMSNorm gamma column=146"
733,734,"MEM.E.Write","decode norm1: RMSNorm write column=140"
733,734,"MEM.E.Write","decode norm1: RMSNorm write column=140"
733,734,"VXM.ALU6","decode norm1: x * inverse_rms column=144"
733,734,"VXM.ALU7","decode norm1: RMSNorm BF16 output column=143"
734,735,"MEM.E.Read","decode norm1: RMSNorm x scale column=147"
734,735,"MEM.E.Read","decode norm1: RMSNorm gamma column=147"
734,735,"MEM.E.Read","decode norm1: RMSNorm x scale column=147"
734,735,"MEM.E.Read","decode norm1: RMSNorm gamma column=147"
734,735,"MEM.E.Write","decode norm1: RMSNorm write column=141"
734,735,"MEM.E.Write","decode norm1: RMSNorm write column=141"
734,735,"VXM.ALU6","decode norm1: x * inverse_rms column=145"
734,735,"VXM.ALU7","decode norm1: RMSNorm BF16 output column=144"
735,736,"MEM.E.Read","decode norm1: RMSNorm x scale column=148"
735,736,"MEM.E.Read","decode norm1: RMSNorm gamma column=148"
735,736,"MEM.E.Read","decode norm1: RMSNorm x scale column=148"
735,736,"MEM.E.Read","decode norm1: RMSNorm gamma column=148"
735,736,"MEM.E.Write","decode norm1: RMSNorm write column=142"
735,736,"MEM.E.Write","decode norm1: RMSNorm write column=142"
735,736,"VXM.ALU6","decode norm1: x * inverse_rms column=146"
735,736,"VXM.ALU7","decode norm1: RMSNorm BF16 output column=145"
736,737,"MEM.E.Read","decode norm1: RMSNorm x scale column=149"
736,737,"MEM.E.Read","decode norm1: RMSNorm gamma column=149"
736,737,"MEM.E.Read","decode norm1: RMSNorm x scale column=149"
736,737,"MEM.E.Read","decode norm1: RMSNorm gamma column=149"
736,737,"MEM.E.Write","decode norm1: RMSNorm write column=143"
736,737,"MEM.E.Write","decode norm1: RMSNorm write column=143"
736,737,"VXM.ALU6","decode norm1: x * inverse_rms column=147"
736,737,"VXM.ALU7","decode norm1: RMSNorm BF16 output column=146"
737,738,"MEM.E.Read","decode norm1: RMSNorm x scale column=150"
737,738,"MEM.E.Read","decode norm1: RMSNorm gamma column=150"
737,738,"MEM.E.Read","decode norm1: RMSNorm x scale column=150"
737,738,"MEM.E.Read","decode norm1: RMSNorm gamma column=150"
737,738,"MEM.E.Write","decode norm1: RMSNorm write column=144"
737,738,"MEM.E.Write","decode norm1: RMSNorm write column=144"
737,738,"VXM.ALU6","decode norm1: x * inverse_rms column=148"
737,738,"VXM.ALU7","decode norm1: RMSNorm BF16 output column=147"
738,739,"MEM.E.Read","decode norm1: RMSNorm x scale column=151"
738,739,"MEM.E.Read","decode norm1: RMSNorm gamma column=151"
738,739,"MEM.E.Read","decode norm1: RMSNorm x scale column=151"
738,739,"MEM.E.Read","decode norm1: RMSNorm gamma column=151"
738,739,"MEM.E.Write","decode norm1: RMSNorm write column=145"
738,739,"MEM.E.Write","decode norm1: RMSNorm write column=145"
738,739,"VXM.ALU6","decode norm1: x * inverse_rms column=149"
738,739,"VXM.ALU7","decode norm1: RMSNorm BF16 output column=148"
739,740,"MEM.E.Read","decode norm1: RMSNorm x scale column=152"
739,740,"MEM.E.Read","decode norm1: RMSNorm gamma column=152"
739,740,"MEM.E.Read","decode norm1: RMSNorm x scale column=152"
739,740,"MEM.E.Read","decode norm1: RMSNorm gamma column=152"
739,740,"MEM.E.Write","decode norm1: RMSNorm write column=146"
739,740,"MEM.E.Write","decode norm1: RMSNorm write column=146"
739,740,"VXM.ALU6","decode norm1: x * inverse_rms column=150"
739,740,"VXM.ALU7","decode norm1: RMSNorm BF16 output column=149"
740,741,"MEM.E.Read","decode norm1: RMSNorm x scale column=153"
740,741,"MEM.E.Read","decode norm1: RMSNorm gamma column=153"
740,741,"MEM.E.Read","decode norm1: RMSNorm x scale column=153"
740,741,"MEM.E.Read","decode norm1: RMSNorm gamma column=153"
740,741,"MEM.E.Write","decode norm1: RMSNorm write column=147"
740,741,"MEM.E.Write","decode norm1: RMSNorm write column=147"
740,741,"VXM.ALU6","decode norm1: x * inverse_rms column=151"
740,741,"VXM.ALU7","decode norm1: RMSNorm BF16 output column=150"
741,742,"MEM.E.Read","decode norm1: RMSNorm x scale column=154"
741,742,"MEM.E.Read","decode norm1: RMSNorm gamma column=154"
741,742,"MEM.E.Read","decode norm1: RMSNorm x scale column=154"
741,742,"MEM.E.Read","decode norm1: RMSNorm gamma column=154"
741,742,"MEM.E.Write","decode norm1: RMSNorm write column=148"
741,742,"MEM.E.Write","decode norm1: RMSNorm write column=148"
741,742,"VXM.ALU6","decode norm1: x * inverse_rms column=152"
741,742,"VXM.ALU7","decode norm1: RMSNorm BF16 output column=151"
742,743,"MEM.E.Read","decode norm1: RMSNorm x scale column=155"
742,743,"MEM.E.Read","decode norm1: RMSNorm gamma column=155"
742,743,"MEM.E.Read","decode norm1: RMSNorm x scale column=155"
742,743,"MEM.E.Read","decode norm1: RMSNorm gamma column=155"
742,743,"MEM.E.Write","decode norm1: RMSNorm write column=149"
742,743,"MEM.E.Write","decode norm1: RMSNorm write column=149"
742,743,"VXM.ALU6","decode norm1: x * inverse_rms column=153"
742,743,"VXM.ALU7","decode norm1: RMSNorm BF16 output column=152"
743,744,"MEM.E.Read","decode norm1: RMSNorm x scale column=156"
743,744,"MEM.E.Read","decode norm1: RMSNorm gamma column=156"
743,744,"MEM.E.Read","decode norm1: RMSNorm x scale column=156"
743,744,"MEM.E.Read","decode norm1: RMSNorm gamma column=156"
743,744,"MEM.E.Write","decode norm1: RMSNorm write column=150"
743,744,"MEM.E.Write","decode norm1: RMSNorm write column=150"
743,744,"VXM.ALU6","decode norm1: x * inverse_rms column=154"
743,744,"VXM.ALU7","decode norm1: RMSNorm BF16 output column=153"
744,745,"MEM.E.Read","decode norm1: RMSNorm x scale column=157"
744,745,"MEM.E.Read","decode norm1: RMSNorm gamma column=157"
744,745,"MEM.E.Read","decode norm1: RMSNorm x scale column=157"
744,745,"MEM.E.Read","decode norm1: RMSNorm gamma column=157"
744,745,"MEM.E.Write","decode norm1: RMSNorm write column=151"
744,745,"MEM.E.Write","decode norm1: RMSNorm write column=151"
744,745,"VXM.ALU6","decode norm1: x * inverse_rms column=155"
744,745,"VXM.ALU7","decode norm1: RMSNorm BF16 output column=154"
745,746,"MEM.E.Read","decode norm1: RMSNorm x scale column=158"
745,746,"MEM.E.Read","decode norm1: RMSNorm gamma column=158"
745,746,"MEM.E.Read","decode norm1: RMSNorm x scale column=158"
745,746,"MEM.E.Read","decode norm1: RMSNorm gamma column=158"
745,746,"MEM.E.Write","decode norm1: RMSNorm write column=152"
745,746,"MEM.E.Write","decode norm1: RMSNorm write column=152"
745,746,"VXM.ALU6","decode norm1: x * inverse_rms column=156"
745,746,"VXM.ALU7","decode norm1: RMSNorm BF16 output column=155"
746,747,"MEM.E.Read","decode norm1: RMSNorm x scale column=159"
746,747,"MEM.E.Read","decode norm1: RMSNorm gamma column=159"
746,747,"MEM.E.Read","decode norm1: RMSNorm x scale column=159"
746,747,"MEM.E.Read","decode norm1: RMSNorm gamma column=159"
746,747,"MEM.E.Write","decode norm1: RMSNorm write column=153"
746,747,"MEM.E.Write","decode norm1: RMSNorm write column=153"
746,747,"VXM.ALU6","decode norm1: x * inverse_rms column=157"
746,747,"VXM.ALU7","decode norm1: RMSNorm BF16 output column=156"
747,748,"MEM.E.Read","decode norm1: RMSNorm x scale column=160"
747,748,"MEM.E.Read","decode norm1: RMSNorm gamma column=160"
747,748,"MEM.E.Read","decode norm1: RMSNorm x scale column=160"
747,748,"MEM.E.Read","decode norm1: RMSNorm gamma column=160"
747,748,"MEM.E.Write","decode norm1: RMSNorm write column=154"
747,748,"MEM.E.Write","decode norm1: RMSNorm write column=154"
747,748,"VXM.ALU6","decode norm1: x * inverse_rms column=158"
747,748,"VXM.ALU7","decode norm1: RMSNorm BF16 output column=157"
748,749,"MEM.E.Read","decode norm1: RMSNorm x scale column=161"
748,749,"MEM.E.Read","decode norm1: RMSNorm gamma column=161"
748,749,"MEM.E.Read","decode norm1: RMSNorm x scale column=161"
748,749,"MEM.E.Read","decode norm1: RMSNorm gamma column=161"
748,749,"MEM.E.Write","decode norm1: RMSNorm write column=155"
748,749,"MEM.E.Write","decode norm1: RMSNorm write column=155"
748,749,"VXM.ALU6","decode norm1: x * inverse_rms column=159"
748,749,"VXM.ALU7","decode norm1: RMSNorm BF16 output column=158"
749,750,"MEM.E.Read","decode norm1: RMSNorm x scale column=162"
749,750,"MEM.E.Read","decode norm1: RMSNorm gamma column=162"
749,750,"MEM.E.Read","decode norm1: RMSNorm x scale column=162"
749,750,"MEM.E.Read","decode norm1: RMSNorm gamma column=162"
749,750,"MEM.E.Write","decode norm1: RMSNorm write column=156"
749,750,"MEM.E.Write","decode norm1: RMSNorm write column=156"
749,750,"VXM.ALU6","decode norm1: x * inverse_rms column=160"
749,750,"VXM.ALU7","decode norm1: RMSNorm BF16 output column=159"
750,751,"MEM.E.Read","decode norm1: RMSNorm x scale column=163"
750,751,"MEM.E.Read","decode norm1: RMSNorm gamma column=163"
750,751,"MEM.E.Read","decode norm1: RMSNorm x scale column=163"
750,751,"MEM.E.Read","decode norm1: RMSNorm gamma column=163"
750,751,"MEM.E.Write","decode norm1: RMSNorm write column=157"
750,751,"MEM.E.Write","decode norm1: RMSNorm write column=157"
750,751,"VXM.ALU6","decode norm1: x * inverse_rms column=161"
750,751,"VXM.ALU7","decode norm1: RMSNorm BF16 output column=160"
751,752,"MEM.E.Read","decode norm1: RMSNorm x scale column=164"
751,752,"MEM.E.Read","decode norm1: RMSNorm gamma column=164"
751,752,"MEM.E.Read","decode norm1: RMSNorm x scale column=164"
751,752,"MEM.E.Read","decode norm1: RMSNorm gamma column=164"
751,752,"MEM.E.Write","decode norm1: RMSNorm write column=158"
751,752,"MEM.E.Write","decode norm1: RMSNorm write column=158"
751,752,"VXM.ALU6","decode norm1: x * inverse_rms column=162"
751,752,"VXM.ALU7","decode norm1: RMSNorm BF16 output column=161"
752,753,"MEM.E.Read","decode norm1: RMSNorm x scale column=165"
752,753,"MEM.E.Read","decode norm1: RMSNorm gamma column=165"
752,753,"MEM.E.Read","decode norm1: RMSNorm x scale column=165"
752,753,"MEM.E.Read","decode norm1: RMSNorm gamma column=165"
752,753,"MEM.E.Write","decode norm1: RMSNorm write column=159"
752,753,"MEM.E.Write","decode norm1: RMSNorm write column=159"
752,753,"VXM.ALU6","decode norm1: x * inverse_rms column=163"
752,753,"VXM.ALU7","decode norm1: RMSNorm BF16 output column=162"
753,754,"MEM.E.Read","decode norm1: RMSNorm x scale column=166"
753,754,"MEM.E.Read","decode norm1: RMSNorm gamma column=166"
753,754,"MEM.E.Read","decode norm1: RMSNorm x scale column=166"
753,754,"MEM.E.Read","decode norm1: RMSNorm gamma column=166"
753,754,"MEM.E.Write","decode norm1: RMSNorm write column=160"
753,754,"MEM.E.Write","decode norm1: RMSNorm write column=160"
753,754,"VXM.ALU6","decode norm1: x * inverse_rms column=164"
753,754,"VXM.ALU7","decode norm1: RMSNorm BF16 output column=163"
754,755,"MEM.E.Read","decode norm1: RMSNorm x scale column=167"
754,755,"MEM.E.Read","decode norm1: RMSNorm gamma column=167"
754,755,"MEM.E.Read","decode norm1: RMSNorm x scale column=167"
754,755,"MEM.E.Read","decode norm1: RMSNorm gamma column=167"
754,755,"MEM.E.Write","decode norm1: RMSNorm write column=161"
754,755,"MEM.E.Write","decode norm1: RMSNorm write column=161"
754,755,"VXM.ALU6","decode norm1: x * inverse_rms column=165"
754,755,"VXM.ALU7","decode norm1: RMSNorm BF16 output column=164"
755,756,"MEM.E.Read","decode norm1: RMSNorm x scale column=168"
755,756,"MEM.E.Read","decode norm1: RMSNorm gamma column=168"
755,756,"MEM.E.Read","decode norm1: RMSNorm x scale column=168"
755,756,"MEM.E.Read","decode norm1: RMSNorm gamma column=168"
755,756,"MEM.E.Write","decode norm1: RMSNorm write column=162"
755,756,"MEM.E.Write","decode norm1: RMSNorm write column=162"
755,756,"VXM.ALU6","decode norm1: x * inverse_rms column=166"
755,756,"VXM.ALU7","decode norm1: RMSNorm BF16 output column=165"
756,757,"MEM.E.Read","decode norm1: RMSNorm x scale column=169"
756,757,"MEM.E.Read","decode norm1: RMSNorm gamma column=169"
756,757,"MEM.E.Read","decode norm1: RMSNorm x scale column=169"
756,757,"MEM.E.Read","decode norm1: RMSNorm gamma column=169"
756,757,"MEM.E.Write","decode norm1: RMSNorm write column=163"
756,757,"MEM.E.Write","decode norm1: RMSNorm write column=163"
756,757,"VXM.ALU6","decode norm1: x * inverse_rms column=167"
756,757,"VXM.ALU7","decode norm1: RMSNorm BF16 output column=166"
757,758,"MEM.E.Read","decode norm1: RMSNorm x scale column=170"
757,758,"MEM.E.Read","decode norm1: RMSNorm gamma column=170"
757,758,"MEM.E.Read","decode norm1: RMSNorm x scale column=170"
757,758,"MEM.E.Read","decode norm1: RMSNorm gamma column=170"
757,758,"MEM.E.Write","decode norm1: RMSNorm write column=164"
757,758,"MEM.E.Write","decode norm1: RMSNorm write column=164"
757,758,"VXM.ALU6","decode norm1: x * inverse_rms column=168"
757,758,"VXM.ALU7","decode norm1: RMSNorm BF16 output column=167"
758,759,"MEM.E.Read","decode norm1: RMSNorm x scale column=171"
758,759,"MEM.E.Read","decode norm1: RMSNorm gamma column=171"
758,759,"MEM.E.Read","decode norm1: RMSNorm x scale column=171"
758,759,"MEM.E.Read","decode norm1: RMSNorm gamma column=171"
758,759,"MEM.E.Write","decode norm1: RMSNorm write column=165"
758,759,"MEM.E.Write","decode norm1: RMSNorm write column=165"
758,759,"VXM.ALU6","decode norm1: x * inverse_rms column=169"
758,759,"VXM.ALU7","decode norm1: RMSNorm BF16 output column=168"
759,760,"MEM.E.Read","decode norm1: RMSNorm x scale column=172"
759,760,"MEM.E.Read","decode norm1: RMSNorm gamma column=172"
759,760,"MEM.E.Read","decode norm1: RMSNorm x scale column=172"
759,760,"MEM.E.Read","decode norm1: RMSNorm gamma column=172"
759,760,"MEM.E.Write","decode norm1: RMSNorm write column=166"
759,760,"MEM.E.Write","decode norm1: RMSNorm write column=166"
759,760,"VXM.ALU6","decode norm1: x * inverse_rms column=170"
759,760,"VXM.ALU7","decode norm1: RMSNorm BF16 output column=169"
760,761,"MEM.E.Read","decode norm1: RMSNorm x scale column=173"
760,761,"MEM.E.Read","decode norm1: RMSNorm gamma column=173"
760,761,"MEM.E.Read","decode norm1: RMSNorm x scale column=173"
760,761,"MEM.E.Read","decode norm1: RMSNorm gamma column=173"
760,761,"MEM.E.Write","decode norm1: RMSNorm write column=167"
760,761,"MEM.E.Write","decode norm1: RMSNorm write column=167"
760,761,"VXM.ALU6","decode norm1: x * inverse_rms column=171"
760,761,"VXM.ALU7","decode norm1: RMSNorm BF16 output column=170"
761,762,"MEM.E.Read","decode norm1: RMSNorm x scale column=174"
761,762,"MEM.E.Read","decode norm1: RMSNorm gamma column=174"
761,762,"MEM.E.Read","decode norm1: RMSNorm x scale column=174"
761,762,"MEM.E.Read","decode norm1: RMSNorm gamma column=174"
761,762,"MEM.E.Write","decode norm1: RMSNorm write column=168"
761,762,"MEM.E.Write","decode norm1: RMSNorm write column=168"
761,762,"VXM.ALU6","decode norm1: x * inverse_rms column=172"
761,762,"VXM.ALU7","decode norm1: RMSNorm BF16 output column=171"
762,763,"MEM.E.Read","decode norm1: RMSNorm x scale column=175"
762,763,"MEM.E.Read","decode norm1: RMSNorm gamma column=175"
762,763,"MEM.E.Read","decode norm1: RMSNorm x scale column=175"
762,763,"MEM.E.Read","decode norm1: RMSNorm gamma column=175"
762,763,"MEM.E.Write","decode norm1: RMSNorm write column=169"
762,763,"MEM.E.Write","decode norm1: RMSNorm write column=169"
762,763,"VXM.ALU6","decode norm1: x * inverse_rms column=173"
762,763,"VXM.ALU7","decode norm1: RMSNorm BF16 output column=172"
763,764,"MEM.E.Read","decode norm1: RMSNorm x scale column=176"
763,764,"MEM.E.Read","decode norm1: RMSNorm gamma column=176"
763,764,"MEM.E.Read","decode norm1: RMSNorm x scale column=176"
763,764,"MEM.E.Read","decode norm1: RMSNorm gamma column=176"
763,764,"MEM.E.Write","decode norm1: RMSNorm write column=170"
763,764,"MEM.E.Write","decode norm1: RMSNorm write column=170"
763,764,"VXM.ALU6","decode norm1: x * inverse_rms column=174"
763,764,"VXM.ALU7","decode norm1: RMSNorm BF16 output column=173"
764,765,"MEM.E.Read","decode norm1: RMSNorm x scale column=177"
764,765,"MEM.E.Read","decode norm1: RMSNorm gamma column=177"
764,765,"MEM.E.Read","decode norm1: RMSNorm x scale column=177"
764,765,"MEM.E.Read","decode norm1: RMSNorm gamma column=177"
764,765,"MEM.E.Write","decode norm1: RMSNorm write column=171"
764,765,"MEM.E.Write","decode norm1: RMSNorm write column=171"
764,765,"VXM.ALU6","decode norm1: x * inverse_rms column=175"
764,765,"VXM.ALU7","decode norm1: RMSNorm BF16 output column=174"
765,766,"MEM.E.Read","decode norm1: RMSNorm x scale column=178"
765,766,"MEM.E.Read","decode norm1: RMSNorm gamma column=178"
765,766,"MEM.E.Read","decode norm1: RMSNorm x scale column=178"
765,766,"MEM.E.Read","decode norm1: RMSNorm gamma column=178"
765,766,"MEM.E.Write","decode norm1: RMSNorm write column=172"
765,766,"MEM.E.Write","decode norm1: RMSNorm write column=172"
765,766,"VXM.ALU6","decode norm1: x * inverse_rms column=176"
765,766,"VXM.ALU7","decode norm1: RMSNorm BF16 output column=175"
766,767,"MEM.E.Read","decode norm1: RMSNorm x scale column=179"
766,767,"MEM.E.Read","decode norm1: RMSNorm gamma column=179"
766,767,"MEM.E.Read","decode norm1: RMSNorm x scale column=179"
766,767,"MEM.E.Read","decode norm1: RMSNorm gamma column=179"
766,767,"MEM.E.Write","decode norm1: RMSNorm write column=173"
766,767,"MEM.E.Write","decode norm1: RMSNorm write column=173"
766,767,"VXM.ALU6","decode norm1: x * inverse_rms column=177"
766,767,"VXM.ALU7","decode norm1: RMSNorm BF16 output column=176"
767,768,"MEM.E.Read","decode norm1: RMSNorm x scale column=180"
767,768,"MEM.E.Read","decode norm1: RMSNorm gamma column=180"
767,768,"MEM.E.Read","decode norm1: RMSNorm x scale column=180"
767,768,"MEM.E.Read","decode norm1: RMSNorm gamma column=180"
767,768,"MEM.E.Write","decode norm1: RMSNorm write column=174"
767,768,"MEM.E.Write","decode norm1: RMSNorm write column=174"
767,768,"VXM.ALU6","decode norm1: x * inverse_rms column=178"
767,768,"VXM.ALU7","decode norm1: RMSNorm BF16 output column=177"
768,769,"MEM.E.Read","decode norm1: RMSNorm x scale column=181"
768,769,"MEM.E.Read","decode norm1: RMSNorm gamma column=181"
768,769,"MEM.E.Read","decode norm1: RMSNorm x scale column=181"
768,769,"MEM.E.Read","decode norm1: RMSNorm gamma column=181"
768,769,"MEM.E.Write","decode norm1: RMSNorm write column=175"
768,769,"MEM.E.Write","decode norm1: RMSNorm write column=175"
768,769,"VXM.ALU6","decode norm1: x * inverse_rms column=179"
768,769,"VXM.ALU7","decode norm1: RMSNorm BF16 output column=178"
769,770,"MEM.E.Read","decode norm1: RMSNorm x scale column=182"
769,770,"MEM.E.Read","decode norm1: RMSNorm gamma column=182"
769,770,"MEM.E.Read","decode norm1: RMSNorm x scale column=182"
769,770,"MEM.E.Read","decode norm1: RMSNorm gamma column=182"
769,770,"MEM.E.Write","decode norm1: RMSNorm write column=176"
769,770,"MEM.E.Write","decode norm1: RMSNorm write column=176"
769,770,"VXM.ALU6","decode norm1: x * inverse_rms column=180"
769,770,"VXM.ALU7","decode norm1: RMSNorm BF16 output column=179"
770,771,"MEM.E.Read","decode norm1: RMSNorm x scale column=183"
770,771,"MEM.E.Read","decode norm1: RMSNorm gamma column=183"
770,771,"MEM.E.Read","decode norm1: RMSNorm x scale column=183"
770,771,"MEM.E.Read","decode norm1: RMSNorm gamma column=183"
770,771,"MEM.E.Write","decode norm1: RMSNorm write column=177"
770,771,"MEM.E.Write","decode norm1: RMSNorm write column=177"
770,771,"VXM.ALU6","decode norm1: x * inverse_rms column=181"
770,771,"VXM.ALU7","decode norm1: RMSNorm BF16 output column=180"
771,772,"MEM.E.Read","decode norm1: RMSNorm x scale column=184"
771,772,"MEM.E.Read","decode norm1: RMSNorm gamma column=184"
771,772,"MEM.E.Read","decode norm1: RMSNorm x scale column=184"
771,772,"MEM.E.Read","decode norm1: RMSNorm gamma column=184"
771,772,"MEM.E.Write","decode norm1: RMSNorm write column=178"
771,772,"MEM.E.Write","decode norm1: RMSNorm write column=178"
771,772,"VXM.ALU6","decode norm1: x * inverse_rms column=182"
771,772,"VXM.ALU7","decode norm1: RMSNorm BF16 output column=181"
772,773,"MEM.E.Read","decode norm1: RMSNorm x scale column=185"
772,773,"MEM.E.Read","decode norm1: RMSNorm gamma column=185"
772,773,"MEM.E.Read","decode norm1: RMSNorm x scale column=185"
772,773,"MEM.E.Read","decode norm1: RMSNorm gamma column=185"
772,773,"MEM.E.Write","decode norm1: RMSNorm write column=179"
772,773,"MEM.E.Write","decode norm1: RMSNorm write column=179"
772,773,"VXM.ALU6","decode norm1: x * inverse_rms column=183"
772,773,"VXM.ALU7","decode norm1: RMSNorm BF16 output column=182"
773,774,"MEM.E.Read","decode norm1: RMSNorm x scale column=186"
773,774,"MEM.E.Read","decode norm1: RMSNorm gamma column=186"
773,774,"MEM.E.Read","decode norm1: RMSNorm x scale column=186"
773,774,"MEM.E.Read","decode norm1: RMSNorm gamma column=186"
773,774,"MEM.E.Write","decode norm1: RMSNorm write column=180"
773,774,"MEM.E.Write","decode norm1: RMSNorm write column=180"
773,774,"VXM.ALU6","decode norm1: x * inverse_rms column=184"
773,774,"VXM.ALU7","decode norm1: RMSNorm BF16 output column=183"
774,775,"MEM.E.Read","decode norm1: RMSNorm x scale column=187"
774,775,"MEM.E.Read","decode norm1: RMSNorm gamma column=187"
774,775,"MEM.E.Read","decode norm1: RMSNorm x scale column=187"
774,775,"MEM.E.Read","decode norm1: RMSNorm gamma column=187"
774,775,"MEM.E.Write","decode norm1: RMSNorm write column=181"
774,775,"MEM.E.Write","decode norm1: RMSNorm write column=181"
774,775,"VXM.ALU6","decode norm1: x * inverse_rms column=185"
774,775,"VXM.ALU7","decode norm1: RMSNorm BF16 output column=184"
775,776,"MEM.E.Read","decode norm1: RMSNorm x scale column=188"
775,776,"MEM.E.Read","decode norm1: RMSNorm gamma column=188"
775,776,"MEM.E.Read","decode norm1: RMSNorm x scale column=188"
775,776,"MEM.E.Read","decode norm1: RMSNorm gamma column=188"
775,776,"MEM.E.Write","decode norm1: RMSNorm write column=182"
775,776,"MEM.E.Write","decode norm1: RMSNorm write column=182"
775,776,"VXM.ALU6","decode norm1: x * inverse_rms column=186"
775,776,"VXM.ALU7","decode norm1: RMSNorm BF16 output column=185"
776,777,"MEM.E.Read","decode norm1: RMSNorm x scale column=189"
776,777,"MEM.E.Read","decode norm1: RMSNorm gamma column=189"
776,777,"MEM.E.Read","decode norm1: RMSNorm x scale column=189"
776,777,"MEM.E.Read","decode norm1: RMSNorm gamma column=189"
776,777,"MEM.E.Write","decode norm1: RMSNorm write column=183"
776,777,"MEM.E.Write","decode norm1: RMSNorm write column=183"
776,777,"VXM.ALU6","decode norm1: x * inverse_rms column=187"
776,777,"VXM.ALU7","decode norm1: RMSNorm BF16 output column=186"
777,778,"MEM.E.Read","decode norm1: RMSNorm x scale column=190"
777,778,"MEM.E.Read","decode norm1: RMSNorm gamma column=190"
777,778,"MEM.E.Read","decode norm1: RMSNorm x scale column=190"
777,778,"MEM.E.Read","decode norm1: RMSNorm gamma column=190"
777,778,"MEM.E.Write","decode norm1: RMSNorm write column=184"
777,778,"MEM.E.Write","decode norm1: RMSNorm write column=184"
777,778,"VXM.ALU6","decode norm1: x * inverse_rms column=188"
777,778,"VXM.ALU7","decode norm1: RMSNorm BF16 output column=187"
778,779,"MEM.E.Read","decode norm1: RMSNorm x scale column=191"
778,779,"MEM.E.Read","decode norm1: RMSNorm gamma column=191"
778,779,"MEM.E.Read","decode norm1: RMSNorm x scale column=191"
778,779,"MEM.E.Read","decode norm1: RMSNorm gamma column=191"
778,779,"MEM.E.Write","decode norm1: RMSNorm write column=185"
778,779,"MEM.E.Write","decode norm1: RMSNorm write column=185"
778,779,"VXM.ALU6","decode norm1: x * inverse_rms column=189"
778,779,"VXM.ALU7","decode norm1: RMSNorm BF16 output column=188"
779,780,"MEM.E.Read","decode norm1: RMSNorm x scale column=192"
779,780,"MEM.E.Read","decode norm1: RMSNorm gamma column=192"
779,780,"MEM.E.Read","decode norm1: RMSNorm x scale column=192"
779,780,"MEM.E.Read","decode norm1: RMSNorm gamma column=192"
779,780,"MEM.E.Write","decode norm1: RMSNorm write column=186"
779,780,"MEM.E.Write","decode norm1: RMSNorm write column=186"
779,780,"VXM.ALU6","decode norm1: x * inverse_rms column=190"
779,780,"VXM.ALU7","decode norm1: RMSNorm BF16 output column=189"
780,781,"MEM.E.Read","decode norm1: RMSNorm x scale column=193"
780,781,"MEM.E.Read","decode norm1: RMSNorm gamma column=193"
780,781,"MEM.E.Read","decode norm1: RMSNorm x scale column=193"
780,781,"MEM.E.Read","decode norm1: RMSNorm gamma column=193"
780,781,"MEM.E.Write","decode norm1: RMSNorm write column=187"
780,781,"MEM.E.Write","decode norm1: RMSNorm write column=187"
780,781,"VXM.ALU6","decode norm1: x * inverse_rms column=191"
780,781,"VXM.ALU7","decode norm1: RMSNorm BF16 output column=190"
781,782,"MEM.E.Read","decode norm1: RMSNorm x scale column=194"
781,782,"MEM.E.Read","decode norm1: RMSNorm gamma column=194"
781,782,"MEM.E.Read","decode norm1: RMSNorm x scale column=194"
781,782,"MEM.E.Read","decode norm1: RMSNorm gamma column=194"
781,782,"MEM.E.Write","decode norm1: RMSNorm write column=188"
781,782,"MEM.E.Write","decode norm1: RMSNorm write column=188"
781,782,"VXM.ALU6","decode norm1: x * inverse_rms column=192"
781,782,"VXM.ALU7","decode norm1: RMSNorm BF16 output column=191"
782,783,"MEM.E.Read","decode norm1: RMSNorm x scale column=195"
782,783,"MEM.E.Read","decode norm1: RMSNorm gamma column=195"
782,783,"MEM.E.Read","decode norm1: RMSNorm x scale column=195"
782,783,"MEM.E.Read","decode norm1: RMSNorm gamma column=195"
782,783,"MEM.E.Write","decode norm1: RMSNorm write column=189"
782,783,"MEM.E.Write","decode norm1: RMSNorm write column=189"
782,783,"VXM.ALU6","decode norm1: x * inverse_rms column=193"
782,783,"VXM.ALU7","decode norm1: RMSNorm BF16 output column=192"
783,784,"MEM.E.Read","decode norm1: RMSNorm x scale column=196"
783,784,"MEM.E.Read","decode norm1: RMSNorm gamma column=196"
783,784,"MEM.E.Read","decode norm1: RMSNorm x scale column=196"
783,784,"MEM.E.Read","decode norm1: RMSNorm gamma column=196"
783,784,"MEM.E.Write","decode norm1: RMSNorm write column=190"
783,784,"MEM.E.Write","decode norm1: RMSNorm write column=190"
783,784,"VXM.ALU6","decode norm1: x * inverse_rms column=194"
783,784,"VXM.ALU7","decode norm1: RMSNorm BF16 output column=193"
784,785,"MEM.E.Read","decode norm1: RMSNorm x scale column=197"
784,785,"MEM.E.Read","decode norm1: RMSNorm gamma column=197"
784,785,"MEM.E.Read","decode norm1: RMSNorm x scale column=197"
784,785,"MEM.E.Read","decode norm1: RMSNorm gamma column=197"
784,785,"MEM.E.Write","decode norm1: RMSNorm write column=191"
784,785,"MEM.E.Write","decode norm1: RMSNorm write column=191"
784,785,"VXM.ALU6","decode norm1: x * inverse_rms column=195"
784,785,"VXM.ALU7","decode norm1: RMSNorm BF16 output column=194"
785,786,"MEM.E.Read","decode norm1: RMSNorm x scale column=198"
785,786,"MEM.E.Read","decode norm1: RMSNorm gamma column=198"
785,786,"MEM.E.Read","decode norm1: RMSNorm x scale column=198"
785,786,"MEM.E.Read","decode norm1: RMSNorm gamma column=198"
785,786,"MEM.E.Write","decode norm1: RMSNorm write column=192"
785,786,"MEM.E.Write","decode norm1: RMSNorm write column=192"
785,786,"VXM.ALU6","decode norm1: x * inverse_rms column=196"
785,786,"VXM.ALU7","decode norm1: RMSNorm BF16 output column=195"
786,787,"MEM.E.Read","decode norm1: RMSNorm x scale column=199"
786,787,"MEM.E.Read","decode norm1: RMSNorm gamma column=199"
786,787,"MEM.E.Read","decode norm1: RMSNorm x scale column=199"
786,787,"MEM.E.Read","decode norm1: RMSNorm gamma column=199"
786,787,"MEM.E.Write","decode norm1: RMSNorm write column=193"
786,787,"MEM.E.Write","decode norm1: RMSNorm write column=193"
786,787,"VXM.ALU6","decode norm1: x * inverse_rms column=197"
786,787,"VXM.ALU7","decode norm1: RMSNorm BF16 output column=196"
787,788,"MEM.E.Read","decode norm1: RMSNorm x scale column=200"
787,788,"MEM.E.Read","decode norm1: RMSNorm gamma column=200"
787,788,"MEM.E.Read","decode norm1: RMSNorm x scale column=200"
787,788,"MEM.E.Read","decode norm1: RMSNorm gamma column=200"
787,788,"MEM.E.Write","decode norm1: RMSNorm write column=194"
787,788,"MEM.E.Write","decode norm1: RMSNorm write column=194"
787,788,"VXM.ALU6","decode norm1: x * inverse_rms column=198"
787,788,"VXM.ALU7","decode norm1: RMSNorm BF16 output column=197"
788,789,"MEM.E.Read","decode norm1: RMSNorm x scale column=201"
788,789,"MEM.E.Read","decode norm1: RMSNorm gamma column=201"
788,789,"MEM.E.Read","decode norm1: RMSNorm x scale column=201"
788,789,"MEM.E.Read","decode norm1: RMSNorm gamma column=201"
788,789,"MEM.E.Write","decode norm1: RMSNorm write column=195"
788,789,"MEM.E.Write","decode norm1: RMSNorm write column=195"
788,789,"VXM.ALU6","decode norm1: x * inverse_rms column=199"
788,789,"VXM.ALU7","decode norm1: RMSNorm BF16 output column=198"
789,790,"MEM.E.Read","decode norm1: RMSNorm x scale column=202"
789,790,"MEM.E.Read","decode norm1: RMSNorm gamma column=202"
789,790,"MEM.E.Read","decode norm1: RMSNorm x scale column=202"
789,790,"MEM.E.Read","decode norm1: RMSNorm gamma column=202"
789,790,"MEM.E.Write","decode norm1: RMSNorm write column=196"
789,790,"MEM.E.Write","decode norm1: RMSNorm write column=196"
789,790,"VXM.ALU6","decode norm1: x * inverse_rms column=200"
789,790,"VXM.ALU7","decode norm1: RMSNorm BF16 output column=199"
790,791,"MEM.E.Read","decode norm1: RMSNorm x scale column=203"
790,791,"MEM.E.Read","decode norm1: RMSNorm gamma column=203"
790,791,"MEM.E.Read","decode norm1: RMSNorm x scale column=203"
790,791,"MEM.E.Read","decode norm1: RMSNorm gamma column=203"
790,791,"MEM.E.Write","decode norm1: RMSNorm write column=197"
790,791,"MEM.E.Write","decode norm1: RMSNorm write column=197"
790,791,"VXM.ALU6","decode norm1: x * inverse_rms column=201"
790,791,"VXM.ALU7","decode norm1: RMSNorm BF16 output column=200"
791,792,"MEM.E.Read","decode norm1: RMSNorm x scale column=204"
791,792,"MEM.E.Read","decode norm1: RMSNorm gamma column=204"
791,792,"MEM.E.Read","decode norm1: RMSNorm x scale column=204"
791,792,"MEM.E.Read","decode norm1: RMSNorm gamma column=204"
791,792,"MEM.E.Write","decode norm1: RMSNorm write column=198"
791,792,"MEM.E.Write","decode norm1: RMSNorm write column=198"
791,792,"VXM.ALU6","decode norm1: x * inverse_rms column=202"
791,792,"VXM.ALU7","decode norm1: RMSNorm BF16 output column=201"
792,793,"MEM.E.Read","decode norm1: RMSNorm x scale column=205"
792,793,"MEM.E.Read","decode norm1: RMSNorm gamma column=205"
792,793,"MEM.E.Read","decode norm1: RMSNorm x scale column=205"
792,793,"MEM.E.Read","decode norm1: RMSNorm gamma column=205"
792,793,"MEM.E.Write","decode norm1: RMSNorm write column=199"
792,793,"MEM.E.Write","decode norm1: RMSNorm write column=199"
792,793,"VXM.ALU6","decode norm1: x * inverse_rms column=203"
792,793,"VXM.ALU7","decode norm1: RMSNorm BF16 output column=202"
793,794,"MEM.E.Read","decode norm1: RMSNorm x scale column=206"
793,794,"MEM.E.Read","decode norm1: RMSNorm gamma column=206"
793,794,"MEM.E.Read","decode norm1: RMSNorm x scale column=206"
793,794,"MEM.E.Read","decode norm1: RMSNorm gamma column=206"
793,794,"MEM.E.Write","decode norm1: RMSNorm write column=200"
793,794,"MEM.E.Write","decode norm1: RMSNorm write column=200"
793,794,"VXM.ALU6","decode norm1: x * inverse_rms column=204"
793,794,"VXM.ALU7","decode norm1: RMSNorm BF16 output column=203"
794,795,"MEM.E.Read","decode norm1: RMSNorm x scale column=207"
794,795,"MEM.E.Read","decode norm1: RMSNorm gamma column=207"
794,795,"MEM.E.Read","decode norm1: RMSNorm x scale column=207"
794,795,"MEM.E.Read","decode norm1: RMSNorm gamma column=207"
794,795,"MEM.E.Write","decode norm1: RMSNorm write column=201"
794,795,"MEM.E.Write","decode norm1: RMSNorm write column=201"
794,795,"VXM.ALU6","decode norm1: x * inverse_rms column=205"
794,795,"VXM.ALU7","decode norm1: RMSNorm BF16 output column=204"
795,796,"MEM.E.Read","decode norm1: RMSNorm x scale column=208"
795,796,"MEM.E.Read","decode norm1: RMSNorm gamma column=208"
795,796,"MEM.E.Read","decode norm1: RMSNorm x scale column=208"
795,796,"MEM.E.Read","decode norm1: RMSNorm gamma column=208"
795,796,"MEM.E.Write","decode norm1: RMSNorm write column=202"
795,796,"MEM.E.Write","decode norm1: RMSNorm write column=202"
795,796,"VXM.ALU6","decode norm1: x * inverse_rms column=206"
795,796,"VXM.ALU7","decode norm1: RMSNorm BF16 output column=205"
796,797,"MEM.E.Read","decode norm1: RMSNorm x scale column=209"
796,797,"MEM.E.Read","decode norm1: RMSNorm gamma column=209"
796,797,"MEM.E.Read","decode norm1: RMSNorm x scale column=209"
796,797,"MEM.E.Read","decode norm1: RMSNorm gamma column=209"
796,797,"MEM.E.Write","decode norm1: RMSNorm write column=203"
796,797,"MEM.E.Write","decode norm1: RMSNorm write column=203"
796,797,"VXM.ALU6","decode norm1: x * inverse_rms column=207"
796,797,"VXM.ALU7","decode norm1: RMSNorm BF16 output column=206"
797,798,"MEM.E.Read","decode norm1: RMSNorm x scale column=210"
797,798,"MEM.E.Read","decode norm1: RMSNorm gamma column=210"
797,798,"MEM.E.Read","decode norm1: RMSNorm x scale column=210"
797,798,"MEM.E.Read","decode norm1: RMSNorm gamma column=210"
797,798,"MEM.E.Write","decode norm1: RMSNorm write column=204"
797,798,"MEM.E.Write","decode norm1: RMSNorm write column=204"
797,798,"VXM.ALU6","decode norm1: x * inverse_rms column=208"
797,798,"VXM.ALU7","decode norm1: RMSNorm BF16 output column=207"
798,799,"MEM.E.Read","decode norm1: RMSNorm x scale column=211"
798,799,"MEM.E.Read","decode norm1: RMSNorm gamma column=211"
798,799,"MEM.E.Read","decode norm1: RMSNorm x scale column=211"
798,799,"MEM.E.Read","decode norm1: RMSNorm gamma column=211"
798,799,"MEM.E.Write","decode norm1: RMSNorm write column=205"
798,799,"MEM.E.Write","decode norm1: RMSNorm write column=205"
798,799,"VXM.ALU6","decode norm1: x * inverse_rms column=209"
798,799,"VXM.ALU7","decode norm1: RMSNorm BF16 output column=208"
799,800,"MEM.E.Read","decode norm1: RMSNorm x scale column=212"
799,800,"MEM.E.Read","decode norm1: RMSNorm gamma column=212"
799,800,"MEM.E.Read","decode norm1: RMSNorm x scale column=212"
799,800,"MEM.E.Read","decode norm1: RMSNorm gamma column=212"
799,800,"MEM.E.Write","decode norm1: RMSNorm write column=206"
799,800,"MEM.E.Write","decode norm1: RMSNorm write column=206"
799,800,"VXM.ALU6","decode norm1: x * inverse_rms column=210"
799,800,"VXM.ALU7","decode norm1: RMSNorm BF16 output column=209"
800,801,"MEM.E.Read","decode norm1: RMSNorm x scale column=213"
800,801,"MEM.E.Read","decode norm1: RMSNorm gamma column=213"
800,801,"MEM.E.Read","decode norm1: RMSNorm x scale column=213"
800,801,"MEM.E.Read","decode norm1: RMSNorm gamma column=213"
800,801,"MEM.E.Write","decode norm1: RMSNorm write column=207"
800,801,"MEM.E.Write","decode norm1: RMSNorm write column=207"
800,801,"VXM.ALU6","decode norm1: x * inverse_rms column=211"
800,801,"VXM.ALU7","decode norm1: RMSNorm BF16 output column=210"
801,802,"MEM.E.Read","decode norm1: RMSNorm x scale column=214"
801,802,"MEM.E.Read","decode norm1: RMSNorm gamma column=214"
801,802,"MEM.E.Read","decode norm1: RMSNorm x scale column=214"
801,802,"MEM.E.Read","decode norm1: RMSNorm gamma column=214"
801,802,"MEM.E.Write","decode norm1: RMSNorm write column=208"
801,802,"MEM.E.Write","decode norm1: RMSNorm write column=208"
801,802,"VXM.ALU6","decode norm1: x * inverse_rms column=212"
801,802,"VXM.ALU7","decode norm1: RMSNorm BF16 output column=211"
802,803,"MEM.E.Read","decode norm1: RMSNorm x scale column=215"
802,803,"MEM.E.Read","decode norm1: RMSNorm gamma column=215"
802,803,"MEM.E.Read","decode norm1: RMSNorm x scale column=215"
802,803,"MEM.E.Read","decode norm1: RMSNorm gamma column=215"
802,803,"MEM.E.Write","decode norm1: RMSNorm write column=209"
802,803,"MEM.E.Write","decode norm1: RMSNorm write column=209"
802,803,"VXM.ALU6","decode norm1: x * inverse_rms column=213"
802,803,"VXM.ALU7","decode norm1: RMSNorm BF16 output column=212"
803,804,"MEM.E.Read","decode norm1: RMSNorm x scale column=216"
803,804,"MEM.E.Read","decode norm1: RMSNorm gamma column=216"
803,804,"MEM.E.Read","decode norm1: RMSNorm x scale column=216"
803,804,"MEM.E.Read","decode norm1: RMSNorm gamma column=216"
803,804,"MEM.E.Write","decode norm1: RMSNorm write column=210"
803,804,"MEM.E.Write","decode norm1: RMSNorm write column=210"
803,804,"VXM.ALU6","decode norm1: x * inverse_rms column=214"
803,804,"VXM.ALU7","decode norm1: RMSNorm BF16 output column=213"
804,805,"MEM.E.Read","decode norm1: RMSNorm x scale column=217"
804,805,"MEM.E.Read","decode norm1: RMSNorm gamma column=217"
804,805,"MEM.E.Read","decode norm1: RMSNorm x scale column=217"
804,805,"MEM.E.Read","decode norm1: RMSNorm gamma column=217"
804,805,"MEM.E.Write","decode norm1: RMSNorm write column=211"
804,805,"MEM.E.Write","decode norm1: RMSNorm write column=211"
804,805,"VXM.ALU6","decode norm1: x * inverse_rms column=215"
804,805,"VXM.ALU7","decode norm1: RMSNorm BF16 output column=214"
805,806,"MEM.E.Read","decode norm1: RMSNorm x scale column=218"
805,806,"MEM.E.Read","decode norm1: RMSNorm gamma column=218"
805,806,"MEM.E.Read","decode norm1: RMSNorm x scale column=218"
805,806,"MEM.E.Read","decode norm1: RMSNorm gamma column=218"
805,806,"MEM.E.Write","decode norm1: RMSNorm write column=212"
805,806,"MEM.E.Write","decode norm1: RMSNorm write column=212"
805,806,"VXM.ALU6","decode norm1: x * inverse_rms column=216"
805,806,"VXM.ALU7","decode norm1: RMSNorm BF16 output column=215"
806,807,"MEM.E.Read","decode norm1: RMSNorm x scale column=219"
806,807,"MEM.E.Read","decode norm1: RMSNorm gamma column=219"
806,807,"MEM.E.Read","decode norm1: RMSNorm x scale column=219"
806,807,"MEM.E.Read","decode norm1: RMSNorm gamma column=219"
806,807,"MEM.E.Write","decode norm1: RMSNorm write column=213"
806,807,"MEM.E.Write","decode norm1: RMSNorm write column=213"
806,807,"VXM.ALU6","decode norm1: x * inverse_rms column=217"
806,807,"VXM.ALU7","decode norm1: RMSNorm BF16 output column=216"
807,808,"MEM.E.Read","decode norm1: RMSNorm x scale column=220"
807,808,"MEM.E.Read","decode norm1: RMSNorm gamma column=220"
807,808,"MEM.E.Read","decode norm1: RMSNorm x scale column=220"
807,808,"MEM.E.Read","decode norm1: RMSNorm gamma column=220"
807,808,"MEM.E.Write","decode norm1: RMSNorm write column=214"
807,808,"MEM.E.Write","decode norm1: RMSNorm write column=214"
807,808,"VXM.ALU6","decode norm1: x * inverse_rms column=218"
807,808,"VXM.ALU7","decode norm1: RMSNorm BF16 output column=217"
808,809,"MEM.E.Read","decode norm1: RMSNorm x scale column=221"
808,809,"MEM.E.Read","decode norm1: RMSNorm gamma column=221"
808,809,"MEM.E.Read","decode norm1: RMSNorm x scale column=221"
808,809,"MEM.E.Read","decode norm1: RMSNorm gamma column=221"
808,809,"MEM.E.Write","decode norm1: RMSNorm write column=215"
808,809,"MEM.E.Write","decode norm1: RMSNorm write column=215"
808,809,"VXM.ALU6","decode norm1: x * inverse_rms column=219"
808,809,"VXM.ALU7","decode norm1: RMSNorm BF16 output column=218"
809,810,"MEM.E.Read","decode norm1: RMSNorm x scale column=222"
809,810,"MEM.E.Read","decode norm1: RMSNorm gamma column=222"
809,810,"MEM.E.Read","decode norm1: RMSNorm x scale column=222"
809,810,"MEM.E.Read","decode norm1: RMSNorm gamma column=222"
809,810,"MEM.E.Write","decode norm1: RMSNorm write column=216"
809,810,"MEM.E.Write","decode norm1: RMSNorm write column=216"
809,810,"VXM.ALU6","decode norm1: x * inverse_rms column=220"
809,810,"VXM.ALU7","decode norm1: RMSNorm BF16 output column=219"
810,811,"MEM.E.Read","decode norm1: RMSNorm x scale column=223"
810,811,"MEM.E.Read","decode norm1: RMSNorm gamma column=223"
810,811,"MEM.E.Read","decode norm1: RMSNorm x scale column=223"
810,811,"MEM.E.Read","decode norm1: RMSNorm gamma column=223"
810,811,"MEM.E.Write","decode norm1: RMSNorm write column=217"
810,811,"MEM.E.Write","decode norm1: RMSNorm write column=217"
810,811,"VXM.ALU6","decode norm1: x * inverse_rms column=221"
810,811,"VXM.ALU7","decode norm1: RMSNorm BF16 output column=220"
811,812,"MEM.E.Read","decode norm1: RMSNorm x scale column=224"
811,812,"MEM.E.Read","decode norm1: RMSNorm gamma column=224"
811,812,"MEM.E.Read","decode norm1: RMSNorm x scale column=224"
811,812,"MEM.E.Read","decode norm1: RMSNorm gamma column=224"
811,812,"MEM.E.Write","decode norm1: RMSNorm write column=218"
811,812,"MEM.E.Write","decode norm1: RMSNorm write column=218"
811,812,"VXM.ALU6","decode norm1: x * inverse_rms column=222"
811,812,"VXM.ALU7","decode norm1: RMSNorm BF16 output column=221"
812,813,"MEM.E.Read","decode norm1: RMSNorm x scale column=225"
812,813,"MEM.E.Read","decode norm1: RMSNorm gamma column=225"
812,813,"MEM.E.Read","decode norm1: RMSNorm x scale column=225"
812,813,"MEM.E.Read","decode norm1: RMSNorm gamma column=225"
812,813,"MEM.E.Write","decode norm1: RMSNorm write column=219"
812,813,"MEM.E.Write","decode norm1: RMSNorm write column=219"
812,813,"VXM.ALU6","decode norm1: x * inverse_rms column=223"
812,813,"VXM.ALU7","decode norm1: RMSNorm BF16 output column=222"
813,814,"MEM.E.Read","decode norm1: RMSNorm x scale column=226"
813,814,"MEM.E.Read","decode norm1: RMSNorm gamma column=226"
813,814,"MEM.E.Read","decode norm1: RMSNorm x scale column=226"
813,814,"MEM.E.Read","decode norm1: RMSNorm gamma column=226"
813,814,"MEM.E.Write","decode norm1: RMSNorm write column=220"
813,814,"MEM.E.Write","decode norm1: RMSNorm write column=220"
813,814,"VXM.ALU6","decode norm1: x * inverse_rms column=224"
813,814,"VXM.ALU7","decode norm1: RMSNorm BF16 output column=223"
814,815,"MEM.E.Read","decode norm1: RMSNorm x scale column=227"
814,815,"MEM.E.Read","decode norm1: RMSNorm gamma column=227"
814,815,"MEM.E.Read","decode norm1: RMSNorm x scale column=227"
814,815,"MEM.E.Read","decode norm1: RMSNorm gamma column=227"
814,815,"MEM.E.Write","decode norm1: RMSNorm write column=221"
814,815,"MEM.E.Write","decode norm1: RMSNorm write column=221"
814,815,"VXM.ALU6","decode norm1: x * inverse_rms column=225"
814,815,"VXM.ALU7","decode norm1: RMSNorm BF16 output column=224"
815,816,"MEM.E.Read","decode norm1: RMSNorm x scale column=228"
815,816,"MEM.E.Read","decode norm1: RMSNorm gamma column=228"
815,816,"MEM.E.Read","decode norm1: RMSNorm x scale column=228"
815,816,"MEM.E.Read","decode norm1: RMSNorm gamma column=228"
815,816,"MEM.E.Write","decode norm1: RMSNorm write column=222"
815,816,"MEM.E.Write","decode norm1: RMSNorm write column=222"
815,816,"VXM.ALU6","decode norm1: x * inverse_rms column=226"
815,816,"VXM.ALU7","decode norm1: RMSNorm BF16 output column=225"
816,817,"MEM.E.Read","decode norm1: RMSNorm x scale column=229"
816,817,"MEM.E.Read","decode norm1: RMSNorm gamma column=229"
816,817,"MEM.E.Read","decode norm1: RMSNorm x scale column=229"
816,817,"MEM.E.Read","decode norm1: RMSNorm gamma column=229"
816,817,"MEM.E.Write","decode norm1: RMSNorm write column=223"
816,817,"MEM.E.Write","decode norm1: RMSNorm write column=223"
816,817,"VXM.ALU6","decode norm1: x * inverse_rms column=227"
816,817,"VXM.ALU7","decode norm1: RMSNorm BF16 output column=226"
817,818,"MEM.E.Read","decode norm1: RMSNorm x scale column=230"
817,818,"MEM.E.Read","decode norm1: RMSNorm gamma column=230"
817,818,"MEM.E.Read","decode norm1: RMSNorm x scale column=230"
817,818,"MEM.E.Read","decode norm1: RMSNorm gamma column=230"
817,818,"MEM.E.Write","decode norm1: RMSNorm write column=224"
817,818,"MEM.E.Write","decode norm1: RMSNorm write column=224"
817,818,"VXM.ALU6","decode norm1: x * inverse_rms column=228"
817,818,"VXM.ALU7","decode norm1: RMSNorm BF16 output column=227"
818,819,"MEM.E.Read","decode norm1: RMSNorm x scale column=231"
818,819,"MEM.E.Read","decode norm1: RMSNorm gamma column=231"
818,819,"MEM.E.Read","decode norm1: RMSNorm x scale column=231"
818,819,"MEM.E.Read","decode norm1: RMSNorm gamma column=231"
818,819,"MEM.E.Write","decode norm1: RMSNorm write column=225"
818,819,"MEM.E.Write","decode norm1: RMSNorm write column=225"
818,819,"VXM.ALU6","decode norm1: x * inverse_rms column=229"
818,819,"VXM.ALU7","decode norm1: RMSNorm BF16 output column=228"
819,820,"MEM.E.Read","decode norm1: RMSNorm x scale column=232"
819,820,"MEM.E.Read","decode norm1: RMSNorm gamma column=232"
819,820,"MEM.E.Read","decode norm1: RMSNorm x scale column=232"
819,820,"MEM.E.Read","decode norm1: RMSNorm gamma column=232"
819,820,"MEM.E.Write","decode norm1: RMSNorm write column=226"
819,820,"MEM.E.Write","decode norm1: RMSNorm write column=226"
819,820,"VXM.ALU6","decode norm1: x * inverse_rms column=230"
819,820,"VXM.ALU7","decode norm1: RMSNorm BF16 output column=229"
820,821,"MEM.E.Read","decode norm1: RMSNorm x scale column=233"
820,821,"MEM.E.Read","decode norm1: RMSNorm gamma column=233"
820,821,"MEM.E.Read","decode norm1: RMSNorm x scale column=233"
820,821,"MEM.E.Read","decode norm1: RMSNorm gamma column=233"
820,821,"MEM.E.Write","decode norm1: RMSNorm write column=227"
820,821,"MEM.E.Write","decode norm1: RMSNorm write column=227"
820,821,"VXM.ALU6","decode norm1: x * inverse_rms column=231"
820,821,"VXM.ALU7","decode norm1: RMSNorm BF16 output column=230"
821,822,"MEM.E.Read","decode norm1: RMSNorm x scale column=234"
821,822,"MEM.E.Read","decode norm1: RMSNorm gamma column=234"
821,822,"MEM.E.Read","decode norm1: RMSNorm x scale column=234"
821,822,"MEM.E.Read","decode norm1: RMSNorm gamma column=234"
821,822,"MEM.E.Write","decode norm1: RMSNorm write column=228"
821,822,"MEM.E.Write","decode norm1: RMSNorm write column=228"
821,822,"VXM.ALU6","decode norm1: x * inverse_rms column=232"
821,822,"VXM.ALU7","decode norm1: RMSNorm BF16 output column=231"
822,823,"MEM.E.Read","decode norm1: RMSNorm x scale column=235"
822,823,"MEM.E.Read","decode norm1: RMSNorm gamma column=235"
822,823,"MEM.E.Read","decode norm1: RMSNorm x scale column=235"
822,823,"MEM.E.Read","decode norm1: RMSNorm gamma column=235"
822,823,"MEM.E.Write","decode norm1: RMSNorm write column=229"
822,823,"MEM.E.Write","decode norm1: RMSNorm write column=229"
822,823,"VXM.ALU6","decode norm1: x * inverse_rms column=233"
822,823,"VXM.ALU7","decode norm1: RMSNorm BF16 output column=232"
823,824,"MEM.E.Read","decode norm1: RMSNorm x scale column=236"
823,824,"MEM.E.Read","decode norm1: RMSNorm gamma column=236"
823,824,"MEM.E.Read","decode norm1: RMSNorm x scale column=236"
823,824,"MEM.E.Read","decode norm1: RMSNorm gamma column=236"
823,824,"MEM.E.Write","decode norm1: RMSNorm write column=230"
823,824,"MEM.E.Write","decode norm1: RMSNorm write column=230"
823,824,"VXM.ALU6","decode norm1: x * inverse_rms column=234"
823,824,"VXM.ALU7","decode norm1: RMSNorm BF16 output column=233"
824,825,"MEM.E.Read","decode norm1: RMSNorm x scale column=237"
824,825,"MEM.E.Read","decode norm1: RMSNorm gamma column=237"
824,825,"MEM.E.Read","decode norm1: RMSNorm x scale column=237"
824,825,"MEM.E.Read","decode norm1: RMSNorm gamma column=237"
824,825,"MEM.E.Write","decode norm1: RMSNorm write column=231"
824,825,"MEM.E.Write","decode norm1: RMSNorm write column=231"
824,825,"VXM.ALU6","decode norm1: x * inverse_rms column=235"
824,825,"VXM.ALU7","decode norm1: RMSNorm BF16 output column=234"
825,826,"MEM.E.Read","decode norm1: RMSNorm x scale column=238"
825,826,"MEM.E.Read","decode norm1: RMSNorm gamma column=238"
825,826,"MEM.E.Read","decode norm1: RMSNorm x scale column=238"
825,826,"MEM.E.Read","decode norm1: RMSNorm gamma column=238"
825,826,"MEM.E.Write","decode norm1: RMSNorm write column=232"
825,826,"MEM.E.Write","decode norm1: RMSNorm write column=232"
825,826,"VXM.ALU6","decode norm1: x * inverse_rms column=236"
825,826,"VXM.ALU7","decode norm1: RMSNorm BF16 output column=235"
826,827,"MEM.E.Read","decode norm1: RMSNorm x scale column=239"
826,827,"MEM.E.Read","decode norm1: RMSNorm gamma column=239"
826,827,"MEM.E.Read","decode norm1: RMSNorm x scale column=239"
826,827,"MEM.E.Read","decode norm1: RMSNorm gamma column=239"
826,827,"MEM.E.Write","decode norm1: RMSNorm write column=233"
826,827,"MEM.E.Write","decode norm1: RMSNorm write column=233"
826,827,"VXM.ALU6","decode norm1: x * inverse_rms column=237"
826,827,"VXM.ALU7","decode norm1: RMSNorm BF16 output column=236"
827,828,"MEM.E.Read","decode norm1: RMSNorm x scale column=240"
827,828,"MEM.E.Read","decode norm1: RMSNorm gamma column=240"
827,828,"MEM.E.Read","decode norm1: RMSNorm x scale column=240"
827,828,"MEM.E.Read","decode norm1: RMSNorm gamma column=240"
827,828,"MEM.E.Write","decode norm1: RMSNorm write column=234"
827,828,"MEM.E.Write","decode norm1: RMSNorm write column=234"
827,828,"VXM.ALU6","decode norm1: x * inverse_rms column=238"
827,828,"VXM.ALU7","decode norm1: RMSNorm BF16 output column=237"
828,829,"MEM.E.Read","decode norm1: RMSNorm x scale column=241"
828,829,"MEM.E.Read","decode norm1: RMSNorm gamma column=241"
828,829,"MEM.E.Read","decode norm1: RMSNorm x scale column=241"
828,829,"MEM.E.Read","decode norm1: RMSNorm gamma column=241"
828,829,"MEM.E.Write","decode norm1: RMSNorm write column=235"
828,829,"MEM.E.Write","decode norm1: RMSNorm write column=235"
828,829,"VXM.ALU6","decode norm1: x * inverse_rms column=239"
828,829,"VXM.ALU7","decode norm1: RMSNorm BF16 output column=238"
829,830,"MEM.E.Read","decode norm1: RMSNorm x scale column=242"
829,830,"MEM.E.Read","decode norm1: RMSNorm gamma column=242"
829,830,"MEM.E.Read","decode norm1: RMSNorm x scale column=242"
829,830,"MEM.E.Read","decode norm1: RMSNorm gamma column=242"
829,830,"MEM.E.Write","decode norm1: RMSNorm write column=236"
829,830,"MEM.E.Write","decode norm1: RMSNorm write column=236"
829,830,"VXM.ALU6","decode norm1: x * inverse_rms column=240"
829,830,"VXM.ALU7","decode norm1: RMSNorm BF16 output column=239"
830,831,"MEM.E.Read","decode norm1: RMSNorm x scale column=243"
830,831,"MEM.E.Read","decode norm1: RMSNorm gamma column=243"
830,831,"MEM.E.Read","decode norm1: RMSNorm x scale column=243"
830,831,"MEM.E.Read","decode norm1: RMSNorm gamma column=243"
830,831,"MEM.E.Write","decode norm1: RMSNorm write column=237"
830,831,"MEM.E.Write","decode norm1: RMSNorm write column=237"
830,831,"VXM.ALU6","decode norm1: x * inverse_rms column=241"
830,831,"VXM.ALU7","decode norm1: RMSNorm BF16 output column=240"
831,832,"MEM.E.Read","decode norm1: RMSNorm x scale column=244"
831,832,"MEM.E.Read","decode norm1: RMSNorm gamma column=244"
831,832,"MEM.E.Read","decode norm1: RMSNorm x scale column=244"
831,832,"MEM.E.Read","decode norm1: RMSNorm gamma column=244"
831,832,"MEM.E.Write","decode norm1: RMSNorm write column=238"
831,832,"MEM.E.Write","decode norm1: RMSNorm write column=238"
831,832,"VXM.ALU6","decode norm1: x * inverse_rms column=242"
831,832,"VXM.ALU7","decode norm1: RMSNorm BF16 output column=241"
832,833,"MEM.E.Read","decode norm1: RMSNorm x scale column=245"
832,833,"MEM.E.Read","decode norm1: RMSNorm gamma column=245"
832,833,"MEM.E.Read","decode norm1: RMSNorm x scale column=245"
832,833,"MEM.E.Read","decode norm1: RMSNorm gamma column=245"
832,833,"MEM.E.Write","decode norm1: RMSNorm write column=239"
832,833,"MEM.E.Write","decode norm1: RMSNorm write column=239"
832,833,"VXM.ALU6","decode norm1: x * inverse_rms column=243"
832,833,"VXM.ALU7","decode norm1: RMSNorm BF16 output column=242"
833,834,"MEM.E.Read","decode norm1: RMSNorm x scale column=246"
833,834,"MEM.E.Read","decode norm1: RMSNorm gamma column=246"
833,834,"MEM.E.Read","decode norm1: RMSNorm x scale column=246"
833,834,"MEM.E.Read","decode norm1: RMSNorm gamma column=246"
833,834,"MEM.E.Write","decode norm1: RMSNorm write column=240"
833,834,"MEM.E.Write","decode norm1: RMSNorm write column=240"
833,834,"VXM.ALU6","decode norm1: x * inverse_rms column=244"
833,834,"VXM.ALU7","decode norm1: RMSNorm BF16 output column=243"
834,835,"MEM.E.Read","decode norm1: RMSNorm x scale column=247"
834,835,"MEM.E.Read","decode norm1: RMSNorm gamma column=247"
834,835,"MEM.E.Read","decode norm1: RMSNorm x scale column=247"
834,835,"MEM.E.Read","decode norm1: RMSNorm gamma column=247"
834,835,"MEM.E.Write","decode norm1: RMSNorm write column=241"
834,835,"MEM.E.Write","decode norm1: RMSNorm write column=241"
834,835,"VXM.ALU6","decode norm1: x * inverse_rms column=245"
834,835,"VXM.ALU7","decode norm1: RMSNorm BF16 output column=244"
835,836,"MEM.E.Read","decode norm1: RMSNorm x scale column=248"
835,836,"MEM.E.Read","decode norm1: RMSNorm gamma column=248"
835,836,"MEM.E.Read","decode norm1: RMSNorm x scale column=248"
835,836,"MEM.E.Read","decode norm1: RMSNorm gamma column=248"
835,836,"MEM.E.Write","decode norm1: RMSNorm write column=242"
835,836,"MEM.E.Write","decode norm1: RMSNorm write column=242"
835,836,"VXM.ALU6","decode norm1: x * inverse_rms column=246"
835,836,"VXM.ALU7","decode norm1: RMSNorm BF16 output column=245"
836,837,"MEM.E.Read","decode norm1: RMSNorm x scale column=249"
836,837,"MEM.E.Read","decode norm1: RMSNorm gamma column=249"
836,837,"MEM.E.Read","decode norm1: RMSNorm x scale column=249"
836,837,"MEM.E.Read","decode norm1: RMSNorm gamma column=249"
836,837,"MEM.E.Write","decode norm1: RMSNorm write column=243"
836,837,"MEM.E.Write","decode norm1: RMSNorm write column=243"
836,837,"VXM.ALU6","decode norm1: x * inverse_rms column=247"
836,837,"VXM.ALU7","decode norm1: RMSNorm BF16 output column=246"
837,838,"MEM.E.Read","decode norm1: RMSNorm x scale column=250"
837,838,"MEM.E.Read","decode norm1: RMSNorm gamma column=250"
837,838,"MEM.E.Read","decode norm1: RMSNorm x scale column=250"
837,838,"MEM.E.Read","decode norm1: RMSNorm gamma column=250"
837,838,"MEM.E.Write","decode norm1: RMSNorm write column=244"
837,838,"MEM.E.Write","decode norm1: RMSNorm write column=244"
837,838,"VXM.ALU6","decode norm1: x * inverse_rms column=248"
837,838,"VXM.ALU7","decode norm1: RMSNorm BF16 output column=247"
838,839,"MEM.E.Read","decode norm1: RMSNorm x scale column=251"
838,839,"MEM.E.Read","decode norm1: RMSNorm gamma column=251"
838,839,"MEM.E.Read","decode norm1: RMSNorm x scale column=251"
838,839,"MEM.E.Read","decode norm1: RMSNorm gamma column=251"
838,839,"MEM.E.Write","decode norm1: RMSNorm write column=245"
838,839,"MEM.E.Write","decode norm1: RMSNorm write column=245"
838,839,"VXM.ALU6","decode norm1: x * inverse_rms column=249"
838,839,"VXM.ALU7","decode norm1: RMSNorm BF16 output column=248"
839,840,"MEM.E.Read","decode norm1: RMSNorm x scale column=252"
839,840,"MEM.E.Read","decode norm1: RMSNorm gamma column=252"
839,840,"MEM.E.Read","decode norm1: RMSNorm x scale column=252"
839,840,"MEM.E.Read","decode norm1: RMSNorm gamma column=252"
839,840,"MEM.E.Write","decode norm1: RMSNorm write column=246"
839,840,"MEM.E.Write","decode norm1: RMSNorm write column=246"
839,840,"VXM.ALU6","decode norm1: x * inverse_rms column=250"
839,840,"VXM.ALU7","decode norm1: RMSNorm BF16 output column=249"
840,841,"MEM.E.Read","decode norm1: RMSNorm x scale column=253"
840,841,"MEM.E.Read","decode norm1: RMSNorm gamma column=253"
840,841,"MEM.E.Read","decode norm1: RMSNorm x scale column=253"
840,841,"MEM.E.Read","decode norm1: RMSNorm gamma column=253"
840,841,"MEM.E.Write","decode norm1: RMSNorm write column=247"
840,841,"MEM.E.Write","decode norm1: RMSNorm write column=247"
840,841,"VXM.ALU6","decode norm1: x * inverse_rms column=251"
840,841,"VXM.ALU7","decode norm1: RMSNorm BF16 output column=250"
841,842,"MEM.E.Read","decode norm1: RMSNorm x scale column=254"
841,842,"MEM.E.Read","decode norm1: RMSNorm gamma column=254"
841,842,"MEM.E.Read","decode norm1: RMSNorm x scale column=254"
841,842,"MEM.E.Read","decode norm1: RMSNorm gamma column=254"
841,842,"MEM.E.Write","decode norm1: RMSNorm write column=248"
841,842,"MEM.E.Write","decode norm1: RMSNorm write column=248"
841,842,"VXM.ALU6","decode norm1: x * inverse_rms column=252"
841,842,"VXM.ALU7","decode norm1: RMSNorm BF16 output column=251"
842,843,"MEM.E.Read","decode norm1: RMSNorm x scale column=255"
842,843,"MEM.E.Read","decode norm1: RMSNorm gamma column=255"
842,843,"MEM.E.Read","decode norm1: RMSNorm x scale column=255"
842,843,"MEM.E.Read","decode norm1: RMSNorm gamma column=255"
842,843,"MEM.E.Write","decode norm1: RMSNorm write column=249"
842,843,"MEM.E.Write","decode norm1: RMSNorm write column=249"
842,843,"VXM.ALU6","decode norm1: x * inverse_rms column=253"
842,843,"VXM.ALU7","decode norm1: RMSNorm BF16 output column=252"
843,844,"MEM.E.Read","decode norm1: RMSNorm x scale column=256"
843,844,"MEM.E.Read","decode norm1: RMSNorm gamma column=256"
843,844,"MEM.E.Read","decode norm1: RMSNorm x scale column=256"
843,844,"MEM.E.Read","decode norm1: RMSNorm gamma column=256"
843,844,"MEM.E.Write","decode norm1: RMSNorm write column=250"
843,844,"MEM.E.Write","decode norm1: RMSNorm write column=250"
843,844,"VXM.ALU6","decode norm1: x * inverse_rms column=254"
843,844,"VXM.ALU7","decode norm1: RMSNorm BF16 output column=253"
844,845,"MEM.E.Read","decode norm1: RMSNorm x scale column=257"
844,845,"MEM.E.Read","decode norm1: RMSNorm gamma column=257"
844,845,"MEM.E.Read","decode norm1: RMSNorm x scale column=257"
844,845,"MEM.E.Read","decode norm1: RMSNorm gamma column=257"
844,845,"MEM.E.Write","decode norm1: RMSNorm write column=251"
844,845,"MEM.E.Write","decode norm1: RMSNorm write column=251"
844,845,"VXM.ALU6","decode norm1: x * inverse_rms column=255"
844,845,"VXM.ALU7","decode norm1: RMSNorm BF16 output column=254"
845,846,"MEM.E.Read","decode norm1: RMSNorm x scale column=258"
845,846,"MEM.E.Read","decode norm1: RMSNorm gamma column=258"
845,846,"MEM.E.Read","decode norm1: RMSNorm x scale column=258"
845,846,"MEM.E.Read","decode norm1: RMSNorm gamma column=258"
845,846,"MEM.E.Write","decode norm1: RMSNorm write column=252"
845,846,"MEM.E.Write","decode norm1: RMSNorm write column=252"
845,846,"VXM.ALU6","decode norm1: x * inverse_rms column=256"
845,846,"VXM.ALU7","decode norm1: RMSNorm BF16 output column=255"
846,847,"MEM.E.Read","decode norm1: RMSNorm x scale column=259"
846,847,"MEM.E.Read","decode norm1: RMSNorm gamma column=259"
846,847,"MEM.E.Read","decode norm1: RMSNorm x scale column=259"
846,847,"MEM.E.Read","decode norm1: RMSNorm gamma column=259"
846,847,"MEM.E.Write","decode norm1: RMSNorm write column=253"
846,847,"MEM.E.Write","decode norm1: RMSNorm write column=253"
846,847,"VXM.ALU6","decode norm1: x * inverse_rms column=257"
846,847,"VXM.ALU7","decode norm1: RMSNorm BF16 output column=256"
847,848,"MEM.E.Read","decode norm1: RMSNorm x scale column=260"
847,848,"MEM.E.Read","decode norm1: RMSNorm gamma column=260"
847,848,"MEM.E.Read","decode norm1: RMSNorm x scale column=260"
847,848,"MEM.E.Read","decode norm1: RMSNorm gamma column=260"
847,848,"MEM.E.Write","decode norm1: RMSNorm write column=254"
847,848,"MEM.E.Write","decode norm1: RMSNorm write column=254"
847,848,"VXM.ALU6","decode norm1: x * inverse_rms column=258"
847,848,"VXM.ALU7","decode norm1: RMSNorm BF16 output column=257"
848,849,"MEM.E.Read","decode norm1: RMSNorm x scale column=261"
848,849,"MEM.E.Read","decode norm1: RMSNorm gamma column=261"
848,849,"MEM.E.Read","decode norm1: RMSNorm x scale column=261"
848,849,"MEM.E.Read","decode norm1: RMSNorm gamma column=261"
848,849,"MEM.E.Write","decode norm1: RMSNorm write column=255"
848,849,"MEM.E.Write","decode norm1: RMSNorm write column=255"
848,849,"VXM.ALU6","decode norm1: x * inverse_rms column=259"
848,849,"VXM.ALU7","decode norm1: RMSNorm BF16 output column=258"
849,850,"MEM.E.Read","decode norm1: RMSNorm x scale column=262"
849,850,"MEM.E.Read","decode norm1: RMSNorm gamma column=262"
849,850,"MEM.E.Read","decode norm1: RMSNorm x scale column=262"
849,850,"MEM.E.Read","decode norm1: RMSNorm gamma column=262"
849,850,"MEM.E.Write","decode norm1: RMSNorm write column=256"
849,850,"MEM.E.Write","decode norm1: RMSNorm write column=256"
849,850,"VXM.ALU6","decode norm1: x * inverse_rms column=260"
849,850,"VXM.ALU7","decode norm1: RMSNorm BF16 output column=259"
850,851,"MEM.E.Read","decode norm1: RMSNorm x scale column=263"
850,851,"MEM.E.Read","decode norm1: RMSNorm gamma column=263"
850,851,"MEM.E.Read","decode norm1: RMSNorm x scale column=263"
850,851,"MEM.E.Read","decode norm1: RMSNorm gamma column=263"
850,851,"MEM.E.Write","decode norm1: RMSNorm write column=257"
850,851,"MEM.E.Write","decode norm1: RMSNorm write column=257"
850,851,"VXM.ALU6","decode norm1: x * inverse_rms column=261"
850,851,"VXM.ALU7","decode norm1: RMSNorm BF16 output column=260"
851,852,"MEM.E.Read","decode norm1: RMSNorm x scale column=264"
851,852,"MEM.E.Read","decode norm1: RMSNorm gamma column=264"
851,852,"MEM.E.Read","decode norm1: RMSNorm x scale column=264"
851,852,"MEM.E.Read","decode norm1: RMSNorm gamma column=264"
851,852,"MEM.E.Write","decode norm1: RMSNorm write column=258"
851,852,"MEM.E.Write","decode norm1: RMSNorm write column=258"
851,852,"VXM.ALU6","decode norm1: x * inverse_rms column=262"
851,852,"VXM.ALU7","decode norm1: RMSNorm BF16 output column=261"
852,853,"MEM.E.Read","decode norm1: RMSNorm x scale column=265"
852,853,"MEM.E.Read","decode norm1: RMSNorm gamma column=265"
852,853,"MEM.E.Read","decode norm1: RMSNorm x scale column=265"
852,853,"MEM.E.Read","decode norm1: RMSNorm gamma column=265"
852,853,"MEM.E.Write","decode norm1: RMSNorm write column=259"
852,853,"MEM.E.Write","decode norm1: RMSNorm write column=259"
852,853,"VXM.ALU6","decode norm1: x * inverse_rms column=263"
852,853,"VXM.ALU7","decode norm1: RMSNorm BF16 output column=262"
853,854,"MEM.E.Read","decode norm1: RMSNorm x scale column=266"
853,854,"MEM.E.Read","decode norm1: RMSNorm gamma column=266"
853,854,"MEM.E.Read","decode norm1: RMSNorm x scale column=266"
853,854,"MEM.E.Read","decode norm1: RMSNorm gamma column=266"
853,854,"MEM.E.Write","decode norm1: RMSNorm write column=260"
853,854,"MEM.E.Write","decode norm1: RMSNorm write column=260"
853,854,"VXM.ALU6","decode norm1: x * inverse_rms column=264"
853,854,"VXM.ALU7","decode norm1: RMSNorm BF16 output column=263"
854,855,"MEM.E.Read","decode norm1: RMSNorm x scale column=267"
854,855,"MEM.E.Read","decode norm1: RMSNorm gamma column=267"
854,855,"MEM.E.Read","decode norm1: RMSNorm x scale column=267"
854,855,"MEM.E.Read","decode norm1: RMSNorm gamma column=267"
854,855,"MEM.E.Write","decode norm1: RMSNorm write column=261"
854,855,"MEM.E.Write","decode norm1: RMSNorm write column=261"
854,855,"VXM.ALU6","decode norm1: x * inverse_rms column=265"
854,855,"VXM.ALU7","decode norm1: RMSNorm BF16 output column=264"
855,856,"MEM.E.Read","decode norm1: RMSNorm x scale column=268"
855,856,"MEM.E.Read","decode norm1: RMSNorm gamma column=268"
855,856,"MEM.E.Read","decode norm1: RMSNorm x scale column=268"
855,856,"MEM.E.Read","decode norm1: RMSNorm gamma column=268"
855,856,"MEM.E.Write","decode norm1: RMSNorm write column=262"
855,856,"MEM.E.Write","decode norm1: RMSNorm write column=262"
855,856,"VXM.ALU6","decode norm1: x * inverse_rms column=266"
855,856,"VXM.ALU7","decode norm1: RMSNorm BF16 output column=265"
856,857,"MEM.E.Read","decode norm1: RMSNorm x scale column=269"
856,857,"MEM.E.Read","decode norm1: RMSNorm gamma column=269"
856,857,"MEM.E.Read","decode norm1: RMSNorm x scale column=269"
856,857,"MEM.E.Read","decode norm1: RMSNorm gamma column=269"
856,857,"MEM.E.Write","decode norm1: RMSNorm write column=263"
856,857,"MEM.E.Write","decode norm1: RMSNorm write column=263"
856,857,"VXM.ALU6","decode norm1: x * inverse_rms column=267"
856,857,"VXM.ALU7","decode norm1: RMSNorm BF16 output column=266"
857,858,"MEM.E.Read","decode norm1: RMSNorm x scale column=270"
857,858,"MEM.E.Read","decode norm1: RMSNorm gamma column=270"
857,858,"MEM.E.Read","decode norm1: RMSNorm x scale column=270"
857,858,"MEM.E.Read","decode norm1: RMSNorm gamma column=270"
857,858,"MEM.E.Write","decode norm1: RMSNorm write column=264"
857,858,"MEM.E.Write","decode norm1: RMSNorm write column=264"
857,858,"VXM.ALU6","decode norm1: x * inverse_rms column=268"
857,858,"VXM.ALU7","decode norm1: RMSNorm BF16 output column=267"
858,859,"MEM.E.Read","decode norm1: RMSNorm x scale column=271"
858,859,"MEM.E.Read","decode norm1: RMSNorm gamma column=271"
858,859,"MEM.E.Read","decode norm1: RMSNorm x scale column=271"
858,859,"MEM.E.Read","decode norm1: RMSNorm gamma column=271"
858,859,"MEM.E.Write","decode norm1: RMSNorm write column=265"
858,859,"MEM.E.Write","decode norm1: RMSNorm write column=265"
858,859,"VXM.ALU6","decode norm1: x * inverse_rms column=269"
858,859,"VXM.ALU7","decode norm1: RMSNorm BF16 output column=268"
859,860,"MEM.E.Read","decode norm1: RMSNorm x scale column=272"
859,860,"MEM.E.Read","decode norm1: RMSNorm gamma column=272"
859,860,"MEM.E.Read","decode norm1: RMSNorm x scale column=272"
859,860,"MEM.E.Read","decode norm1: RMSNorm gamma column=272"
859,860,"MEM.E.Write","decode norm1: RMSNorm write column=266"
859,860,"MEM.E.Write","decode norm1: RMSNorm write column=266"
859,860,"VXM.ALU6","decode norm1: x * inverse_rms column=270"
859,860,"VXM.ALU7","decode norm1: RMSNorm BF16 output column=269"
860,861,"MEM.E.Read","decode norm1: RMSNorm x scale column=273"
860,861,"MEM.E.Read","decode norm1: RMSNorm gamma column=273"
860,861,"MEM.E.Read","decode norm1: RMSNorm x scale column=273"
860,861,"MEM.E.Read","decode norm1: RMSNorm gamma column=273"
860,861,"MEM.E.Write","decode norm1: RMSNorm write column=267"
860,861,"MEM.E.Write","decode norm1: RMSNorm write column=267"
860,861,"VXM.ALU6","decode norm1: x * inverse_rms column=271"
860,861,"VXM.ALU7","decode norm1: RMSNorm BF16 output column=270"
861,862,"MEM.E.Read","decode norm1: RMSNorm x scale column=274"
861,862,"MEM.E.Read","decode norm1: RMSNorm gamma column=274"
861,862,"MEM.E.Read","decode norm1: RMSNorm x scale column=274"
861,862,"MEM.E.Read","decode norm1: RMSNorm gamma column=274"
861,862,"MEM.E.Write","decode norm1: RMSNorm write column=268"
861,862,"MEM.E.Write","decode norm1: RMSNorm write column=268"
861,862,"VXM.ALU6","decode norm1: x * inverse_rms column=272"
861,862,"VXM.ALU7","decode norm1: RMSNorm BF16 output column=271"
862,863,"MEM.E.Read","decode norm1: RMSNorm x scale column=275"
862,863,"MEM.E.Read","decode norm1: RMSNorm gamma column=275"
862,863,"MEM.E.Read","decode norm1: RMSNorm x scale column=275"
862,863,"MEM.E.Read","decode norm1: RMSNorm gamma column=275"
862,863,"MEM.E.Write","decode norm1: RMSNorm write column=269"
862,863,"MEM.E.Write","decode norm1: RMSNorm write column=269"
862,863,"VXM.ALU6","decode norm1: x * inverse_rms column=273"
862,863,"VXM.ALU7","decode norm1: RMSNorm BF16 output column=272"
863,864,"MEM.E.Read","decode norm1: RMSNorm x scale column=276"
863,864,"MEM.E.Read","decode norm1: RMSNorm gamma column=276"
863,864,"MEM.E.Read","decode norm1: RMSNorm x scale column=276"
863,864,"MEM.E.Read","decode norm1: RMSNorm gamma column=276"
863,864,"MEM.E.Write","decode norm1: RMSNorm write column=270"
863,864,"MEM.E.Write","decode norm1: RMSNorm write column=270"
863,864,"VXM.ALU6","decode norm1: x * inverse_rms column=274"
863,864,"VXM.ALU7","decode norm1: RMSNorm BF16 output column=273"
864,865,"MEM.E.Read","decode norm1: RMSNorm x scale column=277"
864,865,"MEM.E.Read","decode norm1: RMSNorm gamma column=277"
864,865,"MEM.E.Read","decode norm1: RMSNorm x scale column=277"
864,865,"MEM.E.Read","decode norm1: RMSNorm gamma column=277"
864,865,"MEM.E.Write","decode norm1: RMSNorm write column=271"
864,865,"MEM.E.Write","decode norm1: RMSNorm write column=271"
864,865,"VXM.ALU6","decode norm1: x * inverse_rms column=275"
864,865,"VXM.ALU7","decode norm1: RMSNorm BF16 output column=274"
865,866,"MEM.E.Read","decode norm1: RMSNorm x scale column=278"
865,866,"MEM.E.Read","decode norm1: RMSNorm gamma column=278"
865,866,"MEM.E.Read","decode norm1: RMSNorm x scale column=278"
865,866,"MEM.E.Read","decode norm1: RMSNorm gamma column=278"
865,866,"MEM.E.Write","decode norm1: RMSNorm write column=272"
865,866,"MEM.E.Write","decode norm1: RMSNorm write column=272"
865,866,"VXM.ALU6","decode norm1: x * inverse_rms column=276"
865,866,"VXM.ALU7","decode norm1: RMSNorm BF16 output column=275"
866,867,"MEM.E.Read","decode norm1: RMSNorm x scale column=279"
866,867,"MEM.E.Read","decode norm1: RMSNorm gamma column=279"
866,867,"MEM.E.Read","decode norm1: RMSNorm x scale column=279"
866,867,"MEM.E.Read","decode norm1: RMSNorm gamma column=279"
866,867,"MEM.E.Write","decode norm1: RMSNorm write column=273"
866,867,"MEM.E.Write","decode norm1: RMSNorm write column=273"
866,867,"VXM.ALU6","decode norm1: x * inverse_rms column=277"
866,867,"VXM.ALU7","decode norm1: RMSNorm BF16 output column=276"
867,868,"MEM.E.Read","decode norm1: RMSNorm x scale column=280"
867,868,"MEM.E.Read","decode norm1: RMSNorm gamma column=280"
867,868,"MEM.E.Read","decode norm1: RMSNorm x scale column=280"
867,868,"MEM.E.Read","decode norm1: RMSNorm gamma column=280"
867,868,"MEM.E.Write","decode norm1: RMSNorm write column=274"
867,868,"MEM.E.Write","decode norm1: RMSNorm write column=274"
867,868,"VXM.ALU6","decode norm1: x * inverse_rms column=278"
867,868,"VXM.ALU7","decode norm1: RMSNorm BF16 output column=277"
868,869,"MEM.E.Read","decode norm1: RMSNorm x scale column=281"
868,869,"MEM.E.Read","decode norm1: RMSNorm gamma column=281"
868,869,"MEM.E.Read","decode norm1: RMSNorm x scale column=281"
868,869,"MEM.E.Read","decode norm1: RMSNorm gamma column=281"
868,869,"MEM.E.Write","decode norm1: RMSNorm write column=275"
868,869,"MEM.E.Write","decode norm1: RMSNorm write column=275"
868,869,"VXM.ALU6","decode norm1: x * inverse_rms column=279"
868,869,"VXM.ALU7","decode norm1: RMSNorm BF16 output column=278"
869,870,"MEM.E.Read","decode norm1: RMSNorm x scale column=282"
869,870,"MEM.E.Read","decode norm1: RMSNorm gamma column=282"
869,870,"MEM.E.Read","decode norm1: RMSNorm x scale column=282"
869,870,"MEM.E.Read","decode norm1: RMSNorm gamma column=282"
869,870,"MEM.E.Write","decode norm1: RMSNorm write column=276"
869,870,"MEM.E.Write","decode norm1: RMSNorm write column=276"
869,870,"VXM.ALU6","decode norm1: x * inverse_rms column=280"
869,870,"VXM.ALU7","decode norm1: RMSNorm BF16 output column=279"
870,871,"MEM.E.Read","decode norm1: RMSNorm x scale column=283"
870,871,"MEM.E.Read","decode norm1: RMSNorm gamma column=283"
870,871,"MEM.E.Read","decode norm1: RMSNorm x scale column=283"
870,871,"MEM.E.Read","decode norm1: RMSNorm gamma column=283"
870,871,"MEM.E.Write","decode norm1: RMSNorm write column=277"
870,871,"MEM.E.Write","decode norm1: RMSNorm write column=277"
870,871,"VXM.ALU6","decode norm1: x * inverse_rms column=281"
870,871,"VXM.ALU7","decode norm1: RMSNorm BF16 output column=280"
871,872,"MEM.E.Read","decode norm1: RMSNorm x scale column=284"
871,872,"MEM.E.Read","decode norm1: RMSNorm gamma column=284"
871,872,"MEM.E.Read","decode norm1: RMSNorm x scale column=284"
871,872,"MEM.E.Read","decode norm1: RMSNorm gamma column=284"
871,872,"MEM.E.Write","decode norm1: RMSNorm write column=278"
871,872,"MEM.E.Write","decode norm1: RMSNorm write column=278"
871,872,"VXM.ALU6","decode norm1: x * inverse_rms column=282"
871,872,"VXM.ALU7","decode norm1: RMSNorm BF16 output column=281"
872,873,"MEM.E.Read","decode norm1: RMSNorm x scale column=285"
872,873,"MEM.E.Read","decode norm1: RMSNorm gamma column=285"
872,873,"MEM.E.Read","decode norm1: RMSNorm x scale column=285"
872,873,"MEM.E.Read","decode norm1: RMSNorm gamma column=285"
872,873,"MEM.E.Write","decode norm1: RMSNorm write column=279"
872,873,"MEM.E.Write","decode norm1: RMSNorm write column=279"
872,873,"VXM.ALU6","decode norm1: x * inverse_rms column=283"
872,873,"VXM.ALU7","decode norm1: RMSNorm BF16 output column=282"
873,874,"MEM.E.Read","decode norm1: RMSNorm x scale column=286"
873,874,"MEM.E.Read","decode norm1: RMSNorm gamma column=286"
873,874,"MEM.E.Read","decode norm1: RMSNorm x scale column=286"
873,874,"MEM.E.Read","decode norm1: RMSNorm gamma column=286"
873,874,"MEM.E.Write","decode norm1: RMSNorm write column=280"
873,874,"MEM.E.Write","decode norm1: RMSNorm write column=280"
873,874,"VXM.ALU6","decode norm1: x * inverse_rms column=284"
873,874,"VXM.ALU7","decode norm1: RMSNorm BF16 output column=283"
874,875,"MEM.E.Read","decode norm1: RMSNorm x scale column=287"
874,875,"MEM.E.Read","decode norm1: RMSNorm gamma column=287"
874,875,"MEM.E.Read","decode norm1: RMSNorm x scale column=287"
874,875,"MEM.E.Read","decode norm1: RMSNorm gamma column=287"
874,875,"MEM.E.Write","decode norm1: RMSNorm write column=281"
874,875,"MEM.E.Write","decode norm1: RMSNorm write column=281"
874,875,"VXM.ALU6","decode norm1: x * inverse_rms column=285"
874,875,"VXM.ALU7","decode norm1: RMSNorm BF16 output column=284"
875,876,"MEM.E.Read","decode norm1: RMSNorm x scale column=288"
875,876,"MEM.E.Read","decode norm1: RMSNorm gamma column=288"
875,876,"MEM.E.Read","decode norm1: RMSNorm x scale column=288"
875,876,"MEM.E.Read","decode norm1: RMSNorm gamma column=288"
875,876,"MEM.E.Write","decode norm1: RMSNorm write column=282"
875,876,"MEM.E.Write","decode norm1: RMSNorm write column=282"
875,876,"VXM.ALU6","decode norm1: x * inverse_rms column=286"
875,876,"VXM.ALU7","decode norm1: RMSNorm BF16 output column=285"
876,877,"MEM.E.Read","decode norm1: RMSNorm x scale column=289"
876,877,"MEM.E.Read","decode norm1: RMSNorm gamma column=289"
876,877,"MEM.E.Read","decode norm1: RMSNorm x scale column=289"
876,877,"MEM.E.Read","decode norm1: RMSNorm gamma column=289"
876,877,"MEM.E.Write","decode norm1: RMSNorm write column=283"
876,877,"MEM.E.Write","decode norm1: RMSNorm write column=283"
876,877,"VXM.ALU6","decode norm1: x * inverse_rms column=287"
876,877,"VXM.ALU7","decode norm1: RMSNorm BF16 output column=286"
877,878,"MEM.E.Read","decode norm1: RMSNorm x scale column=290"
877,878,"MEM.E.Read","decode norm1: RMSNorm gamma column=290"
877,878,"MEM.E.Read","decode norm1: RMSNorm x scale column=290"
877,878,"MEM.E.Read","decode norm1: RMSNorm gamma column=290"
877,878,"MEM.E.Write","decode norm1: RMSNorm write column=284"
877,878,"MEM.E.Write","decode norm1: RMSNorm write column=284"
877,878,"VXM.ALU6","decode norm1: x * inverse_rms column=288"
877,878,"VXM.ALU7","decode norm1: RMSNorm BF16 output column=287"
878,879,"MEM.E.Read","decode norm1: RMSNorm x scale column=291"
878,879,"MEM.E.Read","decode norm1: RMSNorm gamma column=291"
878,879,"MEM.E.Read","decode norm1: RMSNorm x scale column=291"
878,879,"MEM.E.Read","decode norm1: RMSNorm gamma column=291"
878,879,"MEM.E.Write","decode norm1: RMSNorm write column=285"
878,879,"MEM.E.Write","decode norm1: RMSNorm write column=285"
878,879,"VXM.ALU6","decode norm1: x * inverse_rms column=289"
878,879,"VXM.ALU7","decode norm1: RMSNorm BF16 output column=288"
879,880,"MEM.E.Read","decode norm1: RMSNorm x scale column=292"
879,880,"MEM.E.Read","decode norm1: RMSNorm gamma column=292"
879,880,"MEM.E.Read","decode norm1: RMSNorm x scale column=292"
879,880,"MEM.E.Read","decode norm1: RMSNorm gamma column=292"
879,880,"MEM.E.Write","decode norm1: RMSNorm write column=286"
879,880,"MEM.E.Write","decode norm1: RMSNorm write column=286"
879,880,"VXM.ALU6","decode norm1: x * inverse_rms column=290"
879,880,"VXM.ALU7","decode norm1: RMSNorm BF16 output column=289"
880,881,"MEM.E.Read","decode norm1: RMSNorm x scale column=293"
880,881,"MEM.E.Read","decode norm1: RMSNorm gamma column=293"
880,881,"MEM.E.Read","decode norm1: RMSNorm x scale column=293"
880,881,"MEM.E.Read","decode norm1: RMSNorm gamma column=293"
880,881,"MEM.E.Write","decode norm1: RMSNorm write column=287"
880,881,"MEM.E.Write","decode norm1: RMSNorm write column=287"
880,881,"VXM.ALU6","decode norm1: x * inverse_rms column=291"
880,881,"VXM.ALU7","decode norm1: RMSNorm BF16 output column=290"
881,882,"MEM.E.Read","decode norm1: RMSNorm x scale column=294"
881,882,"MEM.E.Read","decode norm1: RMSNorm gamma column=294"
881,882,"MEM.E.Read","decode norm1: RMSNorm x scale column=294"
881,882,"MEM.E.Read","decode norm1: RMSNorm gamma column=294"
881,882,"MEM.E.Write","decode norm1: RMSNorm write column=288"
881,882,"MEM.E.Write","decode norm1: RMSNorm write column=288"
881,882,"VXM.ALU6","decode norm1: x * inverse_rms column=292"
881,882,"VXM.ALU7","decode norm1: RMSNorm BF16 output column=291"
882,883,"MEM.E.Read","decode norm1: RMSNorm x scale column=295"
882,883,"MEM.E.Read","decode norm1: RMSNorm gamma column=295"
882,883,"MEM.E.Read","decode norm1: RMSNorm x scale column=295"
882,883,"MEM.E.Read","decode norm1: RMSNorm gamma column=295"
882,883,"MEM.E.Write","decode norm1: RMSNorm write column=289"
882,883,"MEM.E.Write","decode norm1: RMSNorm write column=289"
882,883,"VXM.ALU6","decode norm1: x * inverse_rms column=293"
882,883,"VXM.ALU7","decode norm1: RMSNorm BF16 output column=292"
883,884,"MEM.E.Read","decode norm1: RMSNorm x scale column=296"
883,884,"MEM.E.Read","decode norm1: RMSNorm gamma column=296"
883,884,"MEM.E.Read","decode norm1: RMSNorm x scale column=296"
883,884,"MEM.E.Read","decode norm1: RMSNorm gamma column=296"
883,884,"MEM.E.Write","decode norm1: RMSNorm write column=290"
883,884,"MEM.E.Write","decode norm1: RMSNorm write column=290"
883,884,"VXM.ALU6","decode norm1: x * inverse_rms column=294"
883,884,"VXM.ALU7","decode norm1: RMSNorm BF16 output column=293"
884,885,"MEM.E.Read","decode norm1: RMSNorm x scale column=297"
884,885,"MEM.E.Read","decode norm1: RMSNorm gamma column=297"
884,885,"MEM.E.Read","decode norm1: RMSNorm x scale column=297"
884,885,"MEM.E.Read","decode norm1: RMSNorm gamma column=297"
884,885,"MEM.E.Write","decode norm1: RMSNorm write column=291"
884,885,"MEM.E.Write","decode norm1: RMSNorm write column=291"
884,885,"VXM.ALU6","decode norm1: x * inverse_rms column=295"
884,885,"VXM.ALU7","decode norm1: RMSNorm BF16 output column=294"
885,886,"MEM.E.Read","decode norm1: RMSNorm x scale column=298"
885,886,"MEM.E.Read","decode norm1: RMSNorm gamma column=298"
885,886,"MEM.E.Read","decode norm1: RMSNorm x scale column=298"
885,886,"MEM.E.Read","decode norm1: RMSNorm gamma column=298"
885,886,"MEM.E.Write","decode norm1: RMSNorm write column=292"
885,886,"MEM.E.Write","decode norm1: RMSNorm write column=292"
885,886,"VXM.ALU6","decode norm1: x * inverse_rms column=296"
885,886,"VXM.ALU7","decode norm1: RMSNorm BF16 output column=295"
886,887,"MEM.E.Read","decode norm1: RMSNorm x scale column=299"
886,887,"MEM.E.Read","decode norm1: RMSNorm gamma column=299"
886,887,"MEM.E.Read","decode norm1: RMSNorm x scale column=299"
886,887,"MEM.E.Read","decode norm1: RMSNorm gamma column=299"
886,887,"MEM.E.Write","decode norm1: RMSNorm write column=293"
886,887,"MEM.E.Write","decode norm1: RMSNorm write column=293"
886,887,"VXM.ALU6","decode norm1: x * inverse_rms column=297"
886,887,"VXM.ALU7","decode norm1: RMSNorm BF16 output column=296"
887,888,"MEM.E.Read","decode norm1: RMSNorm x scale column=300"
887,888,"MEM.E.Read","decode norm1: RMSNorm gamma column=300"
887,888,"MEM.E.Read","decode norm1: RMSNorm x scale column=300"
887,888,"MEM.E.Read","decode norm1: RMSNorm gamma column=300"
887,888,"MEM.E.Write","decode norm1: RMSNorm write column=294"
887,888,"MEM.E.Write","decode norm1: RMSNorm write column=294"
887,888,"VXM.ALU6","decode norm1: x * inverse_rms column=298"
887,888,"VXM.ALU7","decode norm1: RMSNorm BF16 output column=297"
888,889,"MEM.E.Read","decode norm1: RMSNorm x scale column=301"
888,889,"MEM.E.Read","decode norm1: RMSNorm gamma column=301"
888,889,"MEM.E.Read","decode norm1: RMSNorm x scale column=301"
888,889,"MEM.E.Read","decode norm1: RMSNorm gamma column=301"
888,889,"MEM.E.Write","decode norm1: RMSNorm write column=295"
888,889,"MEM.E.Write","decode norm1: RMSNorm write column=295"
888,889,"VXM.ALU6","decode norm1: x * inverse_rms column=299"
888,889,"VXM.ALU7","decode norm1: RMSNorm BF16 output column=298"
889,890,"MEM.E.Read","decode norm1: RMSNorm x scale column=302"
889,890,"MEM.E.Read","decode norm1: RMSNorm gamma column=302"
889,890,"MEM.E.Read","decode norm1: RMSNorm x scale column=302"
889,890,"MEM.E.Read","decode norm1: RMSNorm gamma column=302"
889,890,"MEM.E.Write","decode norm1: RMSNorm write column=296"
889,890,"MEM.E.Write","decode norm1: RMSNorm write column=296"
889,890,"VXM.ALU6","decode norm1: x * inverse_rms column=300"
889,890,"VXM.ALU7","decode norm1: RMSNorm BF16 output column=299"
890,891,"MEM.E.Read","decode norm1: RMSNorm x scale column=303"
890,891,"MEM.E.Read","decode norm1: RMSNorm gamma column=303"
890,891,"MEM.E.Read","decode norm1: RMSNorm x scale column=303"
890,891,"MEM.E.Read","decode norm1: RMSNorm gamma column=303"
890,891,"MEM.E.Write","decode norm1: RMSNorm write column=297"
890,891,"MEM.E.Write","decode norm1: RMSNorm write column=297"
890,891,"VXM.ALU6","decode norm1: x * inverse_rms column=301"
890,891,"VXM.ALU7","decode norm1: RMSNorm BF16 output column=300"
891,892,"MEM.E.Read","decode norm1: RMSNorm x scale column=304"
891,892,"MEM.E.Read","decode norm1: RMSNorm gamma column=304"
891,892,"MEM.E.Read","decode norm1: RMSNorm x scale column=304"
891,892,"MEM.E.Read","decode norm1: RMSNorm gamma column=304"
891,892,"MEM.E.Write","decode norm1: RMSNorm write column=298"
891,892,"MEM.E.Write","decode norm1: RMSNorm write column=298"
891,892,"VXM.ALU6","decode norm1: x * inverse_rms column=302"
891,892,"VXM.ALU7","decode norm1: RMSNorm BF16 output column=301"
892,893,"MEM.E.Read","decode norm1: RMSNorm x scale column=305"
892,893,"MEM.E.Read","decode norm1: RMSNorm gamma column=305"
892,893,"MEM.E.Read","decode norm1: RMSNorm x scale column=305"
892,893,"MEM.E.Read","decode norm1: RMSNorm gamma column=305"
892,893,"MEM.E.Write","decode norm1: RMSNorm write column=299"
892,893,"MEM.E.Write","decode norm1: RMSNorm write column=299"
892,893,"VXM.ALU6","decode norm1: x * inverse_rms column=303"
892,893,"VXM.ALU7","decode norm1: RMSNorm BF16 output column=302"
893,894,"MEM.E.Read","decode norm1: RMSNorm x scale column=306"
893,894,"MEM.E.Read","decode norm1: RMSNorm gamma column=306"
893,894,"MEM.E.Read","decode norm1: RMSNorm x scale column=306"
893,894,"MEM.E.Read","decode norm1: RMSNorm gamma column=306"
893,894,"MEM.E.Write","decode norm1: RMSNorm write column=300"
893,894,"MEM.E.Write","decode norm1: RMSNorm write column=300"
893,894,"VXM.ALU6","decode norm1: x * inverse_rms column=304"
893,894,"VXM.ALU7","decode norm1: RMSNorm BF16 output column=303"
894,895,"MEM.E.Read","decode norm1: RMSNorm x scale column=307"
894,895,"MEM.E.Read","decode norm1: RMSNorm gamma column=307"
894,895,"MEM.E.Read","decode norm1: RMSNorm x scale column=307"
894,895,"MEM.E.Read","decode norm1: RMSNorm gamma column=307"
894,895,"MEM.E.Write","decode norm1: RMSNorm write column=301"
894,895,"MEM.E.Write","decode norm1: RMSNorm write column=301"
894,895,"VXM.ALU6","decode norm1: x * inverse_rms column=305"
894,895,"VXM.ALU7","decode norm1: RMSNorm BF16 output column=304"
895,896,"MEM.E.Read","decode norm1: RMSNorm x scale column=308"
895,896,"MEM.E.Read","decode norm1: RMSNorm gamma column=308"
895,896,"MEM.E.Read","decode norm1: RMSNorm x scale column=308"
895,896,"MEM.E.Read","decode norm1: RMSNorm gamma column=308"
895,896,"MEM.E.Write","decode norm1: RMSNorm write column=302"
895,896,"MEM.E.Write","decode norm1: RMSNorm write column=302"
895,896,"VXM.ALU6","decode norm1: x * inverse_rms column=306"
895,896,"VXM.ALU7","decode norm1: RMSNorm BF16 output column=305"
896,897,"MEM.E.Read","decode norm1: RMSNorm x scale column=309"
896,897,"MEM.E.Read","decode norm1: RMSNorm gamma column=309"
896,897,"MEM.E.Read","decode norm1: RMSNorm x scale column=309"
896,897,"MEM.E.Read","decode norm1: RMSNorm gamma column=309"
896,897,"MEM.E.Write","decode norm1: RMSNorm write column=303"
896,897,"MEM.E.Write","decode norm1: RMSNorm write column=303"
896,897,"VXM.ALU6","decode norm1: x * inverse_rms column=307"
896,897,"VXM.ALU7","decode norm1: RMSNorm BF16 output column=306"
897,898,"MEM.E.Read","decode norm1: RMSNorm x scale column=310"
897,898,"MEM.E.Read","decode norm1: RMSNorm gamma column=310"
897,898,"MEM.E.Read","decode norm1: RMSNorm x scale column=310"
897,898,"MEM.E.Read","decode norm1: RMSNorm gamma column=310"
897,898,"MEM.E.Write","decode norm1: RMSNorm write column=304"
897,898,"MEM.E.Write","decode norm1: RMSNorm write column=304"
897,898,"VXM.ALU6","decode norm1: x * inverse_rms column=308"
897,898,"VXM.ALU7","decode norm1: RMSNorm BF16 output column=307"
898,899,"MEM.E.Read","decode norm1: RMSNorm x scale column=311"
898,899,"MEM.E.Read","decode norm1: RMSNorm gamma column=311"
898,899,"MEM.E.Read","decode norm1: RMSNorm x scale column=311"
898,899,"MEM.E.Read","decode norm1: RMSNorm gamma column=311"
898,899,"MEM.E.Write","decode norm1: RMSNorm write column=305"
898,899,"MEM.E.Write","decode norm1: RMSNorm write column=305"
898,899,"VXM.ALU6","decode norm1: x * inverse_rms column=309"
898,899,"VXM.ALU7","decode norm1: RMSNorm BF16 output column=308"
899,900,"MEM.E.Read","decode norm1: RMSNorm x scale column=312"
899,900,"MEM.E.Read","decode norm1: RMSNorm gamma column=312"
899,900,"MEM.E.Read","decode norm1: RMSNorm x scale column=312"
899,900,"MEM.E.Read","decode norm1: RMSNorm gamma column=312"
899,900,"MEM.E.Write","decode norm1: RMSNorm write column=306"
899,900,"MEM.E.Write","decode norm1: RMSNorm write column=306"
899,900,"VXM.ALU6","decode norm1: x * inverse_rms column=310"
899,900,"VXM.ALU7","decode norm1: RMSNorm BF16 output column=309"
900,901,"MEM.E.Read","decode norm1: RMSNorm x scale column=313"
900,901,"MEM.E.Read","decode norm1: RMSNorm gamma column=313"
900,901,"MEM.E.Read","decode norm1: RMSNorm x scale column=313"
900,901,"MEM.E.Read","decode norm1: RMSNorm gamma column=313"
900,901,"MEM.E.Write","decode norm1: RMSNorm write column=307"
900,901,"MEM.E.Write","decode norm1: RMSNorm write column=307"
900,901,"VXM.ALU6","decode norm1: x * inverse_rms column=311"
900,901,"VXM.ALU7","decode norm1: RMSNorm BF16 output column=310"
901,902,"MEM.E.Read","decode norm1: RMSNorm x scale column=314"
901,902,"MEM.E.Read","decode norm1: RMSNorm gamma column=314"
901,902,"MEM.E.Read","decode norm1: RMSNorm x scale column=314"
901,902,"MEM.E.Read","decode norm1: RMSNorm gamma column=314"
901,902,"MEM.E.Write","decode norm1: RMSNorm write column=308"
901,902,"MEM.E.Write","decode norm1: RMSNorm write column=308"
901,902,"VXM.ALU6","decode norm1: x * inverse_rms column=312"
901,902,"VXM.ALU7","decode norm1: RMSNorm BF16 output column=311"
902,903,"MEM.E.Read","decode norm1: RMSNorm x scale column=315"
902,903,"MEM.E.Read","decode norm1: RMSNorm gamma column=315"
902,903,"MEM.E.Read","decode norm1: RMSNorm x scale column=315"
902,903,"MEM.E.Read","decode norm1: RMSNorm gamma column=315"
902,903,"MEM.E.Write","decode norm1: RMSNorm write column=309"
902,903,"MEM.E.Write","decode norm1: RMSNorm write column=309"
902,903,"VXM.ALU6","decode norm1: x * inverse_rms column=313"
902,903,"VXM.ALU7","decode norm1: RMSNorm BF16 output column=312"
903,904,"MEM.E.Read","decode norm1: RMSNorm x scale column=316"
903,904,"MEM.E.Read","decode norm1: RMSNorm gamma column=316"
903,904,"MEM.E.Read","decode norm1: RMSNorm x scale column=316"
903,904,"MEM.E.Read","decode norm1: RMSNorm gamma column=316"
903,904,"MEM.E.Write","decode norm1: RMSNorm write column=310"
903,904,"MEM.E.Write","decode norm1: RMSNorm write column=310"
903,904,"VXM.ALU6","decode norm1: x * inverse_rms column=314"
903,904,"VXM.ALU7","decode norm1: RMSNorm BF16 output column=313"
904,905,"MEM.E.Read","decode norm1: RMSNorm x scale column=317"
904,905,"MEM.E.Read","decode norm1: RMSNorm gamma column=317"
904,905,"MEM.E.Read","decode norm1: RMSNorm x scale column=317"
904,905,"MEM.E.Read","decode norm1: RMSNorm gamma column=317"
904,905,"MEM.E.Write","decode norm1: RMSNorm write column=311"
904,905,"MEM.E.Write","decode norm1: RMSNorm write column=311"
904,905,"VXM.ALU6","decode norm1: x * inverse_rms column=315"
904,905,"VXM.ALU7","decode norm1: RMSNorm BF16 output column=314"
905,906,"MEM.E.Read","decode norm1: RMSNorm x scale column=318"
905,906,"MEM.E.Read","decode norm1: RMSNorm gamma column=318"
905,906,"MEM.E.Read","decode norm1: RMSNorm x scale column=318"
905,906,"MEM.E.Read","decode norm1: RMSNorm gamma column=318"
905,906,"MEM.E.Write","decode norm1: RMSNorm write column=312"
905,906,"MEM.E.Write","decode norm1: RMSNorm write column=312"
905,906,"VXM.ALU6","decode norm1: x * inverse_rms column=316"
905,906,"VXM.ALU7","decode norm1: RMSNorm BF16 output column=315"
906,907,"MEM.E.Read","decode norm1: RMSNorm x scale column=319"
906,907,"MEM.E.Read","decode norm1: RMSNorm gamma column=319"
906,907,"MEM.E.Read","decode norm1: RMSNorm x scale column=319"
906,907,"MEM.E.Read","decode norm1: RMSNorm gamma column=319"
906,907,"MEM.E.Write","decode norm1: RMSNorm write column=313"
906,907,"MEM.E.Write","decode norm1: RMSNorm write column=313"
906,907,"VXM.ALU6","decode norm1: x * inverse_rms column=317"
906,907,"VXM.ALU7","decode norm1: RMSNorm BF16 output column=316"
907,908,"MEM.E.Read","decode norm1: RMSNorm x scale column=320"
907,908,"MEM.E.Read","decode norm1: RMSNorm gamma column=320"
907,908,"MEM.E.Read","decode norm1: RMSNorm x scale column=320"
907,908,"MEM.E.Read","decode norm1: RMSNorm gamma column=320"
907,908,"MEM.E.Write","decode norm1: RMSNorm write column=314"
907,908,"MEM.E.Write","decode norm1: RMSNorm write column=314"
907,908,"VXM.ALU6","decode norm1: x * inverse_rms column=318"
907,908,"VXM.ALU7","decode norm1: RMSNorm BF16 output column=317"
908,909,"MEM.E.Read","decode norm1: RMSNorm x scale column=321"
908,909,"MEM.E.Read","decode norm1: RMSNorm gamma column=321"
908,909,"MEM.E.Read","decode norm1: RMSNorm x scale column=321"
908,909,"MEM.E.Read","decode norm1: RMSNorm gamma column=321"
908,909,"MEM.E.Write","decode norm1: RMSNorm write column=315"
908,909,"MEM.E.Write","decode norm1: RMSNorm write column=315"
908,909,"VXM.ALU6","decode norm1: x * inverse_rms column=319"
908,909,"VXM.ALU7","decode norm1: RMSNorm BF16 output column=318"
909,910,"MEM.E.Read","decode norm1: RMSNorm x scale column=322"
909,910,"MEM.E.Read","decode norm1: RMSNorm gamma column=322"
909,910,"MEM.E.Read","decode norm1: RMSNorm x scale column=322"
909,910,"MEM.E.Read","decode norm1: RMSNorm gamma column=322"
909,910,"MEM.E.Write","decode norm1: RMSNorm write column=316"
909,910,"MEM.E.Write","decode norm1: RMSNorm write column=316"
909,910,"VXM.ALU6","decode norm1: x * inverse_rms column=320"
909,910,"VXM.ALU7","decode norm1: RMSNorm BF16 output column=319"
910,911,"MEM.E.Read","decode norm1: RMSNorm x scale column=323"
910,911,"MEM.E.Read","decode norm1: RMSNorm gamma column=323"
910,911,"MEM.E.Read","decode norm1: RMSNorm x scale column=323"
910,911,"MEM.E.Read","decode norm1: RMSNorm gamma column=323"
910,911,"MEM.E.Write","decode norm1: RMSNorm write column=317"
910,911,"MEM.E.Write","decode norm1: RMSNorm write column=317"
910,911,"VXM.ALU6","decode norm1: x * inverse_rms column=321"
910,911,"VXM.ALU7","decode norm1: RMSNorm BF16 output column=320"
911,912,"MEM.E.Read","decode norm1: RMSNorm x scale column=324"
911,912,"MEM.E.Read","decode norm1: RMSNorm gamma column=324"
911,912,"MEM.E.Read","decode norm1: RMSNorm x scale column=324"
911,912,"MEM.E.Read","decode norm1: RMSNorm gamma column=324"
911,912,"MEM.E.Write","decode norm1: RMSNorm write column=318"
911,912,"MEM.E.Write","decode norm1: RMSNorm write column=318"
911,912,"VXM.ALU6","decode norm1: x * inverse_rms column=322"
911,912,"VXM.ALU7","decode norm1: RMSNorm BF16 output column=321"
912,913,"MEM.E.Read","decode norm1: RMSNorm x scale column=325"
912,913,"MEM.E.Read","decode norm1: RMSNorm gamma column=325"
912,913,"MEM.E.Read","decode norm1: RMSNorm x scale column=325"
912,913,"MEM.E.Read","decode norm1: RMSNorm gamma column=325"
912,913,"MEM.E.Write","decode norm1: RMSNorm write column=319"
912,913,"MEM.E.Write","decode norm1: RMSNorm write column=319"
912,913,"VXM.ALU6","decode norm1: x * inverse_rms column=323"
912,913,"VXM.ALU7","decode norm1: RMSNorm BF16 output column=322"
913,914,"MEM.E.Read","decode norm1: RMSNorm x scale column=326"
913,914,"MEM.E.Read","decode norm1: RMSNorm gamma column=326"
913,914,"MEM.E.Read","decode norm1: RMSNorm x scale column=326"
913,914,"MEM.E.Read","decode norm1: RMSNorm gamma column=326"
913,914,"MEM.E.Write","decode norm1: RMSNorm write column=320"
913,914,"MEM.E.Write","decode norm1: RMSNorm write column=320"
913,914,"VXM.ALU6","decode norm1: x * inverse_rms column=324"
913,914,"VXM.ALU7","decode norm1: RMSNorm BF16 output column=323"
914,915,"MEM.E.Read","decode norm1: RMSNorm x scale column=327"
914,915,"MEM.E.Read","decode norm1: RMSNorm gamma column=327"
914,915,"MEM.E.Read","decode norm1: RMSNorm x scale column=327"
914,915,"MEM.E.Read","decode norm1: RMSNorm gamma column=327"
914,915,"MEM.E.Write","decode norm1: RMSNorm write column=321"
914,915,"MEM.E.Write","decode norm1: RMSNorm write column=321"
914,915,"VXM.ALU6","decode norm1: x * inverse_rms column=325"
914,915,"VXM.ALU7","decode norm1: RMSNorm BF16 output column=324"
915,916,"MEM.E.Read","decode norm1: RMSNorm x scale column=328"
915,916,"MEM.E.Read","decode norm1: RMSNorm gamma column=328"
915,916,"MEM.E.Read","decode norm1: RMSNorm x scale column=328"
915,916,"MEM.E.Read","decode norm1: RMSNorm gamma column=328"
915,916,"MEM.E.Write","decode norm1: RMSNorm write column=322"
915,916,"MEM.E.Write","decode norm1: RMSNorm write column=322"
915,916,"VXM.ALU6","decode norm1: x * inverse_rms column=326"
915,916,"VXM.ALU7","decode norm1: RMSNorm BF16 output column=325"
916,917,"MEM.E.Read","decode norm1: RMSNorm x scale column=329"
916,917,"MEM.E.Read","decode norm1: RMSNorm gamma column=329"
916,917,"MEM.E.Read","decode norm1: RMSNorm x scale column=329"
916,917,"MEM.E.Read","decode norm1: RMSNorm gamma column=329"
916,917,"MEM.E.Write","decode norm1: RMSNorm write column=323"
916,917,"MEM.E.Write","decode norm1: RMSNorm write column=323"
916,917,"VXM.ALU6","decode norm1: x * inverse_rms column=327"
916,917,"VXM.ALU7","decode norm1: RMSNorm BF16 output column=326"
917,918,"MEM.E.Read","decode norm1: RMSNorm x scale column=330"
917,918,"MEM.E.Read","decode norm1: RMSNorm gamma column=330"
917,918,"MEM.E.Read","decode norm1: RMSNorm x scale column=330"
917,918,"MEM.E.Read","decode norm1: RMSNorm gamma column=330"
917,918,"MEM.E.Write","decode norm1: RMSNorm write column=324"
917,918,"MEM.E.Write","decode norm1: RMSNorm write column=324"
917,918,"VXM.ALU6","decode norm1: x * inverse_rms column=328"
917,918,"VXM.ALU7","decode norm1: RMSNorm BF16 output column=327"
918,919,"MEM.E.Read","decode norm1: RMSNorm x scale column=331"
918,919,"MEM.E.Read","decode norm1: RMSNorm gamma column=331"
918,919,"MEM.E.Read","decode norm1: RMSNorm x scale column=331"
918,919,"MEM.E.Read","decode norm1: RMSNorm gamma column=331"
918,919,"MEM.E.Write","decode norm1: RMSNorm write column=325"
918,919,"MEM.E.Write","decode norm1: RMSNorm write column=325"
918,919,"VXM.ALU6","decode norm1: x * inverse_rms column=329"
918,919,"VXM.ALU7","decode norm1: RMSNorm BF16 output column=328"
919,920,"MEM.E.Read","decode norm1: RMSNorm x scale column=332"
919,920,"MEM.E.Read","decode norm1: RMSNorm gamma column=332"
919,920,"MEM.E.Read","decode norm1: RMSNorm x scale column=332"
919,920,"MEM.E.Read","decode norm1: RMSNorm gamma column=332"
919,920,"MEM.E.Write","decode norm1: RMSNorm write column=326"
919,920,"MEM.E.Write","decode norm1: RMSNorm write column=326"
919,920,"VXM.ALU6","decode norm1: x * inverse_rms column=330"
919,920,"VXM.ALU7","decode norm1: RMSNorm BF16 output column=329"
920,921,"MEM.E.Read","decode norm1: RMSNorm x scale column=333"
920,921,"MEM.E.Read","decode norm1: RMSNorm gamma column=333"
920,921,"MEM.E.Read","decode norm1: RMSNorm x scale column=333"
920,921,"MEM.E.Read","decode norm1: RMSNorm gamma column=333"
920,921,"MEM.E.Write","decode norm1: RMSNorm write column=327"
920,921,"MEM.E.Write","decode norm1: RMSNorm write column=327"
920,921,"VXM.ALU6","decode norm1: x * inverse_rms column=331"
920,921,"VXM.ALU7","decode norm1: RMSNorm BF16 output column=330"
921,922,"MEM.E.Read","decode norm1: RMSNorm x scale column=334"
921,922,"MEM.E.Read","decode norm1: RMSNorm gamma column=334"
921,922,"MEM.E.Read","decode norm1: RMSNorm x scale column=334"
921,922,"MEM.E.Read","decode norm1: RMSNorm gamma column=334"
921,922,"MEM.E.Write","decode norm1: RMSNorm write column=328"
921,922,"MEM.E.Write","decode norm1: RMSNorm write column=328"
921,922,"VXM.ALU6","decode norm1: x * inverse_rms column=332"
921,922,"VXM.ALU7","decode norm1: RMSNorm BF16 output column=331"
922,923,"MEM.E.Read","decode norm1: RMSNorm x scale column=335"
922,923,"MEM.E.Read","decode norm1: RMSNorm gamma column=335"
922,923,"MEM.E.Read","decode norm1: RMSNorm x scale column=335"
922,923,"MEM.E.Read","decode norm1: RMSNorm gamma column=335"
922,923,"MEM.E.Write","decode norm1: RMSNorm write column=329"
922,923,"MEM.E.Write","decode norm1: RMSNorm write column=329"
922,923,"VXM.ALU6","decode norm1: x * inverse_rms column=333"
922,923,"VXM.ALU7","decode norm1: RMSNorm BF16 output column=332"
923,924,"MEM.E.Read","decode norm1: RMSNorm x scale column=336"
923,924,"MEM.E.Read","decode norm1: RMSNorm gamma column=336"
923,924,"MEM.E.Read","decode norm1: RMSNorm x scale column=336"
923,924,"MEM.E.Read","decode norm1: RMSNorm gamma column=336"
923,924,"MEM.E.Write","decode norm1: RMSNorm write column=330"
923,924,"MEM.E.Write","decode norm1: RMSNorm write column=330"
923,924,"VXM.ALU6","decode norm1: x * inverse_rms column=334"
923,924,"VXM.ALU7","decode norm1: RMSNorm BF16 output column=333"
924,925,"MEM.E.Read","decode norm1: RMSNorm x scale column=337"
924,925,"MEM.E.Read","decode norm1: RMSNorm gamma column=337"
924,925,"MEM.E.Read","decode norm1: RMSNorm x scale column=337"
924,925,"MEM.E.Read","decode norm1: RMSNorm gamma column=337"
924,925,"MEM.E.Write","decode norm1: RMSNorm write column=331"
924,925,"MEM.E.Write","decode norm1: RMSNorm write column=331"
924,925,"VXM.ALU6","decode norm1: x * inverse_rms column=335"
924,925,"VXM.ALU7","decode norm1: RMSNorm BF16 output column=334"
925,926,"MEM.E.Read","decode norm1: RMSNorm x scale column=338"
925,926,"MEM.E.Read","decode norm1: RMSNorm gamma column=338"
925,926,"MEM.E.Read","decode norm1: RMSNorm x scale column=338"
925,926,"MEM.E.Read","decode norm1: RMSNorm gamma column=338"
925,926,"MEM.E.Write","decode norm1: RMSNorm write column=332"
925,926,"MEM.E.Write","decode norm1: RMSNorm write column=332"
925,926,"VXM.ALU6","decode norm1: x * inverse_rms column=336"
925,926,"VXM.ALU7","decode norm1: RMSNorm BF16 output column=335"
926,927,"MEM.E.Read","decode norm1: RMSNorm x scale column=339"
926,927,"MEM.E.Read","decode norm1: RMSNorm gamma column=339"
926,927,"MEM.E.Read","decode norm1: RMSNorm x scale column=339"
926,927,"MEM.E.Read","decode norm1: RMSNorm gamma column=339"
926,927,"MEM.E.Write","decode norm1: RMSNorm write column=333"
926,927,"MEM.E.Write","decode norm1: RMSNorm write column=333"
926,927,"VXM.ALU6","decode norm1: x * inverse_rms column=337"
926,927,"VXM.ALU7","decode norm1: RMSNorm BF16 output column=336"
927,928,"MEM.E.Read","decode norm1: RMSNorm x scale column=340"
927,928,"MEM.E.Read","decode norm1: RMSNorm gamma column=340"
927,928,"MEM.E.Read","decode norm1: RMSNorm x scale column=340"
927,928,"MEM.E.Read","decode norm1: RMSNorm gamma column=340"
927,928,"MEM.E.Write","decode norm1: RMSNorm write column=334"
927,928,"MEM.E.Write","decode norm1: RMSNorm write column=334"
927,928,"VXM.ALU6","decode norm1: x * inverse_rms column=338"
927,928,"VXM.ALU7","decode norm1: RMSNorm BF16 output column=337"
928,929,"MEM.E.Read","decode norm1: RMSNorm x scale column=341"
928,929,"MEM.E.Read","decode norm1: RMSNorm gamma column=341"
928,929,"MEM.E.Read","decode norm1: RMSNorm x scale column=341"
928,929,"MEM.E.Read","decode norm1: RMSNorm gamma column=341"
928,929,"MEM.E.Write","decode norm1: RMSNorm write column=335"
928,929,"MEM.E.Write","decode norm1: RMSNorm write column=335"
928,929,"VXM.ALU6","decode norm1: x * inverse_rms column=339"
928,929,"VXM.ALU7","decode norm1: RMSNorm BF16 output column=338"
929,930,"MEM.E.Read","decode norm1: RMSNorm x scale column=342"
929,930,"MEM.E.Read","decode norm1: RMSNorm gamma column=342"
929,930,"MEM.E.Read","decode norm1: RMSNorm x scale column=342"
929,930,"MEM.E.Read","decode norm1: RMSNorm gamma column=342"
929,930,"MEM.E.Write","decode norm1: RMSNorm write column=336"
929,930,"MEM.E.Write","decode norm1: RMSNorm write column=336"
929,930,"VXM.ALU6","decode norm1: x * inverse_rms column=340"
929,930,"VXM.ALU7","decode norm1: RMSNorm BF16 output column=339"
930,931,"MEM.E.Read","decode norm1: RMSNorm x scale column=343"
930,931,"MEM.E.Read","decode norm1: RMSNorm gamma column=343"
930,931,"MEM.E.Read","decode norm1: RMSNorm x scale column=343"
930,931,"MEM.E.Read","decode norm1: RMSNorm gamma column=343"
930,931,"MEM.E.Write","decode norm1: RMSNorm write column=337"
930,931,"MEM.E.Write","decode norm1: RMSNorm write column=337"
930,931,"VXM.ALU6","decode norm1: x * inverse_rms column=341"
930,931,"VXM.ALU7","decode norm1: RMSNorm BF16 output column=340"
931,932,"MEM.E.Read","decode norm1: RMSNorm x scale column=344"
931,932,"MEM.E.Read","decode norm1: RMSNorm gamma column=344"
931,932,"MEM.E.Read","decode norm1: RMSNorm x scale column=344"
931,932,"MEM.E.Read","decode norm1: RMSNorm gamma column=344"
931,932,"MEM.E.Write","decode norm1: RMSNorm write column=338"
931,932,"MEM.E.Write","decode norm1: RMSNorm write column=338"
931,932,"VXM.ALU6","decode norm1: x * inverse_rms column=342"
931,932,"VXM.ALU7","decode norm1: RMSNorm BF16 output column=341"
932,933,"MEM.E.Read","decode norm1: RMSNorm x scale column=345"
932,933,"MEM.E.Read","decode norm1: RMSNorm gamma column=345"
932,933,"MEM.E.Read","decode norm1: RMSNorm x scale column=345"
932,933,"MEM.E.Read","decode norm1: RMSNorm gamma column=345"
932,933,"MEM.E.Write","decode norm1: RMSNorm write column=339"
932,933,"MEM.E.Write","decode norm1: RMSNorm write column=339"
932,933,"VXM.ALU6","decode norm1: x * inverse_rms column=343"
932,933,"VXM.ALU7","decode norm1: RMSNorm BF16 output column=342"
933,934,"MEM.E.Read","decode norm1: RMSNorm x scale column=346"
933,934,"MEM.E.Read","decode norm1: RMSNorm gamma column=346"
933,934,"MEM.E.Read","decode norm1: RMSNorm x scale column=346"
933,934,"MEM.E.Read","decode norm1: RMSNorm gamma column=346"
933,934,"MEM.E.Write","decode norm1: RMSNorm write column=340"
933,934,"MEM.E.Write","decode norm1: RMSNorm write column=340"
933,934,"VXM.ALU6","decode norm1: x * inverse_rms column=344"
933,934,"VXM.ALU7","decode norm1: RMSNorm BF16 output column=343"
934,935,"MEM.E.Read","decode norm1: RMSNorm x scale column=347"
934,935,"MEM.E.Read","decode norm1: RMSNorm gamma column=347"
934,935,"MEM.E.Read","decode norm1: RMSNorm x scale column=347"
934,935,"MEM.E.Read","decode norm1: RMSNorm gamma column=347"
934,935,"MEM.E.Write","decode norm1: RMSNorm write column=341"
934,935,"MEM.E.Write","decode norm1: RMSNorm write column=341"
934,935,"VXM.ALU6","decode norm1: x * inverse_rms column=345"
934,935,"VXM.ALU7","decode norm1: RMSNorm BF16 output column=344"
935,936,"MEM.E.Read","decode norm1: RMSNorm x scale column=348"
935,936,"MEM.E.Read","decode norm1: RMSNorm gamma column=348"
935,936,"MEM.E.Read","decode norm1: RMSNorm x scale column=348"
935,936,"MEM.E.Read","decode norm1: RMSNorm gamma column=348"
935,936,"MEM.E.Write","decode norm1: RMSNorm write column=342"
935,936,"MEM.E.Write","decode norm1: RMSNorm write column=342"
935,936,"VXM.ALU6","decode norm1: x * inverse_rms column=346"
935,936,"VXM.ALU7","decode norm1: RMSNorm BF16 output column=345"
936,937,"MEM.E.Read","decode norm1: RMSNorm x scale column=349"
936,937,"MEM.E.Read","decode norm1: RMSNorm gamma column=349"
936,937,"MEM.E.Read","decode norm1: RMSNorm x scale column=349"
936,937,"MEM.E.Read","decode norm1: RMSNorm gamma column=349"
936,937,"MEM.E.Write","decode norm1: RMSNorm write column=343"
936,937,"MEM.E.Write","decode norm1: RMSNorm write column=343"
936,937,"VXM.ALU6","decode norm1: x * inverse_rms column=347"
936,937,"VXM.ALU7","decode norm1: RMSNorm BF16 output column=346"
937,938,"MEM.E.Read","decode norm1: RMSNorm x scale column=350"
937,938,"MEM.E.Read","decode norm1: RMSNorm gamma column=350"
937,938,"MEM.E.Read","decode norm1: RMSNorm x scale column=350"
937,938,"MEM.E.Read","decode norm1: RMSNorm gamma column=350"
937,938,"MEM.E.Write","decode norm1: RMSNorm write column=344"
937,938,"MEM.E.Write","decode norm1: RMSNorm write column=344"
937,938,"VXM.ALU6","decode norm1: x * inverse_rms column=348"
937,938,"VXM.ALU7","decode norm1: RMSNorm BF16 output column=347"
938,939,"MEM.E.Read","decode norm1: RMSNorm x scale column=351"
938,939,"MEM.E.Read","decode norm1: RMSNorm gamma column=351"
938,939,"MEM.E.Read","decode norm1: RMSNorm x scale column=351"
938,939,"MEM.E.Read","decode norm1: RMSNorm gamma column=351"
938,939,"MEM.E.Write","decode norm1: RMSNorm write column=345"
938,939,"MEM.E.Write","decode norm1: RMSNorm write column=345"
938,939,"VXM.ALU6","decode norm1: x * inverse_rms column=349"
938,939,"VXM.ALU7","decode norm1: RMSNorm BF16 output column=348"
939,940,"MEM.E.Read","decode norm1: RMSNorm x scale column=352"
939,940,"MEM.E.Read","decode norm1: RMSNorm gamma column=352"
939,940,"MEM.E.Read","decode norm1: RMSNorm x scale column=352"
939,940,"MEM.E.Read","decode norm1: RMSNorm gamma column=352"
939,940,"MEM.E.Write","decode norm1: RMSNorm write column=346"
939,940,"MEM.E.Write","decode norm1: RMSNorm write column=346"
939,940,"VXM.ALU6","decode norm1: x * inverse_rms column=350"
939,940,"VXM.ALU7","decode norm1: RMSNorm BF16 output column=349"
940,941,"MEM.E.Read","decode norm1: RMSNorm x scale column=353"
940,941,"MEM.E.Read","decode norm1: RMSNorm gamma column=353"
940,941,"MEM.E.Read","decode norm1: RMSNorm x scale column=353"
940,941,"MEM.E.Read","decode norm1: RMSNorm gamma column=353"
940,941,"MEM.E.Write","decode norm1: RMSNorm write column=347"
940,941,"MEM.E.Write","decode norm1: RMSNorm write column=347"
940,941,"VXM.ALU6","decode norm1: x * inverse_rms column=351"
940,941,"VXM.ALU7","decode norm1: RMSNorm BF16 output column=350"
941,942,"MEM.E.Read","decode norm1: RMSNorm x scale column=354"
941,942,"MEM.E.Read","decode norm1: RMSNorm gamma column=354"
941,942,"MEM.E.Read","decode norm1: RMSNorm x scale column=354"
941,942,"MEM.E.Read","decode norm1: RMSNorm gamma column=354"
941,942,"MEM.E.Write","decode norm1: RMSNorm write column=348"
941,942,"MEM.E.Write","decode norm1: RMSNorm write column=348"
941,942,"VXM.ALU6","decode norm1: x * inverse_rms column=352"
941,942,"VXM.ALU7","decode norm1: RMSNorm BF16 output column=351"
942,943,"MEM.E.Read","decode norm1: RMSNorm x scale column=355"
942,943,"MEM.E.Read","decode norm1: RMSNorm gamma column=355"
942,943,"MEM.E.Read","decode norm1: RMSNorm x scale column=355"
942,943,"MEM.E.Read","decode norm1: RMSNorm gamma column=355"
942,943,"MEM.E.Write","decode norm1: RMSNorm write column=349"
942,943,"MEM.E.Write","decode norm1: RMSNorm write column=349"
942,943,"VXM.ALU6","decode norm1: x * inverse_rms column=353"
942,943,"VXM.ALU7","decode norm1: RMSNorm BF16 output column=352"
943,944,"MEM.E.Read","decode norm1: RMSNorm x scale column=356"
943,944,"MEM.E.Read","decode norm1: RMSNorm gamma column=356"
943,944,"MEM.E.Read","decode norm1: RMSNorm x scale column=356"
943,944,"MEM.E.Read","decode norm1: RMSNorm gamma column=356"
943,944,"MEM.E.Write","decode norm1: RMSNorm write column=350"
943,944,"MEM.E.Write","decode norm1: RMSNorm write column=350"
943,944,"VXM.ALU6","decode norm1: x * inverse_rms column=354"
943,944,"VXM.ALU7","decode norm1: RMSNorm BF16 output column=353"
944,945,"MEM.E.Read","decode norm1: RMSNorm x scale column=357"
944,945,"MEM.E.Read","decode norm1: RMSNorm gamma column=357"
944,945,"MEM.E.Read","decode norm1: RMSNorm x scale column=357"
944,945,"MEM.E.Read","decode norm1: RMSNorm gamma column=357"
944,945,"MEM.E.Write","decode norm1: RMSNorm write column=351"
944,945,"MEM.E.Write","decode norm1: RMSNorm write column=351"
944,945,"VXM.ALU6","decode norm1: x * inverse_rms column=355"
944,945,"VXM.ALU7","decode norm1: RMSNorm BF16 output column=354"
945,946,"MEM.E.Read","decode norm1: RMSNorm x scale column=358"
945,946,"MEM.E.Read","decode norm1: RMSNorm gamma column=358"
945,946,"MEM.E.Read","decode norm1: RMSNorm x scale column=358"
945,946,"MEM.E.Read","decode norm1: RMSNorm gamma column=358"
945,946,"MEM.E.Write","decode norm1: RMSNorm write column=352"
945,946,"MEM.E.Write","decode norm1: RMSNorm write column=352"
945,946,"VXM.ALU6","decode norm1: x * inverse_rms column=356"
945,946,"VXM.ALU7","decode norm1: RMSNorm BF16 output column=355"
946,947,"MEM.E.Read","decode norm1: RMSNorm x scale column=359"
946,947,"MEM.E.Read","decode norm1: RMSNorm gamma column=359"
946,947,"MEM.E.Read","decode norm1: RMSNorm x scale column=359"
946,947,"MEM.E.Read","decode norm1: RMSNorm gamma column=359"
946,947,"MEM.E.Write","decode norm1: RMSNorm write column=353"
946,947,"MEM.E.Write","decode norm1: RMSNorm write column=353"
946,947,"VXM.ALU6","decode norm1: x * inverse_rms column=357"
946,947,"VXM.ALU7","decode norm1: RMSNorm BF16 output column=356"
947,948,"MEM.E.Read","decode norm1: RMSNorm x scale column=360"
947,948,"MEM.E.Read","decode norm1: RMSNorm gamma column=360"
947,948,"MEM.E.Read","decode norm1: RMSNorm x scale column=360"
947,948,"MEM.E.Read","decode norm1: RMSNorm gamma column=360"
947,948,"MEM.E.Write","decode norm1: RMSNorm write column=354"
947,948,"MEM.E.Write","decode norm1: RMSNorm write column=354"
947,948,"VXM.ALU6","decode norm1: x * inverse_rms column=358"
947,948,"VXM.ALU7","decode norm1: RMSNorm BF16 output column=357"
948,949,"MEM.E.Read","decode norm1: RMSNorm x scale column=361"
948,949,"MEM.E.Read","decode norm1: RMSNorm gamma column=361"
948,949,"MEM.E.Read","decode norm1: RMSNorm x scale column=361"
948,949,"MEM.E.Read","decode norm1: RMSNorm gamma column=361"
948,949,"MEM.E.Write","decode norm1: RMSNorm write column=355"
948,949,"MEM.E.Write","decode norm1: RMSNorm write column=355"
948,949,"VXM.ALU6","decode norm1: x * inverse_rms column=359"
948,949,"VXM.ALU7","decode norm1: RMSNorm BF16 output column=358"
949,950,"MEM.E.Read","decode norm1: RMSNorm x scale column=362"
949,950,"MEM.E.Read","decode norm1: RMSNorm gamma column=362"
949,950,"MEM.E.Read","decode norm1: RMSNorm x scale column=362"
949,950,"MEM.E.Read","decode norm1: RMSNorm gamma column=362"
949,950,"MEM.E.Write","decode norm1: RMSNorm write column=356"
949,950,"MEM.E.Write","decode norm1: RMSNorm write column=356"
949,950,"VXM.ALU6","decode norm1: x * inverse_rms column=360"
949,950,"VXM.ALU7","decode norm1: RMSNorm BF16 output column=359"
950,951,"MEM.E.Read","decode norm1: RMSNorm x scale column=363"
950,951,"MEM.E.Read","decode norm1: RMSNorm gamma column=363"
950,951,"MEM.E.Read","decode norm1: RMSNorm x scale column=363"
950,951,"MEM.E.Read","decode norm1: RMSNorm gamma column=363"
950,951,"MEM.E.Write","decode norm1: RMSNorm write column=357"
950,951,"MEM.E.Write","decode norm1: RMSNorm write column=357"
950,951,"VXM.ALU6","decode norm1: x * inverse_rms column=361"
950,951,"VXM.ALU7","decode norm1: RMSNorm BF16 output column=360"
951,952,"MEM.E.Read","decode norm1: RMSNorm x scale column=364"
951,952,"MEM.E.Read","decode norm1: RMSNorm gamma column=364"
951,952,"MEM.E.Read","decode norm1: RMSNorm x scale column=364"
951,952,"MEM.E.Read","decode norm1: RMSNorm gamma column=364"
951,952,"MEM.E.Write","decode norm1: RMSNorm write column=358"
951,952,"MEM.E.Write","decode norm1: RMSNorm write column=358"
951,952,"VXM.ALU6","decode norm1: x * inverse_rms column=362"
951,952,"VXM.ALU7","decode norm1: RMSNorm BF16 output column=361"
952,953,"MEM.E.Read","decode norm1: RMSNorm x scale column=365"
952,953,"MEM.E.Read","decode norm1: RMSNorm gamma column=365"
952,953,"MEM.E.Read","decode norm1: RMSNorm x scale column=365"
952,953,"MEM.E.Read","decode norm1: RMSNorm gamma column=365"
952,953,"MEM.E.Write","decode norm1: RMSNorm write column=359"
952,953,"MEM.E.Write","decode norm1: RMSNorm write column=359"
952,953,"VXM.ALU6","decode norm1: x * inverse_rms column=363"
952,953,"VXM.ALU7","decode norm1: RMSNorm BF16 output column=362"
953,954,"MEM.E.Read","decode norm1: RMSNorm x scale column=366"
953,954,"MEM.E.Read","decode norm1: RMSNorm gamma column=366"
953,954,"MEM.E.Read","decode norm1: RMSNorm x scale column=366"
953,954,"MEM.E.Read","decode norm1: RMSNorm gamma column=366"
953,954,"MEM.E.Write","decode norm1: RMSNorm write column=360"
953,954,"MEM.E.Write","decode norm1: RMSNorm write column=360"
953,954,"VXM.ALU6","decode norm1: x * inverse_rms column=364"
953,954,"VXM.ALU7","decode norm1: RMSNorm BF16 output column=363"
954,955,"MEM.E.Read","decode norm1: RMSNorm x scale column=367"
954,955,"MEM.E.Read","decode norm1: RMSNorm gamma column=367"
954,955,"MEM.E.Read","decode norm1: RMSNorm x scale column=367"
954,955,"MEM.E.Read","decode norm1: RMSNorm gamma column=367"
954,955,"MEM.E.Write","decode norm1: RMSNorm write column=361"
954,955,"MEM.E.Write","decode norm1: RMSNorm write column=361"
954,955,"VXM.ALU6","decode norm1: x * inverse_rms column=365"
954,955,"VXM.ALU7","decode norm1: RMSNorm BF16 output column=364"
955,956,"MEM.E.Read","decode norm1: RMSNorm x scale column=368"
955,956,"MEM.E.Read","decode norm1: RMSNorm gamma column=368"
955,956,"MEM.E.Read","decode norm1: RMSNorm x scale column=368"
955,956,"MEM.E.Read","decode norm1: RMSNorm gamma column=368"
955,956,"MEM.E.Write","decode norm1: RMSNorm write column=362"
955,956,"MEM.E.Write","decode norm1: RMSNorm write column=362"
955,956,"VXM.ALU6","decode norm1: x * inverse_rms column=366"
955,956,"VXM.ALU7","decode norm1: RMSNorm BF16 output column=365"
956,957,"MEM.E.Read","decode norm1: RMSNorm x scale column=369"
956,957,"MEM.E.Read","decode norm1: RMSNorm gamma column=369"
956,957,"MEM.E.Read","decode norm1: RMSNorm x scale column=369"
956,957,"MEM.E.Read","decode norm1: RMSNorm gamma column=369"
956,957,"MEM.E.Write","decode norm1: RMSNorm write column=363"
956,957,"MEM.E.Write","decode norm1: RMSNorm write column=363"
956,957,"VXM.ALU6","decode norm1: x * inverse_rms column=367"
956,957,"VXM.ALU7","decode norm1: RMSNorm BF16 output column=366"
957,958,"MEM.E.Read","decode norm1: RMSNorm x scale column=370"
957,958,"MEM.E.Read","decode norm1: RMSNorm gamma column=370"
957,958,"MEM.E.Read","decode norm1: RMSNorm x scale column=370"
957,958,"MEM.E.Read","decode norm1: RMSNorm gamma column=370"
957,958,"MEM.E.Write","decode norm1: RMSNorm write column=364"
957,958,"MEM.E.Write","decode norm1: RMSNorm write column=364"
957,958,"VXM.ALU6","decode norm1: x * inverse_rms column=368"
957,958,"VXM.ALU7","decode norm1: RMSNorm BF16 output column=367"
958,959,"MEM.E.Read","decode norm1: RMSNorm x scale column=371"
958,959,"MEM.E.Read","decode norm1: RMSNorm gamma column=371"
958,959,"MEM.E.Read","decode norm1: RMSNorm x scale column=371"
958,959,"MEM.E.Read","decode norm1: RMSNorm gamma column=371"
958,959,"MEM.E.Write","decode norm1: RMSNorm write column=365"
958,959,"MEM.E.Write","decode norm1: RMSNorm write column=365"
958,959,"VXM.ALU6","decode norm1: x * inverse_rms column=369"
958,959,"VXM.ALU7","decode norm1: RMSNorm BF16 output column=368"
959,960,"MEM.E.Read","decode norm1: RMSNorm x scale column=372"
959,960,"MEM.E.Read","decode norm1: RMSNorm gamma column=372"
959,960,"MEM.E.Read","decode norm1: RMSNorm x scale column=372"
959,960,"MEM.E.Read","decode norm1: RMSNorm gamma column=372"
959,960,"MEM.E.Write","decode norm1: RMSNorm write column=366"
959,960,"MEM.E.Write","decode norm1: RMSNorm write column=366"
959,960,"VXM.ALU6","decode norm1: x * inverse_rms column=370"
959,960,"VXM.ALU7","decode norm1: RMSNorm BF16 output column=369"
960,961,"MEM.E.Read","decode norm1: RMSNorm x scale column=373"
960,961,"MEM.E.Read","decode norm1: RMSNorm gamma column=373"
960,961,"MEM.E.Read","decode norm1: RMSNorm x scale column=373"
960,961,"MEM.E.Read","decode norm1: RMSNorm gamma column=373"
960,961,"MEM.E.Write","decode norm1: RMSNorm write column=367"
960,961,"MEM.E.Write","decode norm1: RMSNorm write column=367"
960,961,"VXM.ALU6","decode norm1: x * inverse_rms column=371"
960,961,"VXM.ALU7","decode norm1: RMSNorm BF16 output column=370"
961,962,"MEM.E.Read","decode norm1: RMSNorm x scale column=374"
961,962,"MEM.E.Read","decode norm1: RMSNorm gamma column=374"
961,962,"MEM.E.Read","decode norm1: RMSNorm x scale column=374"
961,962,"MEM.E.Read","decode norm1: RMSNorm gamma column=374"
961,962,"MEM.E.Write","decode norm1: RMSNorm write column=368"
961,962,"MEM.E.Write","decode norm1: RMSNorm write column=368"
961,962,"VXM.ALU6","decode norm1: x * inverse_rms column=372"
961,962,"VXM.ALU7","decode norm1: RMSNorm BF16 output column=371"
962,963,"MEM.E.Read","decode norm1: RMSNorm x scale column=375"
962,963,"MEM.E.Read","decode norm1: RMSNorm gamma column=375"
962,963,"MEM.E.Read","decode norm1: RMSNorm x scale column=375"
962,963,"MEM.E.Read","decode norm1: RMSNorm gamma column=375"
962,963,"MEM.E.Write","decode norm1: RMSNorm write column=369"
962,963,"MEM.E.Write","decode norm1: RMSNorm write column=369"
962,963,"VXM.ALU6","decode norm1: x * inverse_rms column=373"
962,963,"VXM.ALU7","decode norm1: RMSNorm BF16 output column=372"
963,964,"MEM.E.Read","decode norm1: RMSNorm x scale column=376"
963,964,"MEM.E.Read","decode norm1: RMSNorm gamma column=376"
963,964,"MEM.E.Read","decode norm1: RMSNorm x scale column=376"
963,964,"MEM.E.Read","decode norm1: RMSNorm gamma column=376"
963,964,"MEM.E.Write","decode norm1: RMSNorm write column=370"
963,964,"MEM.E.Write","decode norm1: RMSNorm write column=370"
963,964,"VXM.ALU6","decode norm1: x * inverse_rms column=374"
963,964,"VXM.ALU7","decode norm1: RMSNorm BF16 output column=373"
964,965,"MEM.E.Read","decode norm1: RMSNorm x scale column=377"
964,965,"MEM.E.Read","decode norm1: RMSNorm gamma column=377"
964,965,"MEM.E.Read","decode norm1: RMSNorm x scale column=377"
964,965,"MEM.E.Read","decode norm1: RMSNorm gamma column=377"
964,965,"MEM.E.Write","decode norm1: RMSNorm write column=371"
964,965,"MEM.E.Write","decode norm1: RMSNorm write column=371"
964,965,"VXM.ALU6","decode norm1: x * inverse_rms column=375"
964,965,"VXM.ALU7","decode norm1: RMSNorm BF16 output column=374"
965,966,"MEM.E.Read","decode norm1: RMSNorm x scale column=378"
965,966,"MEM.E.Read","decode norm1: RMSNorm gamma column=378"
965,966,"MEM.E.Read","decode norm1: RMSNorm x scale column=378"
965,966,"MEM.E.Read","decode norm1: RMSNorm gamma column=378"
965,966,"MEM.E.Write","decode norm1: RMSNorm write column=372"
965,966,"MEM.E.Write","decode norm1: RMSNorm write column=372"
965,966,"VXM.ALU6","decode norm1: x * inverse_rms column=376"
965,966,"VXM.ALU7","decode norm1: RMSNorm BF16 output column=375"
966,967,"MEM.E.Read","decode norm1: RMSNorm x scale column=379"
966,967,"MEM.E.Read","decode norm1: RMSNorm gamma column=379"
966,967,"MEM.E.Read","decode norm1: RMSNorm x scale column=379"
966,967,"MEM.E.Read","decode norm1: RMSNorm gamma column=379"
966,967,"MEM.E.Write","decode norm1: RMSNorm write column=373"
966,967,"MEM.E.Write","decode norm1: RMSNorm write column=373"
966,967,"VXM.ALU6","decode norm1: x * inverse_rms column=377"
966,967,"VXM.ALU7","decode norm1: RMSNorm BF16 output column=376"
967,968,"MEM.E.Read","decode norm1: RMSNorm x scale column=380"
967,968,"MEM.E.Read","decode norm1: RMSNorm gamma column=380"
967,968,"MEM.E.Read","decode norm1: RMSNorm x scale column=380"
967,968,"MEM.E.Read","decode norm1: RMSNorm gamma column=380"
967,968,"MEM.E.Write","decode norm1: RMSNorm write column=374"
967,968,"MEM.E.Write","decode norm1: RMSNorm write column=374"
967,968,"VXM.ALU6","decode norm1: x * inverse_rms column=378"
967,968,"VXM.ALU7","decode norm1: RMSNorm BF16 output column=377"
968,969,"MEM.E.Read","decode norm1: RMSNorm x scale column=381"
968,969,"MEM.E.Read","decode norm1: RMSNorm gamma column=381"
968,969,"MEM.E.Read","decode norm1: RMSNorm x scale column=381"
968,969,"MEM.E.Read","decode norm1: RMSNorm gamma column=381"
968,969,"MEM.E.Write","decode norm1: RMSNorm write column=375"
968,969,"MEM.E.Write","decode norm1: RMSNorm write column=375"
968,969,"VXM.ALU6","decode norm1: x * inverse_rms column=379"
968,969,"VXM.ALU7","decode norm1: RMSNorm BF16 output column=378"
969,970,"MEM.E.Read","decode norm1: RMSNorm x scale column=382"
969,970,"MEM.E.Read","decode norm1: RMSNorm gamma column=382"
969,970,"MEM.E.Read","decode norm1: RMSNorm x scale column=382"
969,970,"MEM.E.Read","decode norm1: RMSNorm gamma column=382"
969,970,"MEM.E.Write","decode norm1: RMSNorm write column=376"
969,970,"MEM.E.Write","decode norm1: RMSNorm write column=376"
969,970,"VXM.ALU6","decode norm1: x * inverse_rms column=380"
969,970,"VXM.ALU7","decode norm1: RMSNorm BF16 output column=379"
970,971,"MEM.E.Read","decode norm1: RMSNorm x scale column=383"
970,971,"MEM.E.Read","decode norm1: RMSNorm gamma column=383"
970,971,"MEM.E.Read","decode norm1: RMSNorm x scale column=383"
970,971,"MEM.E.Read","decode norm1: RMSNorm gamma column=383"
970,971,"MEM.E.Write","decode norm1: RMSNorm write column=377"
970,971,"MEM.E.Write","decode norm1: RMSNorm write column=377"
970,971,"VXM.ALU6","decode norm1: x * inverse_rms column=381"
970,971,"VXM.ALU7","decode norm1: RMSNorm BF16 output column=380"
971,972,"MEM.E.Read","decode norm1: RMSNorm x scale column=384"
971,972,"MEM.E.Read","decode norm1: RMSNorm gamma column=384"
971,972,"MEM.E.Read","decode norm1: RMSNorm x scale column=384"
971,972,"MEM.E.Read","decode norm1: RMSNorm gamma column=384"
971,972,"MEM.E.Write","decode norm1: RMSNorm write column=378"
971,972,"MEM.E.Write","decode norm1: RMSNorm write column=378"
971,972,"VXM.ALU6","decode norm1: x * inverse_rms column=382"
971,972,"VXM.ALU7","decode norm1: RMSNorm BF16 output column=381"
972,973,"MEM.E.Read","decode norm1: RMSNorm x scale column=385"
972,973,"MEM.E.Read","decode norm1: RMSNorm gamma column=385"
972,973,"MEM.E.Read","decode norm1: RMSNorm x scale column=385"
972,973,"MEM.E.Read","decode norm1: RMSNorm gamma column=385"
972,973,"MEM.E.Write","decode norm1: RMSNorm write column=379"
972,973,"MEM.E.Write","decode norm1: RMSNorm write column=379"
972,973,"VXM.ALU6","decode norm1: x * inverse_rms column=383"
972,973,"VXM.ALU7","decode norm1: RMSNorm BF16 output column=382"
973,974,"MEM.E.Read","decode norm1: RMSNorm x scale column=386"
973,974,"MEM.E.Read","decode norm1: RMSNorm gamma column=386"
973,974,"MEM.E.Read","decode norm1: RMSNorm x scale column=386"
973,974,"MEM.E.Read","decode norm1: RMSNorm gamma column=386"
973,974,"MEM.E.Write","decode norm1: RMSNorm write column=380"
973,974,"MEM.E.Write","decode norm1: RMSNorm write column=380"
973,974,"VXM.ALU6","decode norm1: x * inverse_rms column=384"
973,974,"VXM.ALU7","decode norm1: RMSNorm BF16 output column=383"
974,975,"MEM.E.Read","decode norm1: RMSNorm x scale column=387"
974,975,"MEM.E.Read","decode norm1: RMSNorm gamma column=387"
974,975,"MEM.E.Read","decode norm1: RMSNorm x scale column=387"
974,975,"MEM.E.Read","decode norm1: RMSNorm gamma column=387"
974,975,"MEM.E.Write","decode norm1: RMSNorm write column=381"
974,975,"MEM.E.Write","decode norm1: RMSNorm write column=381"
974,975,"VXM.ALU6","decode norm1: x * inverse_rms column=385"
974,975,"VXM.ALU7","decode norm1: RMSNorm BF16 output column=384"
975,976,"MEM.E.Read","decode norm1: RMSNorm x scale column=388"
975,976,"MEM.E.Read","decode norm1: RMSNorm gamma column=388"
975,976,"MEM.E.Read","decode norm1: RMSNorm x scale column=388"
975,976,"MEM.E.Read","decode norm1: RMSNorm gamma column=388"
975,976,"MEM.E.Write","decode norm1: RMSNorm write column=382"
975,976,"MEM.E.Write","decode norm1: RMSNorm write column=382"
975,976,"VXM.ALU6","decode norm1: x * inverse_rms column=386"
975,976,"VXM.ALU7","decode norm1: RMSNorm BF16 output column=385"
976,977,"MEM.E.Read","decode norm1: RMSNorm x scale column=389"
976,977,"MEM.E.Read","decode norm1: RMSNorm gamma column=389"
976,977,"MEM.E.Read","decode norm1: RMSNorm x scale column=389"
976,977,"MEM.E.Read","decode norm1: RMSNorm gamma column=389"
976,977,"MEM.E.Write","decode norm1: RMSNorm write column=383"
976,977,"MEM.E.Write","decode norm1: RMSNorm write column=383"
976,977,"VXM.ALU6","decode norm1: x * inverse_rms column=387"
976,977,"VXM.ALU7","decode norm1: RMSNorm BF16 output column=386"
977,978,"MEM.E.Read","decode norm1: RMSNorm x scale column=390"
977,978,"MEM.E.Read","decode norm1: RMSNorm gamma column=390"
977,978,"MEM.E.Read","decode norm1: RMSNorm x scale column=390"
977,978,"MEM.E.Read","decode norm1: RMSNorm gamma column=390"
977,978,"MEM.E.Write","decode norm1: RMSNorm write column=384"
977,978,"MEM.E.Write","decode norm1: RMSNorm write column=384"
977,978,"VXM.ALU6","decode norm1: x * inverse_rms column=388"
977,978,"VXM.ALU7","decode norm1: RMSNorm BF16 output column=387"
978,979,"MEM.E.Read","decode norm1: RMSNorm x scale column=391"
978,979,"MEM.E.Read","decode norm1: RMSNorm gamma column=391"
978,979,"MEM.E.Read","decode norm1: RMSNorm x scale column=391"
978,979,"MEM.E.Read","decode norm1: RMSNorm gamma column=391"
978,979,"MEM.E.Write","decode norm1: RMSNorm write column=385"
978,979,"MEM.E.Write","decode norm1: RMSNorm write column=385"
978,979,"VXM.ALU6","decode norm1: x * inverse_rms column=389"
978,979,"VXM.ALU7","decode norm1: RMSNorm BF16 output column=388"
979,980,"MEM.E.Read","decode norm1: RMSNorm x scale column=392"
979,980,"MEM.E.Read","decode norm1: RMSNorm gamma column=392"
979,980,"MEM.E.Read","decode norm1: RMSNorm x scale column=392"
979,980,"MEM.E.Read","decode norm1: RMSNorm gamma column=392"
979,980,"MEM.E.Write","decode norm1: RMSNorm write column=386"
979,980,"MEM.E.Write","decode norm1: RMSNorm write column=386"
979,980,"VXM.ALU6","decode norm1: x * inverse_rms column=390"
979,980,"VXM.ALU7","decode norm1: RMSNorm BF16 output column=389"
980,981,"MEM.E.Read","decode norm1: RMSNorm x scale column=393"
980,981,"MEM.E.Read","decode norm1: RMSNorm gamma column=393"
980,981,"MEM.E.Read","decode norm1: RMSNorm x scale column=393"
980,981,"MEM.E.Read","decode norm1: RMSNorm gamma column=393"
980,981,"MEM.E.Write","decode norm1: RMSNorm write column=387"
980,981,"MEM.E.Write","decode norm1: RMSNorm write column=387"
980,981,"VXM.ALU6","decode norm1: x * inverse_rms column=391"
980,981,"VXM.ALU7","decode norm1: RMSNorm BF16 output column=390"
981,982,"MEM.E.Read","decode norm1: RMSNorm x scale column=394"
981,982,"MEM.E.Read","decode norm1: RMSNorm gamma column=394"
981,982,"MEM.E.Read","decode norm1: RMSNorm x scale column=394"
981,982,"MEM.E.Read","decode norm1: RMSNorm gamma column=394"
981,982,"MEM.E.Write","decode norm1: RMSNorm write column=388"
981,982,"MEM.E.Write","decode norm1: RMSNorm write column=388"
981,982,"VXM.ALU6","decode norm1: x * inverse_rms column=392"
981,982,"VXM.ALU7","decode norm1: RMSNorm BF16 output column=391"
982,983,"MEM.E.Read","decode norm1: RMSNorm x scale column=395"
982,983,"MEM.E.Read","decode norm1: RMSNorm gamma column=395"
982,983,"MEM.E.Read","decode norm1: RMSNorm x scale column=395"
982,983,"MEM.E.Read","decode norm1: RMSNorm gamma column=395"
982,983,"MEM.E.Write","decode norm1: RMSNorm write column=389"
982,983,"MEM.E.Write","decode norm1: RMSNorm write column=389"
982,983,"VXM.ALU6","decode norm1: x * inverse_rms column=393"
982,983,"VXM.ALU7","decode norm1: RMSNorm BF16 output column=392"
983,984,"MEM.E.Read","decode norm1: RMSNorm x scale column=396"
983,984,"MEM.E.Read","decode norm1: RMSNorm gamma column=396"
983,984,"MEM.E.Read","decode norm1: RMSNorm x scale column=396"
983,984,"MEM.E.Read","decode norm1: RMSNorm gamma column=396"
983,984,"MEM.E.Write","decode norm1: RMSNorm write column=390"
983,984,"MEM.E.Write","decode norm1: RMSNorm write column=390"
983,984,"VXM.ALU6","decode norm1: x * inverse_rms column=394"
983,984,"VXM.ALU7","decode norm1: RMSNorm BF16 output column=393"
984,985,"MEM.E.Read","decode norm1: RMSNorm x scale column=397"
984,985,"MEM.E.Read","decode norm1: RMSNorm gamma column=397"
984,985,"MEM.E.Read","decode norm1: RMSNorm x scale column=397"
984,985,"MEM.E.Read","decode norm1: RMSNorm gamma column=397"
984,985,"MEM.E.Write","decode norm1: RMSNorm write column=391"
984,985,"MEM.E.Write","decode norm1: RMSNorm write column=391"
984,985,"VXM.ALU6","decode norm1: x * inverse_rms column=395"
984,985,"VXM.ALU7","decode norm1: RMSNorm BF16 output column=394"
985,986,"MEM.E.Read","decode norm1: RMSNorm x scale column=398"
985,986,"MEM.E.Read","decode norm1: RMSNorm gamma column=398"
985,986,"MEM.E.Read","decode norm1: RMSNorm x scale column=398"
985,986,"MEM.E.Read","decode norm1: RMSNorm gamma column=398"
985,986,"MEM.E.Write","decode norm1: RMSNorm write column=392"
985,986,"MEM.E.Write","decode norm1: RMSNorm write column=392"
985,986,"VXM.ALU6","decode norm1: x * inverse_rms column=396"
985,986,"VXM.ALU7","decode norm1: RMSNorm BF16 output column=395"
986,987,"MEM.E.Read","decode norm1: RMSNorm x scale column=399"
986,987,"MEM.E.Read","decode norm1: RMSNorm gamma column=399"
986,987,"MEM.E.Read","decode norm1: RMSNorm x scale column=399"
986,987,"MEM.E.Read","decode norm1: RMSNorm gamma column=399"
986,987,"MEM.E.Write","decode norm1: RMSNorm write column=393"
986,987,"MEM.E.Write","decode norm1: RMSNorm write column=393"
986,987,"VXM.ALU6","decode norm1: x * inverse_rms column=397"
986,987,"VXM.ALU7","decode norm1: RMSNorm BF16 output column=396"
987,988,"MEM.E.Read","decode norm1: RMSNorm x scale column=400"
987,988,"MEM.E.Read","decode norm1: RMSNorm gamma column=400"
987,988,"MEM.E.Read","decode norm1: RMSNorm x scale column=400"
987,988,"MEM.E.Read","decode norm1: RMSNorm gamma column=400"
987,988,"MEM.E.Write","decode norm1: RMSNorm write column=394"
987,988,"MEM.E.Write","decode norm1: RMSNorm write column=394"
987,988,"VXM.ALU6","decode norm1: x * inverse_rms column=398"
987,988,"VXM.ALU7","decode norm1: RMSNorm BF16 output column=397"
988,989,"MEM.E.Read","decode norm1: RMSNorm x scale column=401"
988,989,"MEM.E.Read","decode norm1: RMSNorm gamma column=401"
988,989,"MEM.E.Read","decode norm1: RMSNorm x scale column=401"
988,989,"MEM.E.Read","decode norm1: RMSNorm gamma column=401"
988,989,"MEM.E.Write","decode norm1: RMSNorm write column=395"
988,989,"MEM.E.Write","decode norm1: RMSNorm write column=395"
988,989,"VXM.ALU6","decode norm1: x * inverse_rms column=399"
988,989,"VXM.ALU7","decode norm1: RMSNorm BF16 output column=398"
989,990,"MEM.E.Read","decode norm1: RMSNorm x scale column=402"
989,990,"MEM.E.Read","decode norm1: RMSNorm gamma column=402"
989,990,"MEM.E.Read","decode norm1: RMSNorm x scale column=402"
989,990,"MEM.E.Read","decode norm1: RMSNorm gamma column=402"
989,990,"MEM.E.Write","decode norm1: RMSNorm write column=396"
989,990,"MEM.E.Write","decode norm1: RMSNorm write column=396"
989,990,"VXM.ALU6","decode norm1: x * inverse_rms column=400"
989,990,"VXM.ALU7","decode norm1: RMSNorm BF16 output column=399"
990,991,"MEM.E.Read","decode norm1: RMSNorm x scale column=403"
990,991,"MEM.E.Read","decode norm1: RMSNorm gamma column=403"
990,991,"MEM.E.Read","decode norm1: RMSNorm x scale column=403"
990,991,"MEM.E.Read","decode norm1: RMSNorm gamma column=403"
990,991,"MEM.E.Write","decode norm1: RMSNorm write column=397"
990,991,"MEM.E.Write","decode norm1: RMSNorm write column=397"
990,991,"VXM.ALU6","decode norm1: x * inverse_rms column=401"
990,991,"VXM.ALU7","decode norm1: RMSNorm BF16 output column=400"
991,992,"MEM.E.Read","decode norm1: RMSNorm x scale column=404"
991,992,"MEM.E.Read","decode norm1: RMSNorm gamma column=404"
991,992,"MEM.E.Read","decode norm1: RMSNorm x scale column=404"
991,992,"MEM.E.Read","decode norm1: RMSNorm gamma column=404"
991,992,"MEM.E.Write","decode norm1: RMSNorm write column=398"
991,992,"MEM.E.Write","decode norm1: RMSNorm write column=398"
991,992,"VXM.ALU6","decode norm1: x * inverse_rms column=402"
991,992,"VXM.ALU7","decode norm1: RMSNorm BF16 output column=401"
992,993,"MEM.E.Read","decode norm1: RMSNorm x scale column=405"
992,993,"MEM.E.Read","decode norm1: RMSNorm gamma column=405"
992,993,"MEM.E.Read","decode norm1: RMSNorm x scale column=405"
992,993,"MEM.E.Read","decode norm1: RMSNorm gamma column=405"
992,993,"MEM.E.Write","decode norm1: RMSNorm write column=399"
992,993,"MEM.E.Write","decode norm1: RMSNorm write column=399"
992,993,"VXM.ALU6","decode norm1: x * inverse_rms column=403"
992,993,"VXM.ALU7","decode norm1: RMSNorm BF16 output column=402"
993,994,"MEM.E.Read","decode norm1: RMSNorm x scale column=406"
993,994,"MEM.E.Read","decode norm1: RMSNorm gamma column=406"
993,994,"MEM.E.Read","decode norm1: RMSNorm x scale column=406"
993,994,"MEM.E.Read","decode norm1: RMSNorm gamma column=406"
993,994,"MEM.E.Write","decode norm1: RMSNorm write column=400"
993,994,"MEM.E.Write","decode norm1: RMSNorm write column=400"
993,994,"VXM.ALU6","decode norm1: x * inverse_rms column=404"
993,994,"VXM.ALU7","decode norm1: RMSNorm BF16 output column=403"
994,995,"MEM.E.Read","decode norm1: RMSNorm x scale column=407"
994,995,"MEM.E.Read","decode norm1: RMSNorm gamma column=407"
994,995,"MEM.E.Read","decode norm1: RMSNorm x scale column=407"
994,995,"MEM.E.Read","decode norm1: RMSNorm gamma column=407"
994,995,"MEM.E.Write","decode norm1: RMSNorm write column=401"
994,995,"MEM.E.Write","decode norm1: RMSNorm write column=401"
994,995,"VXM.ALU6","decode norm1: x * inverse_rms column=405"
994,995,"VXM.ALU7","decode norm1: RMSNorm BF16 output column=404"
995,996,"MEM.E.Read","decode norm1: RMSNorm x scale column=408"
995,996,"MEM.E.Read","decode norm1: RMSNorm gamma column=408"
995,996,"MEM.E.Read","decode norm1: RMSNorm x scale column=408"
995,996,"MEM.E.Read","decode norm1: RMSNorm gamma column=408"
995,996,"MEM.E.Write","decode norm1: RMSNorm write column=402"
995,996,"MEM.E.Write","decode norm1: RMSNorm write column=402"
995,996,"VXM.ALU6","decode norm1: x * inverse_rms column=406"
995,996,"VXM.ALU7","decode norm1: RMSNorm BF16 output column=405"
996,997,"MEM.E.Read","decode norm1: RMSNorm x scale column=409"
996,997,"MEM.E.Read","decode norm1: RMSNorm gamma column=409"
996,997,"MEM.E.Read","decode norm1: RMSNorm x scale column=409"
996,997,"MEM.E.Read","decode norm1: RMSNorm gamma column=409"
996,997,"MEM.E.Write","decode norm1: RMSNorm write column=403"
996,997,"MEM.E.Write","decode norm1: RMSNorm write column=403"
996,997,"VXM.ALU6","decode norm1: x * inverse_rms column=407"
996,997,"VXM.ALU7","decode norm1: RMSNorm BF16 output column=406"
997,998,"MEM.E.Read","decode norm1: RMSNorm x scale column=410"
997,998,"MEM.E.Read","decode norm1: RMSNorm gamma column=410"
997,998,"MEM.E.Read","decode norm1: RMSNorm x scale column=410"
997,998,"MEM.E.Read","decode norm1: RMSNorm gamma column=410"
997,998,"MEM.E.Write","decode norm1: RMSNorm write column=404"
997,998,"MEM.E.Write","decode norm1: RMSNorm write column=404"
997,998,"VXM.ALU6","decode norm1: x * inverse_rms column=408"
997,998,"VXM.ALU7","decode norm1: RMSNorm BF16 output column=407"
998,999,"MEM.E.Read","decode norm1: RMSNorm x scale column=411"
998,999,"MEM.E.Read","decode norm1: RMSNorm gamma column=411"
998,999,"MEM.E.Read","decode norm1: RMSNorm x scale column=411"
998,999,"MEM.E.Read","decode norm1: RMSNorm gamma column=411"
998,999,"MEM.E.Write","decode norm1: RMSNorm write column=405"
998,999,"MEM.E.Write","decode norm1: RMSNorm write column=405"
998,999,"VXM.ALU6","decode norm1: x * inverse_rms column=409"
998,999,"VXM.ALU7","decode norm1: RMSNorm BF16 output column=408"
999,1000,"MEM.E.Read","decode norm1: RMSNorm x scale column=412"
999,1000,"MEM.E.Read","decode norm1: RMSNorm gamma column=412"
999,1000,"MEM.E.Read","decode norm1: RMSNorm x scale column=412"
999,1000,"MEM.E.Read","decode norm1: RMSNorm gamma column=412"
999,1000,"MEM.E.Write","decode norm1: RMSNorm write column=406"
999,1000,"MEM.E.Write","decode norm1: RMSNorm write column=406"
999,1000,"VXM.ALU6","decode norm1: x * inverse_rms column=410"
999,1000,"VXM.ALU7","decode norm1: RMSNorm BF16 output column=409"
1000,1001,"MEM.E.Read","decode norm1: RMSNorm x scale column=413"
1000,1001,"MEM.E.Read","decode norm1: RMSNorm gamma column=413"
1000,1001,"MEM.E.Read","decode norm1: RMSNorm x scale column=413"
1000,1001,"MEM.E.Read","decode norm1: RMSNorm gamma column=413"
1000,1001,"MEM.E.Write","decode norm1: RMSNorm write column=407"
1000,1001,"MEM.E.Write","decode norm1: RMSNorm write column=407"
1000,1001,"VXM.ALU6","decode norm1: x * inverse_rms column=411"
1000,1001,"VXM.ALU7","decode norm1: RMSNorm BF16 output column=410"
1001,1002,"MEM.E.Read","decode norm1: RMSNorm x scale column=414"
1001,1002,"MEM.E.Read","decode norm1: RMSNorm gamma column=414"
1001,1002,"MEM.E.Read","decode norm1: RMSNorm x scale column=414"
1001,1002,"MEM.E.Read","decode norm1: RMSNorm gamma column=414"
1001,1002,"MEM.E.Write","decode norm1: RMSNorm write column=408"
1001,1002,"MEM.E.Write","decode norm1: RMSNorm write column=408"
1001,1002,"VXM.ALU6","decode norm1: x * inverse_rms column=412"
1001,1002,"VXM.ALU7","decode norm1: RMSNorm BF16 output column=411"
1002,1003,"MEM.E.Read","decode norm1: RMSNorm x scale column=415"
1002,1003,"MEM.E.Read","decode norm1: RMSNorm gamma column=415"
1002,1003,"MEM.E.Read","decode norm1: RMSNorm x scale column=415"
1002,1003,"MEM.E.Read","decode norm1: RMSNorm gamma column=415"
1002,1003,"MEM.E.Write","decode norm1: RMSNorm write column=409"
1002,1003,"MEM.E.Write","decode norm1: RMSNorm write column=409"
1002,1003,"VXM.ALU6","decode norm1: x * inverse_rms column=413"
1002,1003,"VXM.ALU7","decode norm1: RMSNorm BF16 output column=412"
1003,1004,"MEM.E.Read","decode norm1: RMSNorm x scale column=416"
1003,1004,"MEM.E.Read","decode norm1: RMSNorm gamma column=416"
1003,1004,"MEM.E.Read","decode norm1: RMSNorm x scale column=416"
1003,1004,"MEM.E.Read","decode norm1: RMSNorm gamma column=416"
1003,1004,"MEM.E.Write","decode norm1: RMSNorm write column=410"
1003,1004,"MEM.E.Write","decode norm1: RMSNorm write column=410"
1003,1004,"VXM.ALU6","decode norm1: x * inverse_rms column=414"
1003,1004,"VXM.ALU7","decode norm1: RMSNorm BF16 output column=413"
1004,1005,"MEM.E.Read","decode norm1: RMSNorm x scale column=417"
1004,1005,"MEM.E.Read","decode norm1: RMSNorm gamma column=417"
1004,1005,"MEM.E.Read","decode norm1: RMSNorm x scale column=417"
1004,1005,"MEM.E.Read","decode norm1: RMSNorm gamma column=417"
1004,1005,"MEM.E.Write","decode norm1: RMSNorm write column=411"
1004,1005,"MEM.E.Write","decode norm1: RMSNorm write column=411"
1004,1005,"VXM.ALU6","decode norm1: x * inverse_rms column=415"
1004,1005,"VXM.ALU7","decode norm1: RMSNorm BF16 output column=414"
1005,1006,"MEM.E.Read","decode norm1: RMSNorm x scale column=418"
1005,1006,"MEM.E.Read","decode norm1: RMSNorm gamma column=418"
1005,1006,"MEM.E.Read","decode norm1: RMSNorm x scale column=418"
1005,1006,"MEM.E.Read","decode norm1: RMSNorm gamma column=418"
1005,1006,"MEM.E.Write","decode norm1: RMSNorm write column=412"
1005,1006,"MEM.E.Write","decode norm1: RMSNorm write column=412"
1005,1006,"VXM.ALU6","decode norm1: x * inverse_rms column=416"
1005,1006,"VXM.ALU7","decode norm1: RMSNorm BF16 output column=415"
1006,1007,"MEM.E.Read","decode norm1: RMSNorm x scale column=419"
1006,1007,"MEM.E.Read","decode norm1: RMSNorm gamma column=419"
1006,1007,"MEM.E.Read","decode norm1: RMSNorm x scale column=419"
1006,1007,"MEM.E.Read","decode norm1: RMSNorm gamma column=419"
1006,1007,"MEM.E.Write","decode norm1: RMSNorm write column=413"
1006,1007,"MEM.E.Write","decode norm1: RMSNorm write column=413"
1006,1007,"VXM.ALU6","decode norm1: x * inverse_rms column=417"
1006,1007,"VXM.ALU7","decode norm1: RMSNorm BF16 output column=416"
1007,1008,"MEM.E.Read","decode norm1: RMSNorm x scale column=420"
1007,1008,"MEM.E.Read","decode norm1: RMSNorm gamma column=420"
1007,1008,"MEM.E.Read","decode norm1: RMSNorm x scale column=420"
1007,1008,"MEM.E.Read","decode norm1: RMSNorm gamma column=420"
1007,1008,"MEM.E.Write","decode norm1: RMSNorm write column=414"
1007,1008,"MEM.E.Write","decode norm1: RMSNorm write column=414"
1007,1008,"VXM.ALU6","decode norm1: x * inverse_rms column=418"
1007,1008,"VXM.ALU7","decode norm1: RMSNorm BF16 output column=417"
1008,1009,"MEM.E.Read","decode norm1: RMSNorm x scale column=421"
1008,1009,"MEM.E.Read","decode norm1: RMSNorm gamma column=421"
1008,1009,"MEM.E.Read","decode norm1: RMSNorm x scale column=421"
1008,1009,"MEM.E.Read","decode norm1: RMSNorm gamma column=421"
1008,1009,"MEM.E.Write","decode norm1: RMSNorm write column=415"
1008,1009,"MEM.E.Write","decode norm1: RMSNorm write column=415"
1008,1009,"VXM.ALU6","decode norm1: x * inverse_rms column=419"
1008,1009,"VXM.ALU7","decode norm1: RMSNorm BF16 output column=418"
1009,1010,"MEM.E.Read","decode norm1: RMSNorm x scale column=422"
1009,1010,"MEM.E.Read","decode norm1: RMSNorm gamma column=422"
1009,1010,"MEM.E.Read","decode norm1: RMSNorm x scale column=422"
1009,1010,"MEM.E.Read","decode norm1: RMSNorm gamma column=422"
1009,1010,"MEM.E.Write","decode norm1: RMSNorm write column=416"
1009,1010,"MEM.E.Write","decode norm1: RMSNorm write column=416"
1009,1010,"VXM.ALU6","decode norm1: x * inverse_rms column=420"
1009,1010,"VXM.ALU7","decode norm1: RMSNorm BF16 output column=419"
1010,1011,"MEM.E.Read","decode norm1: RMSNorm x scale column=423"
1010,1011,"MEM.E.Read","decode norm1: RMSNorm gamma column=423"
1010,1011,"MEM.E.Read","decode norm1: RMSNorm x scale column=423"
1010,1011,"MEM.E.Read","decode norm1: RMSNorm gamma column=423"
1010,1011,"MEM.E.Write","decode norm1: RMSNorm write column=417"
1010,1011,"MEM.E.Write","decode norm1: RMSNorm write column=417"
1010,1011,"VXM.ALU6","decode norm1: x * inverse_rms column=421"
1010,1011,"VXM.ALU7","decode norm1: RMSNorm BF16 output column=420"
1011,1012,"MEM.E.Read","decode norm1: RMSNorm x scale column=424"
1011,1012,"MEM.E.Read","decode norm1: RMSNorm gamma column=424"
1011,1012,"MEM.E.Read","decode norm1: RMSNorm x scale column=424"
1011,1012,"MEM.E.Read","decode norm1: RMSNorm gamma column=424"
1011,1012,"MEM.E.Write","decode norm1: RMSNorm write column=418"
1011,1012,"MEM.E.Write","decode norm1: RMSNorm write column=418"
1011,1012,"VXM.ALU6","decode norm1: x * inverse_rms column=422"
1011,1012,"VXM.ALU7","decode norm1: RMSNorm BF16 output column=421"
1012,1013,"MEM.E.Read","decode norm1: RMSNorm x scale column=425"
1012,1013,"MEM.E.Read","decode norm1: RMSNorm gamma column=425"
1012,1013,"MEM.E.Read","decode norm1: RMSNorm x scale column=425"
1012,1013,"MEM.E.Read","decode norm1: RMSNorm gamma column=425"
1012,1013,"MEM.E.Write","decode norm1: RMSNorm write column=419"
1012,1013,"MEM.E.Write","decode norm1: RMSNorm write column=419"
1012,1013,"VXM.ALU6","decode norm1: x * inverse_rms column=423"
1012,1013,"VXM.ALU7","decode norm1: RMSNorm BF16 output column=422"
1013,1014,"MEM.E.Read","decode norm1: RMSNorm x scale column=426"
1013,1014,"MEM.E.Read","decode norm1: RMSNorm gamma column=426"
1013,1014,"MEM.E.Read","decode norm1: RMSNorm x scale column=426"
1013,1014,"MEM.E.Read","decode norm1: RMSNorm gamma column=426"
1013,1014,"MEM.E.Write","decode norm1: RMSNorm write column=420"
1013,1014,"MEM.E.Write","decode norm1: RMSNorm write column=420"
1013,1014,"VXM.ALU6","decode norm1: x * inverse_rms column=424"
1013,1014,"VXM.ALU7","decode norm1: RMSNorm BF16 output column=423"
1014,1015,"MEM.E.Read","decode norm1: RMSNorm x scale column=427"
1014,1015,"MEM.E.Read","decode norm1: RMSNorm gamma column=427"
1014,1015,"MEM.E.Read","decode norm1: RMSNorm x scale column=427"
1014,1015,"MEM.E.Read","decode norm1: RMSNorm gamma column=427"
1014,1015,"MEM.E.Write","decode norm1: RMSNorm write column=421"
1014,1015,"MEM.E.Write","decode norm1: RMSNorm write column=421"
1014,1015,"VXM.ALU6","decode norm1: x * inverse_rms column=425"
1014,1015,"VXM.ALU7","decode norm1: RMSNorm BF16 output column=424"
1015,1016,"MEM.E.Read","decode norm1: RMSNorm x scale column=428"
1015,1016,"MEM.E.Read","decode norm1: RMSNorm gamma column=428"
1015,1016,"MEM.E.Read","decode norm1: RMSNorm x scale column=428"
1015,1016,"MEM.E.Read","decode norm1: RMSNorm gamma column=428"
1015,1016,"MEM.E.Write","decode norm1: RMSNorm write column=422"
1015,1016,"MEM.E.Write","decode norm1: RMSNorm write column=422"
1015,1016,"VXM.ALU6","decode norm1: x * inverse_rms column=426"
1015,1016,"VXM.ALU7","decode norm1: RMSNorm BF16 output column=425"
1016,1017,"MEM.E.Read","decode norm1: RMSNorm x scale column=429"
1016,1017,"MEM.E.Read","decode norm1: RMSNorm gamma column=429"
1016,1017,"MEM.E.Read","decode norm1: RMSNorm x scale column=429"
1016,1017,"MEM.E.Read","decode norm1: RMSNorm gamma column=429"
1016,1017,"MEM.E.Write","decode norm1: RMSNorm write column=423"
1016,1017,"MEM.E.Write","decode norm1: RMSNorm write column=423"
1016,1017,"VXM.ALU6","decode norm1: x * inverse_rms column=427"
1016,1017,"VXM.ALU7","decode norm1: RMSNorm BF16 output column=426"
1017,1018,"MEM.E.Read","decode norm1: RMSNorm x scale column=430"
1017,1018,"MEM.E.Read","decode norm1: RMSNorm gamma column=430"
1017,1018,"MEM.E.Read","decode norm1: RMSNorm x scale column=430"
1017,1018,"MEM.E.Read","decode norm1: RMSNorm gamma column=430"
1017,1018,"MEM.E.Write","decode norm1: RMSNorm write column=424"
1017,1018,"MEM.E.Write","decode norm1: RMSNorm write column=424"
1017,1018,"VXM.ALU6","decode norm1: x * inverse_rms column=428"
1017,1018,"VXM.ALU7","decode norm1: RMSNorm BF16 output column=427"
1018,1019,"MEM.E.Read","decode norm1: RMSNorm x scale column=431"
1018,1019,"MEM.E.Read","decode norm1: RMSNorm gamma column=431"
1018,1019,"MEM.E.Read","decode norm1: RMSNorm x scale column=431"
1018,1019,"MEM.E.Read","decode norm1: RMSNorm gamma column=431"
1018,1019,"MEM.E.Write","decode norm1: RMSNorm write column=425"
1018,1019,"MEM.E.Write","decode norm1: RMSNorm write column=425"
1018,1019,"VXM.ALU6","decode norm1: x * inverse_rms column=429"
1018,1019,"VXM.ALU7","decode norm1: RMSNorm BF16 output column=428"
1019,1020,"MEM.E.Read","decode norm1: RMSNorm x scale column=432"
1019,1020,"MEM.E.Read","decode norm1: RMSNorm gamma column=432"
1019,1020,"MEM.E.Read","decode norm1: RMSNorm x scale column=432"
1019,1020,"MEM.E.Read","decode norm1: RMSNorm gamma column=432"
1019,1020,"MEM.E.Write","decode norm1: RMSNorm write column=426"
1019,1020,"MEM.E.Write","decode norm1: RMSNorm write column=426"
1019,1020,"VXM.ALU6","decode norm1: x * inverse_rms column=430"
1019,1020,"VXM.ALU7","decode norm1: RMSNorm BF16 output column=429"
1020,1021,"MEM.E.Read","decode norm1: RMSNorm x scale column=433"
1020,1021,"MEM.E.Read","decode norm1: RMSNorm gamma column=433"
1020,1021,"MEM.E.Read","decode norm1: RMSNorm x scale column=433"
1020,1021,"MEM.E.Read","decode norm1: RMSNorm gamma column=433"
1020,1021,"MEM.E.Write","decode norm1: RMSNorm write column=427"
1020,1021,"MEM.E.Write","decode norm1: RMSNorm write column=427"
1020,1021,"VXM.ALU6","decode norm1: x * inverse_rms column=431"
1020,1021,"VXM.ALU7","decode norm1: RMSNorm BF16 output column=430"
1021,1022,"MEM.E.Read","decode norm1: RMSNorm x scale column=434"
1021,1022,"MEM.E.Read","decode norm1: RMSNorm gamma column=434"
1021,1022,"MEM.E.Read","decode norm1: RMSNorm x scale column=434"
1021,1022,"MEM.E.Read","decode norm1: RMSNorm gamma column=434"
1021,1022,"MEM.E.Write","decode norm1: RMSNorm write column=428"
1021,1022,"MEM.E.Write","decode norm1: RMSNorm write column=428"
1021,1022,"VXM.ALU6","decode norm1: x * inverse_rms column=432"
1021,1022,"VXM.ALU7","decode norm1: RMSNorm BF16 output column=431"
1022,1023,"MEM.E.Read","decode norm1: RMSNorm x scale column=435"
1022,1023,"MEM.E.Read","decode norm1: RMSNorm gamma column=435"
1022,1023,"MEM.E.Read","decode norm1: RMSNorm x scale column=435"
1022,1023,"MEM.E.Read","decode norm1: RMSNorm gamma column=435"
1022,1023,"MEM.E.Write","decode norm1: RMSNorm write column=429"
1022,1023,"MEM.E.Write","decode norm1: RMSNorm write column=429"
1022,1023,"VXM.ALU6","decode norm1: x * inverse_rms column=433"
1022,1023,"VXM.ALU7","decode norm1: RMSNorm BF16 output column=432"
1023,1024,"MEM.E.Read","decode norm1: RMSNorm x scale column=436"
1023,1024,"MEM.E.Read","decode norm1: RMSNorm gamma column=436"
1023,1024,"MEM.E.Read","decode norm1: RMSNorm x scale column=436"
1023,1024,"MEM.E.Read","decode norm1: RMSNorm gamma column=436"
1023,1024,"MEM.E.Write","decode norm1: RMSNorm write column=430"
1023,1024,"MEM.E.Write","decode norm1: RMSNorm write column=430"
1023,1024,"VXM.ALU6","decode norm1: x * inverse_rms column=434"
1023,1024,"VXM.ALU7","decode norm1: RMSNorm BF16 output column=433"
1024,1025,"MEM.E.Read","decode norm1: RMSNorm x scale column=437"
1024,1025,"MEM.E.Read","decode norm1: RMSNorm gamma column=437"
1024,1025,"MEM.E.Read","decode norm1: RMSNorm x scale column=437"
1024,1025,"MEM.E.Read","decode norm1: RMSNorm gamma column=437"
1024,1025,"MEM.E.Write","decode norm1: RMSNorm write column=431"
1024,1025,"MEM.E.Write","decode norm1: RMSNorm write column=431"
1024,1025,"VXM.ALU6","decode norm1: x * inverse_rms column=435"
1024,1025,"VXM.ALU7","decode norm1: RMSNorm BF16 output column=434"
1025,1026,"MEM.E.Read","decode norm1: RMSNorm x scale column=438"
1025,1026,"MEM.E.Read","decode norm1: RMSNorm gamma column=438"
1025,1026,"MEM.E.Read","decode norm1: RMSNorm x scale column=438"
1025,1026,"MEM.E.Read","decode norm1: RMSNorm gamma column=438"
1025,1026,"MEM.E.Write","decode norm1: RMSNorm write column=432"
1025,1026,"MEM.E.Write","decode norm1: RMSNorm write column=432"
1025,1026,"VXM.ALU6","decode norm1: x * inverse_rms column=436"
1025,1026,"VXM.ALU7","decode norm1: RMSNorm BF16 output column=435"
1026,1027,"MEM.E.Read","decode norm1: RMSNorm x scale column=439"
1026,1027,"MEM.E.Read","decode norm1: RMSNorm gamma column=439"
1026,1027,"MEM.E.Read","decode norm1: RMSNorm x scale column=439"
1026,1027,"MEM.E.Read","decode norm1: RMSNorm gamma column=439"
1026,1027,"MEM.E.Write","decode norm1: RMSNorm write column=433"
1026,1027,"MEM.E.Write","decode norm1: RMSNorm write column=433"
1026,1027,"VXM.ALU6","decode norm1: x * inverse_rms column=437"
1026,1027,"VXM.ALU7","decode norm1: RMSNorm BF16 output column=436"
1027,1028,"MEM.E.Read","decode norm1: RMSNorm x scale column=440"
1027,1028,"MEM.E.Read","decode norm1: RMSNorm gamma column=440"
1027,1028,"MEM.E.Read","decode norm1: RMSNorm x scale column=440"
1027,1028,"MEM.E.Read","decode norm1: RMSNorm gamma column=440"
1027,1028,"MEM.E.Write","decode norm1: RMSNorm write column=434"
1027,1028,"MEM.E.Write","decode norm1: RMSNorm write column=434"
1027,1028,"VXM.ALU6","decode norm1: x * inverse_rms column=438"
1027,1028,"VXM.ALU7","decode norm1: RMSNorm BF16 output column=437"
1028,1029,"MEM.E.Read","decode norm1: RMSNorm x scale column=441"
1028,1029,"MEM.E.Read","decode norm1: RMSNorm gamma column=441"
1028,1029,"MEM.E.Read","decode norm1: RMSNorm x scale column=441"
1028,1029,"MEM.E.Read","decode norm1: RMSNorm gamma column=441"
1028,1029,"MEM.E.Write","decode norm1: RMSNorm write column=435"
1028,1029,"MEM.E.Write","decode norm1: RMSNorm write column=435"
1028,1029,"VXM.ALU6","decode norm1: x * inverse_rms column=439"
1028,1029,"VXM.ALU7","decode norm1: RMSNorm BF16 output column=438"
1029,1030,"MEM.E.Read","decode norm1: RMSNorm x scale column=442"
1029,1030,"MEM.E.Read","decode norm1: RMSNorm gamma column=442"
1029,1030,"MEM.E.Read","decode norm1: RMSNorm x scale column=442"
1029,1030,"MEM.E.Read","decode norm1: RMSNorm gamma column=442"
1029,1030,"MEM.E.Write","decode norm1: RMSNorm write column=436"
1029,1030,"MEM.E.Write","decode norm1: RMSNorm write column=436"
1029,1030,"VXM.ALU6","decode norm1: x * inverse_rms column=440"
1029,1030,"VXM.ALU7","decode norm1: RMSNorm BF16 output column=439"
1030,1031,"MEM.E.Read","decode norm1: RMSNorm x scale column=443"
1030,1031,"MEM.E.Read","decode norm1: RMSNorm gamma column=443"
1030,1031,"MEM.E.Read","decode norm1: RMSNorm x scale column=443"
1030,1031,"MEM.E.Read","decode norm1: RMSNorm gamma column=443"
1030,1031,"MEM.E.Write","decode norm1: RMSNorm write column=437"
1030,1031,"MEM.E.Write","decode norm1: RMSNorm write column=437"
1030,1031,"VXM.ALU6","decode norm1: x * inverse_rms column=441"
1030,1031,"VXM.ALU7","decode norm1: RMSNorm BF16 output column=440"
1031,1032,"MEM.E.Read","decode norm1: RMSNorm x scale column=444"
1031,1032,"MEM.E.Read","decode norm1: RMSNorm gamma column=444"
1031,1032,"MEM.E.Read","decode norm1: RMSNorm x scale column=444"
1031,1032,"MEM.E.Read","decode norm1: RMSNorm gamma column=444"
1031,1032,"MEM.E.Write","decode norm1: RMSNorm write column=438"
1031,1032,"MEM.E.Write","decode norm1: RMSNorm write column=438"
1031,1032,"VXM.ALU6","decode norm1: x * inverse_rms column=442"
1031,1032,"VXM.ALU7","decode norm1: RMSNorm BF16 output column=441"
1032,1033,"MEM.E.Read","decode norm1: RMSNorm x scale column=445"
1032,1033,"MEM.E.Read","decode norm1: RMSNorm gamma column=445"
1032,1033,"MEM.E.Read","decode norm1: RMSNorm x scale column=445"
1032,1033,"MEM.E.Read","decode norm1: RMSNorm gamma column=445"
1032,1033,"MEM.E.Write","decode norm1: RMSNorm write column=439"
1032,1033,"MEM.E.Write","decode norm1: RMSNorm write column=439"
1032,1033,"VXM.ALU6","decode norm1: x * inverse_rms column=443"
1032,1033,"VXM.ALU7","decode norm1: RMSNorm BF16 output column=442"
1033,1034,"MEM.E.Read","decode norm1: RMSNorm x scale column=446"
1033,1034,"MEM.E.Read","decode norm1: RMSNorm gamma column=446"
1033,1034,"MEM.E.Read","decode norm1: RMSNorm x scale column=446"
1033,1034,"MEM.E.Read","decode norm1: RMSNorm gamma column=446"
1033,1034,"MEM.E.Write","decode norm1: RMSNorm write column=440"
1033,1034,"MEM.E.Write","decode norm1: RMSNorm write column=440"
1033,1034,"VXM.ALU6","decode norm1: x * inverse_rms column=444"
1033,1034,"VXM.ALU7","decode norm1: RMSNorm BF16 output column=443"
1034,1035,"MEM.E.Read","decode norm1: RMSNorm x scale column=447"
1034,1035,"MEM.E.Read","decode norm1: RMSNorm gamma column=447"
1034,1035,"MEM.E.Read","decode norm1: RMSNorm x scale column=447"
1034,1035,"MEM.E.Read","decode norm1: RMSNorm gamma column=447"
1034,1035,"MEM.E.Write","decode norm1: RMSNorm write column=441"
1034,1035,"MEM.E.Write","decode norm1: RMSNorm write column=441"
1034,1035,"VXM.ALU6","decode norm1: x * inverse_rms column=445"
1034,1035,"VXM.ALU7","decode norm1: RMSNorm BF16 output column=444"
1035,1036,"MEM.E.Read","decode norm1: RMSNorm x scale column=448"
1035,1036,"MEM.E.Read","decode norm1: RMSNorm gamma column=448"
1035,1036,"MEM.E.Read","decode norm1: RMSNorm x scale column=448"
1035,1036,"MEM.E.Read","decode norm1: RMSNorm gamma column=448"
1035,1036,"MEM.E.Write","decode norm1: RMSNorm write column=442"
1035,1036,"MEM.E.Write","decode norm1: RMSNorm write column=442"
1035,1036,"VXM.ALU6","decode norm1: x * inverse_rms column=446"
1035,1036,"VXM.ALU7","decode norm1: RMSNorm BF16 output column=445"
1036,1037,"MEM.E.Read","decode norm1: RMSNorm x scale column=449"
1036,1037,"MEM.E.Read","decode norm1: RMSNorm gamma column=449"
1036,1037,"MEM.E.Read","decode norm1: RMSNorm x scale column=449"
1036,1037,"MEM.E.Read","decode norm1: RMSNorm gamma column=449"
1036,1037,"MEM.E.Write","decode norm1: RMSNorm write column=443"
1036,1037,"MEM.E.Write","decode norm1: RMSNorm write column=443"
1036,1037,"VXM.ALU6","decode norm1: x * inverse_rms column=447"
1036,1037,"VXM.ALU7","decode norm1: RMSNorm BF16 output column=446"
1037,1038,"MEM.E.Read","decode norm1: RMSNorm x scale column=450"
1037,1038,"MEM.E.Read","decode norm1: RMSNorm gamma column=450"
1037,1038,"MEM.E.Read","decode norm1: RMSNorm x scale column=450"
1037,1038,"MEM.E.Read","decode norm1: RMSNorm gamma column=450"
1037,1038,"MEM.E.Write","decode norm1: RMSNorm write column=444"
1037,1038,"MEM.E.Write","decode norm1: RMSNorm write column=444"
1037,1038,"VXM.ALU6","decode norm1: x * inverse_rms column=448"
1037,1038,"VXM.ALU7","decode norm1: RMSNorm BF16 output column=447"
1038,1039,"MEM.E.Read","decode norm1: RMSNorm x scale column=451"
1038,1039,"MEM.E.Read","decode norm1: RMSNorm gamma column=451"
1038,1039,"MEM.E.Read","decode norm1: RMSNorm x scale column=451"
1038,1039,"MEM.E.Read","decode norm1: RMSNorm gamma column=451"
1038,1039,"MEM.E.Write","decode norm1: RMSNorm write column=445"
1038,1039,"MEM.E.Write","decode norm1: RMSNorm write column=445"
1038,1039,"VXM.ALU6","decode norm1: x * inverse_rms column=449"
1038,1039,"VXM.ALU7","decode norm1: RMSNorm BF16 output column=448"
1039,1040,"MEM.E.Read","decode norm1: RMSNorm x scale column=452"
1039,1040,"MEM.E.Read","decode norm1: RMSNorm gamma column=452"
1039,1040,"MEM.E.Read","decode norm1: RMSNorm x scale column=452"
1039,1040,"MEM.E.Read","decode norm1: RMSNorm gamma column=452"
1039,1040,"MEM.E.Write","decode norm1: RMSNorm write column=446"
1039,1040,"MEM.E.Write","decode norm1: RMSNorm write column=446"
1039,1040,"VXM.ALU6","decode norm1: x * inverse_rms column=450"
1039,1040,"VXM.ALU7","decode norm1: RMSNorm BF16 output column=449"
1040,1041,"MEM.E.Read","decode norm1: RMSNorm x scale column=453"
1040,1041,"MEM.E.Read","decode norm1: RMSNorm gamma column=453"
1040,1041,"MEM.E.Read","decode norm1: RMSNorm x scale column=453"
1040,1041,"MEM.E.Read","decode norm1: RMSNorm gamma column=453"
1040,1041,"MEM.E.Write","decode norm1: RMSNorm write column=447"
1040,1041,"MEM.E.Write","decode norm1: RMSNorm write column=447"
1040,1041,"VXM.ALU6","decode norm1: x * inverse_rms column=451"
1040,1041,"VXM.ALU7","decode norm1: RMSNorm BF16 output column=450"
1041,1042,"MEM.E.Read","decode norm1: RMSNorm x scale column=454"
1041,1042,"MEM.E.Read","decode norm1: RMSNorm gamma column=454"
1041,1042,"MEM.E.Read","decode norm1: RMSNorm x scale column=454"
1041,1042,"MEM.E.Read","decode norm1: RMSNorm gamma column=454"
1041,1042,"MEM.E.Write","decode norm1: RMSNorm write column=448"
1041,1042,"MEM.E.Write","decode norm1: RMSNorm write column=448"
1041,1042,"VXM.ALU6","decode norm1: x * inverse_rms column=452"
1041,1042,"VXM.ALU7","decode norm1: RMSNorm BF16 output column=451"
1042,1043,"MEM.E.Read","decode norm1: RMSNorm x scale column=455"
1042,1043,"MEM.E.Read","decode norm1: RMSNorm gamma column=455"
1042,1043,"MEM.E.Read","decode norm1: RMSNorm x scale column=455"
1042,1043,"MEM.E.Read","decode norm1: RMSNorm gamma column=455"
1042,1043,"MEM.E.Write","decode norm1: RMSNorm write column=449"
1042,1043,"MEM.E.Write","decode norm1: RMSNorm write column=449"
1042,1043,"VXM.ALU6","decode norm1: x * inverse_rms column=453"
1042,1043,"VXM.ALU7","decode norm1: RMSNorm BF16 output column=452"
1043,1044,"MEM.E.Read","decode norm1: RMSNorm x scale column=456"
1043,1044,"MEM.E.Read","decode norm1: RMSNorm gamma column=456"
1043,1044,"MEM.E.Read","decode norm1: RMSNorm x scale column=456"
1043,1044,"MEM.E.Read","decode norm1: RMSNorm gamma column=456"
1043,1044,"MEM.E.Write","decode norm1: RMSNorm write column=450"
1043,1044,"MEM.E.Write","decode norm1: RMSNorm write column=450"
1043,1044,"VXM.ALU6","decode norm1: x * inverse_rms column=454"
1043,1044,"VXM.ALU7","decode norm1: RMSNorm BF16 output column=453"
1044,1045,"MEM.E.Read","decode norm1: RMSNorm x scale column=457"
1044,1045,"MEM.E.Read","decode norm1: RMSNorm gamma column=457"
1044,1045,"MEM.E.Read","decode norm1: RMSNorm x scale column=457"
1044,1045,"MEM.E.Read","decode norm1: RMSNorm gamma column=457"
1044,1045,"MEM.E.Write","decode norm1: RMSNorm write column=451"
1044,1045,"MEM.E.Write","decode norm1: RMSNorm write column=451"
1044,1045,"VXM.ALU6","decode norm1: x * inverse_rms column=455"
1044,1045,"VXM.ALU7","decode norm1: RMSNorm BF16 output column=454"
1045,1046,"MEM.E.Read","decode norm1: RMSNorm x scale column=458"
1045,1046,"MEM.E.Read","decode norm1: RMSNorm gamma column=458"
1045,1046,"MEM.E.Read","decode norm1: RMSNorm x scale column=458"
1045,1046,"MEM.E.Read","decode norm1: RMSNorm gamma column=458"
1045,1046,"MEM.E.Write","decode norm1: RMSNorm write column=452"
1045,1046,"MEM.E.Write","decode norm1: RMSNorm write column=452"
1045,1046,"VXM.ALU6","decode norm1: x * inverse_rms column=456"
1045,1046,"VXM.ALU7","decode norm1: RMSNorm BF16 output column=455"
1046,1047,"MEM.E.Read","decode norm1: RMSNorm x scale column=459"
1046,1047,"MEM.E.Read","decode norm1: RMSNorm gamma column=459"
1046,1047,"MEM.E.Read","decode norm1: RMSNorm x scale column=459"
1046,1047,"MEM.E.Read","decode norm1: RMSNorm gamma column=459"
1046,1047,"MEM.E.Write","decode norm1: RMSNorm write column=453"
1046,1047,"MEM.E.Write","decode norm1: RMSNorm write column=453"
1046,1047,"VXM.ALU6","decode norm1: x * inverse_rms column=457"
1046,1047,"VXM.ALU7","decode norm1: RMSNorm BF16 output column=456"
1047,1048,"MEM.E.Read","decode norm1: RMSNorm x scale column=460"
1047,1048,"MEM.E.Read","decode norm1: RMSNorm gamma column=460"
1047,1048,"MEM.E.Read","decode norm1: RMSNorm x scale column=460"
1047,1048,"MEM.E.Read","decode norm1: RMSNorm gamma column=460"
1047,1048,"MEM.E.Write","decode norm1: RMSNorm write column=454"
1047,1048,"MEM.E.Write","decode norm1: RMSNorm write column=454"
1047,1048,"VXM.ALU6","decode norm1: x * inverse_rms column=458"
1047,1048,"VXM.ALU7","decode norm1: RMSNorm BF16 output column=457"
1048,1049,"MEM.E.Read","decode norm1: RMSNorm x scale column=461"
1048,1049,"MEM.E.Read","decode norm1: RMSNorm gamma column=461"
1048,1049,"MEM.E.Read","decode norm1: RMSNorm x scale column=461"
1048,1049,"MEM.E.Read","decode norm1: RMSNorm gamma column=461"
1048,1049,"MEM.E.Write","decode norm1: RMSNorm write column=455"
1048,1049,"MEM.E.Write","decode norm1: RMSNorm write column=455"
1048,1049,"VXM.ALU6","decode norm1: x * inverse_rms column=459"
1048,1049,"VXM.ALU7","decode norm1: RMSNorm BF16 output column=458"
1049,1050,"MEM.E.Read","decode norm1: RMSNorm x scale column=462"
1049,1050,"MEM.E.Read","decode norm1: RMSNorm gamma column=462"
1049,1050,"MEM.E.Read","decode norm1: RMSNorm x scale column=462"
1049,1050,"MEM.E.Read","decode norm1: RMSNorm gamma column=462"
1049,1050,"MEM.E.Write","decode norm1: RMSNorm write column=456"
1049,1050,"MEM.E.Write","decode norm1: RMSNorm write column=456"
1049,1050,"VXM.ALU6","decode norm1: x * inverse_rms column=460"
1049,1050,"VXM.ALU7","decode norm1: RMSNorm BF16 output column=459"
1050,1051,"MEM.E.Read","decode norm1: RMSNorm x scale column=463"
1050,1051,"MEM.E.Read","decode norm1: RMSNorm gamma column=463"
1050,1051,"MEM.E.Read","decode norm1: RMSNorm x scale column=463"
1050,1051,"MEM.E.Read","decode norm1: RMSNorm gamma column=463"
1050,1051,"MEM.E.Write","decode norm1: RMSNorm write column=457"
1050,1051,"MEM.E.Write","decode norm1: RMSNorm write column=457"
1050,1051,"VXM.ALU6","decode norm1: x * inverse_rms column=461"
1050,1051,"VXM.ALU7","decode norm1: RMSNorm BF16 output column=460"
1051,1052,"MEM.E.Read","decode norm1: RMSNorm x scale column=464"
1051,1052,"MEM.E.Read","decode norm1: RMSNorm gamma column=464"
1051,1052,"MEM.E.Read","decode norm1: RMSNorm x scale column=464"
1051,1052,"MEM.E.Read","decode norm1: RMSNorm gamma column=464"
1051,1052,"MEM.E.Write","decode norm1: RMSNorm write column=458"
1051,1052,"MEM.E.Write","decode norm1: RMSNorm write column=458"
1051,1052,"VXM.ALU6","decode norm1: x * inverse_rms column=462"
1051,1052,"VXM.ALU7","decode norm1: RMSNorm BF16 output column=461"
1052,1053,"MEM.E.Read","decode norm1: RMSNorm x scale column=465"
1052,1053,"MEM.E.Read","decode norm1: RMSNorm gamma column=465"
1052,1053,"MEM.E.Read","decode norm1: RMSNorm x scale column=465"
1052,1053,"MEM.E.Read","decode norm1: RMSNorm gamma column=465"
1052,1053,"MEM.E.Write","decode norm1: RMSNorm write column=459"
1052,1053,"MEM.E.Write","decode norm1: RMSNorm write column=459"
1052,1053,"VXM.ALU6","decode norm1: x * inverse_rms column=463"
1052,1053,"VXM.ALU7","decode norm1: RMSNorm BF16 output column=462"
1053,1054,"MEM.E.Read","decode norm1: RMSNorm x scale column=466"
1053,1054,"MEM.E.Read","decode norm1: RMSNorm gamma column=466"
1053,1054,"MEM.E.Read","decode norm1: RMSNorm x scale column=466"
1053,1054,"MEM.E.Read","decode norm1: RMSNorm gamma column=466"
1053,1054,"MEM.E.Write","decode norm1: RMSNorm write column=460"
1053,1054,"MEM.E.Write","decode norm1: RMSNorm write column=460"
1053,1054,"VXM.ALU6","decode norm1: x * inverse_rms column=464"
1053,1054,"VXM.ALU7","decode norm1: RMSNorm BF16 output column=463"
1054,1055,"MEM.E.Read","decode norm1: RMSNorm x scale column=467"
1054,1055,"MEM.E.Read","decode norm1: RMSNorm gamma column=467"
1054,1055,"MEM.E.Read","decode norm1: RMSNorm x scale column=467"
1054,1055,"MEM.E.Read","decode norm1: RMSNorm gamma column=467"
1054,1055,"MEM.E.Write","decode norm1: RMSNorm write column=461"
1054,1055,"MEM.E.Write","decode norm1: RMSNorm write column=461"
1054,1055,"VXM.ALU6","decode norm1: x * inverse_rms column=465"
1054,1055,"VXM.ALU7","decode norm1: RMSNorm BF16 output column=464"
1055,1056,"MEM.E.Read","decode norm1: RMSNorm x scale column=468"
1055,1056,"MEM.E.Read","decode norm1: RMSNorm gamma column=468"
1055,1056,"MEM.E.Read","decode norm1: RMSNorm x scale column=468"
1055,1056,"MEM.E.Read","decode norm1: RMSNorm gamma column=468"
1055,1056,"MEM.E.Write","decode norm1: RMSNorm write column=462"
1055,1056,"MEM.E.Write","decode norm1: RMSNorm write column=462"
1055,1056,"VXM.ALU6","decode norm1: x * inverse_rms column=466"
1055,1056,"VXM.ALU7","decode norm1: RMSNorm BF16 output column=465"
1056,1057,"MEM.E.Read","decode norm1: RMSNorm x scale column=469"
1056,1057,"MEM.E.Read","decode norm1: RMSNorm gamma column=469"
1056,1057,"MEM.E.Read","decode norm1: RMSNorm x scale column=469"
1056,1057,"MEM.E.Read","decode norm1: RMSNorm gamma column=469"
1056,1057,"MEM.E.Write","decode norm1: RMSNorm write column=463"
1056,1057,"MEM.E.Write","decode norm1: RMSNorm write column=463"
1056,1057,"VXM.ALU6","decode norm1: x * inverse_rms column=467"
1056,1057,"VXM.ALU7","decode norm1: RMSNorm BF16 output column=466"
1057,1058,"MEM.E.Read","decode norm1: RMSNorm x scale column=470"
1057,1058,"MEM.E.Read","decode norm1: RMSNorm gamma column=470"
1057,1058,"MEM.E.Read","decode norm1: RMSNorm x scale column=470"
1057,1058,"MEM.E.Read","decode norm1: RMSNorm gamma column=470"
1057,1058,"MEM.E.Write","decode norm1: RMSNorm write column=464"
1057,1058,"MEM.E.Write","decode norm1: RMSNorm write column=464"
1057,1058,"VXM.ALU6","decode norm1: x * inverse_rms column=468"
1057,1058,"VXM.ALU7","decode norm1: RMSNorm BF16 output column=467"
1058,1059,"MEM.E.Read","decode norm1: RMSNorm x scale column=471"
1058,1059,"MEM.E.Read","decode norm1: RMSNorm gamma column=471"
1058,1059,"MEM.E.Read","decode norm1: RMSNorm x scale column=471"
1058,1059,"MEM.E.Read","decode norm1: RMSNorm gamma column=471"
1058,1059,"MEM.E.Write","decode norm1: RMSNorm write column=465"
1058,1059,"MEM.E.Write","decode norm1: RMSNorm write column=465"
1058,1059,"VXM.ALU6","decode norm1: x * inverse_rms column=469"
1058,1059,"VXM.ALU7","decode norm1: RMSNorm BF16 output column=468"
1059,1060,"MEM.E.Read","decode norm1: RMSNorm x scale column=472"
1059,1060,"MEM.E.Read","decode norm1: RMSNorm gamma column=472"
1059,1060,"MEM.E.Read","decode norm1: RMSNorm x scale column=472"
1059,1060,"MEM.E.Read","decode norm1: RMSNorm gamma column=472"
1059,1060,"MEM.E.Write","decode norm1: RMSNorm write column=466"
1059,1060,"MEM.E.Write","decode norm1: RMSNorm write column=466"
1059,1060,"VXM.ALU6","decode norm1: x * inverse_rms column=470"
1059,1060,"VXM.ALU7","decode norm1: RMSNorm BF16 output column=469"
1060,1061,"MEM.E.Read","decode norm1: RMSNorm x scale column=473"
1060,1061,"MEM.E.Read","decode norm1: RMSNorm gamma column=473"
1060,1061,"MEM.E.Read","decode norm1: RMSNorm x scale column=473"
1060,1061,"MEM.E.Read","decode norm1: RMSNorm gamma column=473"
1060,1061,"MEM.E.Write","decode norm1: RMSNorm write column=467"
1060,1061,"MEM.E.Write","decode norm1: RMSNorm write column=467"
1060,1061,"VXM.ALU6","decode norm1: x * inverse_rms column=471"
1060,1061,"VXM.ALU7","decode norm1: RMSNorm BF16 output column=470"
1061,1062,"MEM.E.Read","decode norm1: RMSNorm x scale column=474"
1061,1062,"MEM.E.Read","decode norm1: RMSNorm gamma column=474"
1061,1062,"MEM.E.Read","decode norm1: RMSNorm x scale column=474"
1061,1062,"MEM.E.Read","decode norm1: RMSNorm gamma column=474"
1061,1062,"MEM.E.Write","decode norm1: RMSNorm write column=468"
1061,1062,"MEM.E.Write","decode norm1: RMSNorm write column=468"
1061,1062,"VXM.ALU6","decode norm1: x * inverse_rms column=472"
1061,1062,"VXM.ALU7","decode norm1: RMSNorm BF16 output column=471"
1062,1063,"MEM.E.Read","decode norm1: RMSNorm x scale column=475"
1062,1063,"MEM.E.Read","decode norm1: RMSNorm gamma column=475"
1062,1063,"MEM.E.Read","decode norm1: RMSNorm x scale column=475"
1062,1063,"MEM.E.Read","decode norm1: RMSNorm gamma column=475"
1062,1063,"MEM.E.Write","decode norm1: RMSNorm write column=469"
1062,1063,"MEM.E.Write","decode norm1: RMSNorm write column=469"
1062,1063,"VXM.ALU6","decode norm1: x * inverse_rms column=473"
1062,1063,"VXM.ALU7","decode norm1: RMSNorm BF16 output column=472"
1063,1064,"MEM.E.Read","decode norm1: RMSNorm x scale column=476"
1063,1064,"MEM.E.Read","decode norm1: RMSNorm gamma column=476"
1063,1064,"MEM.E.Read","decode norm1: RMSNorm x scale column=476"
1063,1064,"MEM.E.Read","decode norm1: RMSNorm gamma column=476"
1063,1064,"MEM.E.Write","decode norm1: RMSNorm write column=470"
1063,1064,"MEM.E.Write","decode norm1: RMSNorm write column=470"
1063,1064,"VXM.ALU6","decode norm1: x * inverse_rms column=474"
1063,1064,"VXM.ALU7","decode norm1: RMSNorm BF16 output column=473"
1064,1065,"MEM.E.Read","decode norm1: RMSNorm x scale column=477"
1064,1065,"MEM.E.Read","decode norm1: RMSNorm gamma column=477"
1064,1065,"MEM.E.Read","decode norm1: RMSNorm x scale column=477"
1064,1065,"MEM.E.Read","decode norm1: RMSNorm gamma column=477"
1064,1065,"MEM.E.Write","decode norm1: RMSNorm write column=471"
1064,1065,"MEM.E.Write","decode norm1: RMSNorm write column=471"
1064,1065,"VXM.ALU6","decode norm1: x * inverse_rms column=475"
1064,1065,"VXM.ALU7","decode norm1: RMSNorm BF16 output column=474"
1065,1066,"MEM.E.Read","decode norm1: RMSNorm x scale column=478"
1065,1066,"MEM.E.Read","decode norm1: RMSNorm gamma column=478"
1065,1066,"MEM.E.Read","decode norm1: RMSNorm x scale column=478"
1065,1066,"MEM.E.Read","decode norm1: RMSNorm gamma column=478"
1065,1066,"MEM.E.Write","decode norm1: RMSNorm write column=472"
1065,1066,"MEM.E.Write","decode norm1: RMSNorm write column=472"
1065,1066,"VXM.ALU6","decode norm1: x * inverse_rms column=476"
1065,1066,"VXM.ALU7","decode norm1: RMSNorm BF16 output column=475"
1066,1067,"MEM.E.Read","decode norm1: RMSNorm x scale column=479"
1066,1067,"MEM.E.Read","decode norm1: RMSNorm gamma column=479"
1066,1067,"MEM.E.Read","decode norm1: RMSNorm x scale column=479"
1066,1067,"MEM.E.Read","decode norm1: RMSNorm gamma column=479"
1066,1067,"MEM.E.Write","decode norm1: RMSNorm write column=473"
1066,1067,"MEM.E.Write","decode norm1: RMSNorm write column=473"
1066,1067,"VXM.ALU6","decode norm1: x * inverse_rms column=477"
1066,1067,"VXM.ALU7","decode norm1: RMSNorm BF16 output column=476"
1067,1068,"MEM.E.Read","decode norm1: RMSNorm x scale column=480"
1067,1068,"MEM.E.Read","decode norm1: RMSNorm gamma column=480"
1067,1068,"MEM.E.Read","decode norm1: RMSNorm x scale column=480"
1067,1068,"MEM.E.Read","decode norm1: RMSNorm gamma column=480"
1067,1068,"MEM.E.Write","decode norm1: RMSNorm write column=474"
1067,1068,"MEM.E.Write","decode norm1: RMSNorm write column=474"
1067,1068,"VXM.ALU6","decode norm1: x * inverse_rms column=478"
1067,1068,"VXM.ALU7","decode norm1: RMSNorm BF16 output column=477"
1068,1069,"MEM.E.Read","decode norm1: RMSNorm x scale column=481"
1068,1069,"MEM.E.Read","decode norm1: RMSNorm gamma column=481"
1068,1069,"MEM.E.Read","decode norm1: RMSNorm x scale column=481"
1068,1069,"MEM.E.Read","decode norm1: RMSNorm gamma column=481"
1068,1069,"MEM.E.Write","decode norm1: RMSNorm write column=475"
1068,1069,"MEM.E.Write","decode norm1: RMSNorm write column=475"
1068,1069,"VXM.ALU6","decode norm1: x * inverse_rms column=479"
1068,1069,"VXM.ALU7","decode norm1: RMSNorm BF16 output column=478"
1069,1070,"MEM.E.Read","decode norm1: RMSNorm x scale column=482"
1069,1070,"MEM.E.Read","decode norm1: RMSNorm gamma column=482"
1069,1070,"MEM.E.Read","decode norm1: RMSNorm x scale column=482"
1069,1070,"MEM.E.Read","decode norm1: RMSNorm gamma column=482"
1069,1070,"MEM.E.Write","decode norm1: RMSNorm write column=476"
1069,1070,"MEM.E.Write","decode norm1: RMSNorm write column=476"
1069,1070,"VXM.ALU6","decode norm1: x * inverse_rms column=480"
1069,1070,"VXM.ALU7","decode norm1: RMSNorm BF16 output column=479"
1070,1071,"MEM.E.Read","decode norm1: RMSNorm x scale column=483"
1070,1071,"MEM.E.Read","decode norm1: RMSNorm gamma column=483"
1070,1071,"MEM.E.Read","decode norm1: RMSNorm x scale column=483"
1070,1071,"MEM.E.Read","decode norm1: RMSNorm gamma column=483"
1070,1071,"MEM.E.Write","decode norm1: RMSNorm write column=477"
1070,1071,"MEM.E.Write","decode norm1: RMSNorm write column=477"
1070,1071,"VXM.ALU6","decode norm1: x * inverse_rms column=481"
1070,1071,"VXM.ALU7","decode norm1: RMSNorm BF16 output column=480"
1071,1072,"MEM.E.Read","decode norm1: RMSNorm x scale column=484"
1071,1072,"MEM.E.Read","decode norm1: RMSNorm gamma column=484"
1071,1072,"MEM.E.Read","decode norm1: RMSNorm x scale column=484"
1071,1072,"MEM.E.Read","decode norm1: RMSNorm gamma column=484"
1071,1072,"MEM.E.Write","decode norm1: RMSNorm write column=478"
1071,1072,"MEM.E.Write","decode norm1: RMSNorm write column=478"
1071,1072,"VXM.ALU6","decode norm1: x * inverse_rms column=482"
1071,1072,"VXM.ALU7","decode norm1: RMSNorm BF16 output column=481"
1072,1073,"MEM.E.Read","decode norm1: RMSNorm x scale column=485"
1072,1073,"MEM.E.Read","decode norm1: RMSNorm gamma column=485"
1072,1073,"MEM.E.Read","decode norm1: RMSNorm x scale column=485"
1072,1073,"MEM.E.Read","decode norm1: RMSNorm gamma column=485"
1072,1073,"MEM.E.Write","decode norm1: RMSNorm write column=479"
1072,1073,"MEM.E.Write","decode norm1: RMSNorm write column=479"
1072,1073,"VXM.ALU6","decode norm1: x * inverse_rms column=483"
1072,1073,"VXM.ALU7","decode norm1: RMSNorm BF16 output column=482"
1073,1074,"MEM.E.Read","decode norm1: RMSNorm x scale column=486"
1073,1074,"MEM.E.Read","decode norm1: RMSNorm gamma column=486"
1073,1074,"MEM.E.Read","decode norm1: RMSNorm x scale column=486"
1073,1074,"MEM.E.Read","decode norm1: RMSNorm gamma column=486"
1073,1074,"MEM.E.Write","decode norm1: RMSNorm write column=480"
1073,1074,"MEM.E.Write","decode norm1: RMSNorm write column=480"
1073,1074,"VXM.ALU6","decode norm1: x * inverse_rms column=484"
1073,1074,"VXM.ALU7","decode norm1: RMSNorm BF16 output column=483"
1074,1075,"MEM.E.Read","decode norm1: RMSNorm x scale column=487"
1074,1075,"MEM.E.Read","decode norm1: RMSNorm gamma column=487"
1074,1075,"MEM.E.Read","decode norm1: RMSNorm x scale column=487"
1074,1075,"MEM.E.Read","decode norm1: RMSNorm gamma column=487"
1074,1075,"MEM.E.Write","decode norm1: RMSNorm write column=481"
1074,1075,"MEM.E.Write","decode norm1: RMSNorm write column=481"
1074,1075,"VXM.ALU6","decode norm1: x * inverse_rms column=485"
1074,1075,"VXM.ALU7","decode norm1: RMSNorm BF16 output column=484"
1075,1076,"MEM.E.Read","decode norm1: RMSNorm x scale column=488"
1075,1076,"MEM.E.Read","decode norm1: RMSNorm gamma column=488"
1075,1076,"MEM.E.Read","decode norm1: RMSNorm x scale column=488"
1075,1076,"MEM.E.Read","decode norm1: RMSNorm gamma column=488"
1075,1076,"MEM.E.Write","decode norm1: RMSNorm write column=482"
1075,1076,"MEM.E.Write","decode norm1: RMSNorm write column=482"
1075,1076,"VXM.ALU6","decode norm1: x * inverse_rms column=486"
1075,1076,"VXM.ALU7","decode norm1: RMSNorm BF16 output column=485"
1076,1077,"MEM.E.Read","decode norm1: RMSNorm x scale column=489"
1076,1077,"MEM.E.Read","decode norm1: RMSNorm gamma column=489"
1076,1077,"MEM.E.Read","decode norm1: RMSNorm x scale column=489"
1076,1077,"MEM.E.Read","decode norm1: RMSNorm gamma column=489"
1076,1077,"MEM.E.Write","decode norm1: RMSNorm write column=483"
1076,1077,"MEM.E.Write","decode norm1: RMSNorm write column=483"
1076,1077,"VXM.ALU6","decode norm1: x * inverse_rms column=487"
1076,1077,"VXM.ALU7","decode norm1: RMSNorm BF16 output column=486"
1077,1078,"MEM.E.Read","decode norm1: RMSNorm x scale column=490"
1077,1078,"MEM.E.Read","decode norm1: RMSNorm gamma column=490"
1077,1078,"MEM.E.Read","decode norm1: RMSNorm x scale column=490"
1077,1078,"MEM.E.Read","decode norm1: RMSNorm gamma column=490"
1077,1078,"MEM.E.Write","decode norm1: RMSNorm write column=484"
1077,1078,"MEM.E.Write","decode norm1: RMSNorm write column=484"
1077,1078,"VXM.ALU6","decode norm1: x * inverse_rms column=488"
1077,1078,"VXM.ALU7","decode norm1: RMSNorm BF16 output column=487"
1078,1079,"MEM.E.Read","decode norm1: RMSNorm x scale column=491"
1078,1079,"MEM.E.Read","decode norm1: RMSNorm gamma column=491"
1078,1079,"MEM.E.Read","decode norm1: RMSNorm x scale column=491"
1078,1079,"MEM.E.Read","decode norm1: RMSNorm gamma column=491"
1078,1079,"MEM.E.Write","decode norm1: RMSNorm write column=485"
1078,1079,"MEM.E.Write","decode norm1: RMSNorm write column=485"
1078,1079,"VXM.ALU6","decode norm1: x * inverse_rms column=489"
1078,1079,"VXM.ALU7","decode norm1: RMSNorm BF16 output column=488"
1079,1080,"MEM.E.Read","decode norm1: RMSNorm x scale column=492"
1079,1080,"MEM.E.Read","decode norm1: RMSNorm gamma column=492"
1079,1080,"MEM.E.Read","decode norm1: RMSNorm x scale column=492"
1079,1080,"MEM.E.Read","decode norm1: RMSNorm gamma column=492"
1079,1080,"MEM.E.Write","decode norm1: RMSNorm write column=486"
1079,1080,"MEM.E.Write","decode norm1: RMSNorm write column=486"
1079,1080,"VXM.ALU6","decode norm1: x * inverse_rms column=490"
1079,1080,"VXM.ALU7","decode norm1: RMSNorm BF16 output column=489"
1080,1081,"MEM.E.Read","decode norm1: RMSNorm x scale column=493"
1080,1081,"MEM.E.Read","decode norm1: RMSNorm gamma column=493"
1080,1081,"MEM.E.Read","decode norm1: RMSNorm x scale column=493"
1080,1081,"MEM.E.Read","decode norm1: RMSNorm gamma column=493"
1080,1081,"MEM.E.Write","decode norm1: RMSNorm write column=487"
1080,1081,"MEM.E.Write","decode norm1: RMSNorm write column=487"
1080,1081,"VXM.ALU6","decode norm1: x * inverse_rms column=491"
1080,1081,"VXM.ALU7","decode norm1: RMSNorm BF16 output column=490"
1081,1082,"MEM.E.Read","decode norm1: RMSNorm x scale column=494"
1081,1082,"MEM.E.Read","decode norm1: RMSNorm gamma column=494"
1081,1082,"MEM.E.Read","decode norm1: RMSNorm x scale column=494"
1081,1082,"MEM.E.Read","decode norm1: RMSNorm gamma column=494"
1081,1082,"MEM.E.Write","decode norm1: RMSNorm write column=488"
1081,1082,"MEM.E.Write","decode norm1: RMSNorm write column=488"
1081,1082,"VXM.ALU6","decode norm1: x * inverse_rms column=492"
1081,1082,"VXM.ALU7","decode norm1: RMSNorm BF16 output column=491"
1082,1083,"MEM.E.Read","decode norm1: RMSNorm x scale column=495"
1082,1083,"MEM.E.Read","decode norm1: RMSNorm gamma column=495"
1082,1083,"MEM.E.Read","decode norm1: RMSNorm x scale column=495"
1082,1083,"MEM.E.Read","decode norm1: RMSNorm gamma column=495"
1082,1083,"MEM.E.Write","decode norm1: RMSNorm write column=489"
1082,1083,"MEM.E.Write","decode norm1: RMSNorm write column=489"
1082,1083,"VXM.ALU6","decode norm1: x * inverse_rms column=493"
1082,1083,"VXM.ALU7","decode norm1: RMSNorm BF16 output column=492"
1083,1084,"MEM.E.Read","decode norm1: RMSNorm x scale column=496"
1083,1084,"MEM.E.Read","decode norm1: RMSNorm gamma column=496"
1083,1084,"MEM.E.Read","decode norm1: RMSNorm x scale column=496"
1083,1084,"MEM.E.Read","decode norm1: RMSNorm gamma column=496"
1083,1084,"MEM.E.Write","decode norm1: RMSNorm write column=490"
1083,1084,"MEM.E.Write","decode norm1: RMSNorm write column=490"
1083,1084,"VXM.ALU6","decode norm1: x * inverse_rms column=494"
1083,1084,"VXM.ALU7","decode norm1: RMSNorm BF16 output column=493"
1084,1085,"MEM.E.Read","decode norm1: RMSNorm x scale column=497"
1084,1085,"MEM.E.Read","decode norm1: RMSNorm gamma column=497"
1084,1085,"MEM.E.Read","decode norm1: RMSNorm x scale column=497"
1084,1085,"MEM.E.Read","decode norm1: RMSNorm gamma column=497"
1084,1085,"MEM.E.Write","decode norm1: RMSNorm write column=491"
1084,1085,"MEM.E.Write","decode norm1: RMSNorm write column=491"
1084,1085,"VXM.ALU6","decode norm1: x * inverse_rms column=495"
1084,1085,"VXM.ALU7","decode norm1: RMSNorm BF16 output column=494"
1085,1086,"MEM.E.Read","decode norm1: RMSNorm x scale column=498"
1085,1086,"MEM.E.Read","decode norm1: RMSNorm gamma column=498"
1085,1086,"MEM.E.Read","decode norm1: RMSNorm x scale column=498"
1085,1086,"MEM.E.Read","decode norm1: RMSNorm gamma column=498"
1085,1086,"MEM.E.Write","decode norm1: RMSNorm write column=492"
1085,1086,"MEM.E.Write","decode norm1: RMSNorm write column=492"
1085,1086,"VXM.ALU6","decode norm1: x * inverse_rms column=496"
1085,1086,"VXM.ALU7","decode norm1: RMSNorm BF16 output column=495"
1086,1087,"MEM.E.Read","decode norm1: RMSNorm x scale column=499"
1086,1087,"MEM.E.Read","decode norm1: RMSNorm gamma column=499"
1086,1087,"MEM.E.Read","decode norm1: RMSNorm x scale column=499"
1086,1087,"MEM.E.Read","decode norm1: RMSNorm gamma column=499"
1086,1087,"MEM.E.Write","decode norm1: RMSNorm write column=493"
1086,1087,"MEM.E.Write","decode norm1: RMSNorm write column=493"
1086,1087,"VXM.ALU6","decode norm1: x * inverse_rms column=497"
1086,1087,"VXM.ALU7","decode norm1: RMSNorm BF16 output column=496"
1087,1088,"MEM.E.Read","decode norm1: RMSNorm x scale column=500"
1087,1088,"MEM.E.Read","decode norm1: RMSNorm gamma column=500"
1087,1088,"MEM.E.Read","decode norm1: RMSNorm x scale column=500"
1087,1088,"MEM.E.Read","decode norm1: RMSNorm gamma column=500"
1087,1088,"MEM.E.Write","decode norm1: RMSNorm write column=494"
1087,1088,"MEM.E.Write","decode norm1: RMSNorm write column=494"
1087,1088,"VXM.ALU6","decode norm1: x * inverse_rms column=498"
1087,1088,"VXM.ALU7","decode norm1: RMSNorm BF16 output column=497"
1088,1089,"MEM.E.Read","decode norm1: RMSNorm x scale column=501"
1088,1089,"MEM.E.Read","decode norm1: RMSNorm gamma column=501"
1088,1089,"MEM.E.Read","decode norm1: RMSNorm x scale column=501"
1088,1089,"MEM.E.Read","decode norm1: RMSNorm gamma column=501"
1088,1089,"MEM.E.Write","decode norm1: RMSNorm write column=495"
1088,1089,"MEM.E.Write","decode norm1: RMSNorm write column=495"
1088,1089,"VXM.ALU6","decode norm1: x * inverse_rms column=499"
1088,1089,"VXM.ALU7","decode norm1: RMSNorm BF16 output column=498"
1089,1090,"MEM.E.Read","decode norm1: RMSNorm x scale column=502"
1089,1090,"MEM.E.Read","decode norm1: RMSNorm gamma column=502"
1089,1090,"MEM.E.Read","decode norm1: RMSNorm x scale column=502"
1089,1090,"MEM.E.Read","decode norm1: RMSNorm gamma column=502"
1089,1090,"MEM.E.Write","decode norm1: RMSNorm write column=496"
1089,1090,"MEM.E.Write","decode norm1: RMSNorm write column=496"
1089,1090,"VXM.ALU6","decode norm1: x * inverse_rms column=500"
1089,1090,"VXM.ALU7","decode norm1: RMSNorm BF16 output column=499"
1090,1091,"MEM.E.Read","decode norm1: RMSNorm x scale column=503"
1090,1091,"MEM.E.Read","decode norm1: RMSNorm gamma column=503"
1090,1091,"MEM.E.Read","decode norm1: RMSNorm x scale column=503"
1090,1091,"MEM.E.Read","decode norm1: RMSNorm gamma column=503"
1090,1091,"MEM.E.Write","decode norm1: RMSNorm write column=497"
1090,1091,"MEM.E.Write","decode norm1: RMSNorm write column=497"
1090,1091,"VXM.ALU6","decode norm1: x * inverse_rms column=501"
1090,1091,"VXM.ALU7","decode norm1: RMSNorm BF16 output column=500"
1091,1092,"MEM.E.Read","decode norm1: RMSNorm x scale column=504"
1091,1092,"MEM.E.Read","decode norm1: RMSNorm gamma column=504"
1091,1092,"MEM.E.Read","decode norm1: RMSNorm x scale column=504"
1091,1092,"MEM.E.Read","decode norm1: RMSNorm gamma column=504"
1091,1092,"MEM.E.Write","decode norm1: RMSNorm write column=498"
1091,1092,"MEM.E.Write","decode norm1: RMSNorm write column=498"
1091,1092,"VXM.ALU6","decode norm1: x * inverse_rms column=502"
1091,1092,"VXM.ALU7","decode norm1: RMSNorm BF16 output column=501"
1092,1093,"MEM.E.Read","decode norm1: RMSNorm x scale column=505"
1092,1093,"MEM.E.Read","decode norm1: RMSNorm gamma column=505"
1092,1093,"MEM.E.Read","decode norm1: RMSNorm x scale column=505"
1092,1093,"MEM.E.Read","decode norm1: RMSNorm gamma column=505"
1092,1093,"MEM.E.Write","decode norm1: RMSNorm write column=499"
1092,1093,"MEM.E.Write","decode norm1: RMSNorm write column=499"
1092,1093,"VXM.ALU6","decode norm1: x * inverse_rms column=503"
1092,1093,"VXM.ALU7","decode norm1: RMSNorm BF16 output column=502"
1093,1094,"MEM.E.Read","decode norm1: RMSNorm x scale column=506"
1093,1094,"MEM.E.Read","decode norm1: RMSNorm gamma column=506"
1093,1094,"MEM.E.Read","decode norm1: RMSNorm x scale column=506"
1093,1094,"MEM.E.Read","decode norm1: RMSNorm gamma column=506"
1093,1094,"MEM.E.Write","decode norm1: RMSNorm write column=500"
1093,1094,"MEM.E.Write","decode norm1: RMSNorm write column=500"
1093,1094,"VXM.ALU6","decode norm1: x * inverse_rms column=504"
1093,1094,"VXM.ALU7","decode norm1: RMSNorm BF16 output column=503"
1094,1095,"MEM.E.Read","decode norm1: RMSNorm x scale column=507"
1094,1095,"MEM.E.Read","decode norm1: RMSNorm gamma column=507"
1094,1095,"MEM.E.Read","decode norm1: RMSNorm x scale column=507"
1094,1095,"MEM.E.Read","decode norm1: RMSNorm gamma column=507"
1094,1095,"MEM.E.Write","decode norm1: RMSNorm write column=501"
1094,1095,"MEM.E.Write","decode norm1: RMSNorm write column=501"
1094,1095,"VXM.ALU6","decode norm1: x * inverse_rms column=505"
1094,1095,"VXM.ALU7","decode norm1: RMSNorm BF16 output column=504"
1095,1096,"MEM.E.Read","decode norm1: RMSNorm x scale column=508"
1095,1096,"MEM.E.Read","decode norm1: RMSNorm gamma column=508"
1095,1096,"MEM.E.Read","decode norm1: RMSNorm x scale column=508"
1095,1096,"MEM.E.Read","decode norm1: RMSNorm gamma column=508"
1095,1096,"MEM.E.Write","decode norm1: RMSNorm write column=502"
1095,1096,"MEM.E.Write","decode norm1: RMSNorm write column=502"
1095,1096,"VXM.ALU6","decode norm1: x * inverse_rms column=506"
1095,1096,"VXM.ALU7","decode norm1: RMSNorm BF16 output column=505"
1096,1097,"MEM.E.Read","decode norm1: RMSNorm x scale column=509"
1096,1097,"MEM.E.Read","decode norm1: RMSNorm gamma column=509"
1096,1097,"MEM.E.Read","decode norm1: RMSNorm x scale column=509"
1096,1097,"MEM.E.Read","decode norm1: RMSNorm gamma column=509"
1096,1097,"MEM.E.Write","decode norm1: RMSNorm write column=503"
1096,1097,"MEM.E.Write","decode norm1: RMSNorm write column=503"
1096,1097,"VXM.ALU6","decode norm1: x * inverse_rms column=507"
1096,1097,"VXM.ALU7","decode norm1: RMSNorm BF16 output column=506"
1097,1098,"MEM.E.Read","decode norm1: RMSNorm x scale column=510"
1097,1098,"MEM.E.Read","decode norm1: RMSNorm gamma column=510"
1097,1098,"MEM.E.Read","decode norm1: RMSNorm x scale column=510"
1097,1098,"MEM.E.Read","decode norm1: RMSNorm gamma column=510"
1097,1098,"MEM.E.Write","decode norm1: RMSNorm write column=504"
1097,1098,"MEM.E.Write","decode norm1: RMSNorm write column=504"
1097,1098,"VXM.ALU6","decode norm1: x * inverse_rms column=508"
1097,1098,"VXM.ALU7","decode norm1: RMSNorm BF16 output column=507"
1098,1099,"MEM.E.Read","decode norm1: RMSNorm x scale column=511"
1098,1099,"MEM.E.Read","decode norm1: RMSNorm gamma column=511"
1098,1099,"MEM.E.Read","decode norm1: RMSNorm x scale column=511"
1098,1099,"MEM.E.Read","decode norm1: RMSNorm gamma column=511"
1098,1099,"MEM.E.Write","decode norm1: RMSNorm write column=505"
1098,1099,"MEM.E.Write","decode norm1: RMSNorm write column=505"
1098,1099,"VXM.ALU6","decode norm1: x * inverse_rms column=509"
1098,1099,"VXM.ALU7","decode norm1: RMSNorm BF16 output column=508"
1099,1100,"MEM.E.Read","decode norm1: RMSNorm x scale column=512"
1099,1100,"MEM.E.Read","decode norm1: RMSNorm gamma column=512"
1099,1100,"MEM.E.Read","decode norm1: RMSNorm x scale column=512"
1099,1100,"MEM.E.Read","decode norm1: RMSNorm gamma column=512"
1099,1100,"MEM.E.Write","decode norm1: RMSNorm write column=506"
1099,1100,"MEM.E.Write","decode norm1: RMSNorm write column=506"
1099,1100,"VXM.ALU6","decode norm1: x * inverse_rms column=510"
1099,1100,"VXM.ALU7","decode norm1: RMSNorm BF16 output column=509"
1100,1101,"MEM.E.Read","decode norm1: RMSNorm x scale column=513"
1100,1101,"MEM.E.Read","decode norm1: RMSNorm gamma column=513"
1100,1101,"MEM.E.Read","decode norm1: RMSNorm x scale column=513"
1100,1101,"MEM.E.Read","decode norm1: RMSNorm gamma column=513"
1100,1101,"MEM.E.Write","decode norm1: RMSNorm write column=507"
1100,1101,"MEM.E.Write","decode norm1: RMSNorm write column=507"
1100,1101,"VXM.ALU6","decode norm1: x * inverse_rms column=511"
1100,1101,"VXM.ALU7","decode norm1: RMSNorm BF16 output column=510"
1101,1102,"MEM.E.Read","decode norm1: RMSNorm x scale column=514"
1101,1102,"MEM.E.Read","decode norm1: RMSNorm gamma column=514"
1101,1102,"MEM.E.Read","decode norm1: RMSNorm x scale column=514"
1101,1102,"MEM.E.Read","decode norm1: RMSNorm gamma column=514"
1101,1102,"MEM.E.Write","decode norm1: RMSNorm write column=508"
1101,1102,"MEM.E.Write","decode norm1: RMSNorm write column=508"
1101,1102,"VXM.ALU6","decode norm1: x * inverse_rms column=512"
1101,1102,"VXM.ALU7","decode norm1: RMSNorm BF16 output column=511"
1102,1103,"MEM.E.Read","decode norm1: RMSNorm x scale column=515"
1102,1103,"MEM.E.Read","decode norm1: RMSNorm gamma column=515"
1102,1103,"MEM.E.Read","decode norm1: RMSNorm x scale column=515"
1102,1103,"MEM.E.Read","decode norm1: RMSNorm gamma column=515"
1102,1103,"MEM.E.Write","decode norm1: RMSNorm write column=509"
1102,1103,"MEM.E.Write","decode norm1: RMSNorm write column=509"
1102,1103,"VXM.ALU6","decode norm1: x * inverse_rms column=513"
1102,1103,"VXM.ALU7","decode norm1: RMSNorm BF16 output column=512"
1103,1104,"MEM.E.Read","decode norm1: RMSNorm x scale column=516"
1103,1104,"MEM.E.Read","decode norm1: RMSNorm gamma column=516"
1103,1104,"MEM.E.Read","decode norm1: RMSNorm x scale column=516"
1103,1104,"MEM.E.Read","decode norm1: RMSNorm gamma column=516"
1103,1104,"MEM.E.Write","decode norm1: RMSNorm write column=510"
1103,1104,"MEM.E.Write","decode norm1: RMSNorm write column=510"
1103,1104,"VXM.ALU6","decode norm1: x * inverse_rms column=514"
1103,1104,"VXM.ALU7","decode norm1: RMSNorm BF16 output column=513"
1104,1105,"MEM.E.Read","decode norm1: RMSNorm x scale column=517"
1104,1105,"MEM.E.Read","decode norm1: RMSNorm gamma column=517"
1104,1105,"MEM.E.Read","decode norm1: RMSNorm x scale column=517"
1104,1105,"MEM.E.Read","decode norm1: RMSNorm gamma column=517"
1104,1105,"MEM.E.Write","decode norm1: RMSNorm write column=511"
1104,1105,"MEM.E.Write","decode norm1: RMSNorm write column=511"
1104,1105,"VXM.ALU6","decode norm1: x * inverse_rms column=515"
1104,1105,"VXM.ALU7","decode norm1: RMSNorm BF16 output column=514"
1105,1106,"MEM.E.Read","decode norm1: RMSNorm x scale column=518"
1105,1106,"MEM.E.Read","decode norm1: RMSNorm gamma column=518"
1105,1106,"MEM.E.Read","decode norm1: RMSNorm x scale column=518"
1105,1106,"MEM.E.Read","decode norm1: RMSNorm gamma column=518"
1105,1106,"MEM.E.Write","decode norm1: RMSNorm write column=512"
1105,1106,"MEM.E.Write","decode norm1: RMSNorm write column=512"
1105,1106,"VXM.ALU6","decode norm1: x * inverse_rms column=516"
1105,1106,"VXM.ALU7","decode norm1: RMSNorm BF16 output column=515"
1106,1107,"MEM.E.Read","decode norm1: RMSNorm x scale column=519"
1106,1107,"MEM.E.Read","decode norm1: RMSNorm gamma column=519"
1106,1107,"MEM.E.Read","decode norm1: RMSNorm x scale column=519"
1106,1107,"MEM.E.Read","decode norm1: RMSNorm gamma column=519"
1106,1107,"MEM.E.Write","decode norm1: RMSNorm write column=513"
1106,1107,"MEM.E.Write","decode norm1: RMSNorm write column=513"
1106,1107,"VXM.ALU6","decode norm1: x * inverse_rms column=517"
1106,1107,"VXM.ALU7","decode norm1: RMSNorm BF16 output column=516"
1107,1108,"MEM.E.Read","decode norm1: RMSNorm x scale column=520"
1107,1108,"MEM.E.Read","decode norm1: RMSNorm gamma column=520"
1107,1108,"MEM.E.Read","decode norm1: RMSNorm x scale column=520"
1107,1108,"MEM.E.Read","decode norm1: RMSNorm gamma column=520"
1107,1108,"MEM.E.Write","decode norm1: RMSNorm write column=514"
1107,1108,"MEM.E.Write","decode norm1: RMSNorm write column=514"
1107,1108,"VXM.ALU6","decode norm1: x * inverse_rms column=518"
1107,1108,"VXM.ALU7","decode norm1: RMSNorm BF16 output column=517"
1108,1109,"MEM.E.Read","decode norm1: RMSNorm x scale column=521"
1108,1109,"MEM.E.Read","decode norm1: RMSNorm gamma column=521"
1108,1109,"MEM.E.Read","decode norm1: RMSNorm x scale column=521"
1108,1109,"MEM.E.Read","decode norm1: RMSNorm gamma column=521"
1108,1109,"MEM.E.Write","decode norm1: RMSNorm write column=515"
1108,1109,"MEM.E.Write","decode norm1: RMSNorm write column=515"
1108,1109,"VXM.ALU6","decode norm1: x * inverse_rms column=519"
1108,1109,"VXM.ALU7","decode norm1: RMSNorm BF16 output column=518"
1109,1110,"MEM.E.Read","decode norm1: RMSNorm x scale column=522"
1109,1110,"MEM.E.Read","decode norm1: RMSNorm gamma column=522"
1109,1110,"MEM.E.Read","decode norm1: RMSNorm x scale column=522"
1109,1110,"MEM.E.Read","decode norm1: RMSNorm gamma column=522"
1109,1110,"MEM.E.Write","decode norm1: RMSNorm write column=516"
1109,1110,"MEM.E.Write","decode norm1: RMSNorm write column=516"
1109,1110,"VXM.ALU6","decode norm1: x * inverse_rms column=520"
1109,1110,"VXM.ALU7","decode norm1: RMSNorm BF16 output column=519"
1110,1111,"MEM.E.Read","decode norm1: RMSNorm x scale column=523"
1110,1111,"MEM.E.Read","decode norm1: RMSNorm gamma column=523"
1110,1111,"MEM.E.Read","decode norm1: RMSNorm x scale column=523"
1110,1111,"MEM.E.Read","decode norm1: RMSNorm gamma column=523"
1110,1111,"MEM.E.Write","decode norm1: RMSNorm write column=517"
1110,1111,"MEM.E.Write","decode norm1: RMSNorm write column=517"
1110,1111,"VXM.ALU6","decode norm1: x * inverse_rms column=521"
1110,1111,"VXM.ALU7","decode norm1: RMSNorm BF16 output column=520"
1111,1112,"MEM.E.Read","decode norm1: RMSNorm x scale column=524"
1111,1112,"MEM.E.Read","decode norm1: RMSNorm gamma column=524"
1111,1112,"MEM.E.Read","decode norm1: RMSNorm x scale column=524"
1111,1112,"MEM.E.Read","decode norm1: RMSNorm gamma column=524"
1111,1112,"MEM.E.Write","decode norm1: RMSNorm write column=518"
1111,1112,"MEM.E.Write","decode norm1: RMSNorm write column=518"
1111,1112,"VXM.ALU6","decode norm1: x * inverse_rms column=522"
1111,1112,"VXM.ALU7","decode norm1: RMSNorm BF16 output column=521"
1112,1113,"MEM.E.Read","decode norm1: RMSNorm x scale column=525"
1112,1113,"MEM.E.Read","decode norm1: RMSNorm gamma column=525"
1112,1113,"MEM.E.Read","decode norm1: RMSNorm x scale column=525"
1112,1113,"MEM.E.Read","decode norm1: RMSNorm gamma column=525"
1112,1113,"MEM.E.Write","decode norm1: RMSNorm write column=519"
1112,1113,"MEM.E.Write","decode norm1: RMSNorm write column=519"
1112,1113,"VXM.ALU6","decode norm1: x * inverse_rms column=523"
1112,1113,"VXM.ALU7","decode norm1: RMSNorm BF16 output column=522"
1113,1114,"MEM.E.Read","decode norm1: RMSNorm x scale column=526"
1113,1114,"MEM.E.Read","decode norm1: RMSNorm gamma column=526"
1113,1114,"MEM.E.Read","decode norm1: RMSNorm x scale column=526"
1113,1114,"MEM.E.Read","decode norm1: RMSNorm gamma column=526"
1113,1114,"MEM.E.Write","decode norm1: RMSNorm write column=520"
1113,1114,"MEM.E.Write","decode norm1: RMSNorm write column=520"
1113,1114,"VXM.ALU6","decode norm1: x * inverse_rms column=524"
1113,1114,"VXM.ALU7","decode norm1: RMSNorm BF16 output column=523"
1114,1115,"MEM.E.Read","decode norm1: RMSNorm x scale column=527"
1114,1115,"MEM.E.Read","decode norm1: RMSNorm gamma column=527"
1114,1115,"MEM.E.Read","decode norm1: RMSNorm x scale column=527"
1114,1115,"MEM.E.Read","decode norm1: RMSNorm gamma column=527"
1114,1115,"MEM.E.Write","decode norm1: RMSNorm write column=521"
1114,1115,"MEM.E.Write","decode norm1: RMSNorm write column=521"
1114,1115,"VXM.ALU6","decode norm1: x * inverse_rms column=525"
1114,1115,"VXM.ALU7","decode norm1: RMSNorm BF16 output column=524"
1115,1116,"MEM.E.Read","decode norm1: RMSNorm x scale column=528"
1115,1116,"MEM.E.Read","decode norm1: RMSNorm gamma column=528"
1115,1116,"MEM.E.Read","decode norm1: RMSNorm x scale column=528"
1115,1116,"MEM.E.Read","decode norm1: RMSNorm gamma column=528"
1115,1116,"MEM.E.Write","decode norm1: RMSNorm write column=522"
1115,1116,"MEM.E.Write","decode norm1: RMSNorm write column=522"
1115,1116,"VXM.ALU6","decode norm1: x * inverse_rms column=526"
1115,1116,"VXM.ALU7","decode norm1: RMSNorm BF16 output column=525"
1116,1117,"MEM.E.Read","decode norm1: RMSNorm x scale column=529"
1116,1117,"MEM.E.Read","decode norm1: RMSNorm gamma column=529"
1116,1117,"MEM.E.Read","decode norm1: RMSNorm x scale column=529"
1116,1117,"MEM.E.Read","decode norm1: RMSNorm gamma column=529"
1116,1117,"MEM.E.Write","decode norm1: RMSNorm write column=523"
1116,1117,"MEM.E.Write","decode norm1: RMSNorm write column=523"
1116,1117,"VXM.ALU6","decode norm1: x * inverse_rms column=527"
1116,1117,"VXM.ALU7","decode norm1: RMSNorm BF16 output column=526"
1117,1118,"MEM.E.Read","decode norm1: RMSNorm x scale column=530"
1117,1118,"MEM.E.Read","decode norm1: RMSNorm gamma column=530"
1117,1118,"MEM.E.Read","decode norm1: RMSNorm x scale column=530"
1117,1118,"MEM.E.Read","decode norm1: RMSNorm gamma column=530"
1117,1118,"MEM.E.Write","decode norm1: RMSNorm write column=524"
1117,1118,"MEM.E.Write","decode norm1: RMSNorm write column=524"
1117,1118,"VXM.ALU6","decode norm1: x * inverse_rms column=528"
1117,1118,"VXM.ALU7","decode norm1: RMSNorm BF16 output column=527"
1118,1119,"MEM.E.Read","decode norm1: RMSNorm x scale column=531"
1118,1119,"MEM.E.Read","decode norm1: RMSNorm gamma column=531"
1118,1119,"MEM.E.Read","decode norm1: RMSNorm x scale column=531"
1118,1119,"MEM.E.Read","decode norm1: RMSNorm gamma column=531"
1118,1119,"MEM.E.Write","decode norm1: RMSNorm write column=525"
1118,1119,"MEM.E.Write","decode norm1: RMSNorm write column=525"
1118,1119,"VXM.ALU6","decode norm1: x * inverse_rms column=529"
1118,1119,"VXM.ALU7","decode norm1: RMSNorm BF16 output column=528"
1119,1120,"MEM.E.Read","decode norm1: RMSNorm x scale column=532"
1119,1120,"MEM.E.Read","decode norm1: RMSNorm gamma column=532"
1119,1120,"MEM.E.Read","decode norm1: RMSNorm x scale column=532"
1119,1120,"MEM.E.Read","decode norm1: RMSNorm gamma column=532"
1119,1120,"MEM.E.Write","decode norm1: RMSNorm write column=526"
1119,1120,"MEM.E.Write","decode norm1: RMSNorm write column=526"
1119,1120,"VXM.ALU6","decode norm1: x * inverse_rms column=530"
1119,1120,"VXM.ALU7","decode norm1: RMSNorm BF16 output column=529"
1120,1121,"MEM.E.Read","decode norm1: RMSNorm x scale column=533"
1120,1121,"MEM.E.Read","decode norm1: RMSNorm gamma column=533"
1120,1121,"MEM.E.Read","decode norm1: RMSNorm x scale column=533"
1120,1121,"MEM.E.Read","decode norm1: RMSNorm gamma column=533"
1120,1121,"MEM.E.Write","decode norm1: RMSNorm write column=527"
1120,1121,"MEM.E.Write","decode norm1: RMSNorm write column=527"
1120,1121,"VXM.ALU6","decode norm1: x * inverse_rms column=531"
1120,1121,"VXM.ALU7","decode norm1: RMSNorm BF16 output column=530"
1121,1122,"MEM.E.Read","decode norm1: RMSNorm x scale column=534"
1121,1122,"MEM.E.Read","decode norm1: RMSNorm gamma column=534"
1121,1122,"MEM.E.Read","decode norm1: RMSNorm x scale column=534"
1121,1122,"MEM.E.Read","decode norm1: RMSNorm gamma column=534"
1121,1122,"MEM.E.Write","decode norm1: RMSNorm write column=528"
1121,1122,"MEM.E.Write","decode norm1: RMSNorm write column=528"
1121,1122,"VXM.ALU6","decode norm1: x * inverse_rms column=532"
1121,1122,"VXM.ALU7","decode norm1: RMSNorm BF16 output column=531"
1122,1123,"MEM.E.Read","decode norm1: RMSNorm x scale column=535"
1122,1123,"MEM.E.Read","decode norm1: RMSNorm gamma column=535"
1122,1123,"MEM.E.Read","decode norm1: RMSNorm x scale column=535"
1122,1123,"MEM.E.Read","decode norm1: RMSNorm gamma column=535"
1122,1123,"MEM.E.Write","decode norm1: RMSNorm write column=529"
1122,1123,"MEM.E.Write","decode norm1: RMSNorm write column=529"
1122,1123,"VXM.ALU6","decode norm1: x * inverse_rms column=533"
1122,1123,"VXM.ALU7","decode norm1: RMSNorm BF16 output column=532"
1123,1124,"MEM.E.Read","decode norm1: RMSNorm x scale column=536"
1123,1124,"MEM.E.Read","decode norm1: RMSNorm gamma column=536"
1123,1124,"MEM.E.Read","decode norm1: RMSNorm x scale column=536"
1123,1124,"MEM.E.Read","decode norm1: RMSNorm gamma column=536"
1123,1124,"MEM.E.Write","decode norm1: RMSNorm write column=530"
1123,1124,"MEM.E.Write","decode norm1: RMSNorm write column=530"
1123,1124,"VXM.ALU6","decode norm1: x * inverse_rms column=534"
1123,1124,"VXM.ALU7","decode norm1: RMSNorm BF16 output column=533"
1124,1125,"MEM.E.Read","decode norm1: RMSNorm x scale column=537"
1124,1125,"MEM.E.Read","decode norm1: RMSNorm gamma column=537"
1124,1125,"MEM.E.Read","decode norm1: RMSNorm x scale column=537"
1124,1125,"MEM.E.Read","decode norm1: RMSNorm gamma column=537"
1124,1125,"MEM.E.Write","decode norm1: RMSNorm write column=531"
1124,1125,"MEM.E.Write","decode norm1: RMSNorm write column=531"
1124,1125,"VXM.ALU6","decode norm1: x * inverse_rms column=535"
1124,1125,"VXM.ALU7","decode norm1: RMSNorm BF16 output column=534"
1125,1126,"MEM.E.Read","decode norm1: RMSNorm x scale column=538"
1125,1126,"MEM.E.Read","decode norm1: RMSNorm gamma column=538"
1125,1126,"MEM.E.Read","decode norm1: RMSNorm x scale column=538"
1125,1126,"MEM.E.Read","decode norm1: RMSNorm gamma column=538"
1125,1126,"MEM.E.Write","decode norm1: RMSNorm write column=532"
1125,1126,"MEM.E.Write","decode norm1: RMSNorm write column=532"
1125,1126,"VXM.ALU6","decode norm1: x * inverse_rms column=536"
1125,1126,"VXM.ALU7","decode norm1: RMSNorm BF16 output column=535"
1126,1127,"MEM.E.Read","decode norm1: RMSNorm x scale column=539"
1126,1127,"MEM.E.Read","decode norm1: RMSNorm gamma column=539"
1126,1127,"MEM.E.Read","decode norm1: RMSNorm x scale column=539"
1126,1127,"MEM.E.Read","decode norm1: RMSNorm gamma column=539"
1126,1127,"MEM.E.Write","decode norm1: RMSNorm write column=533"
1126,1127,"MEM.E.Write","decode norm1: RMSNorm write column=533"
1126,1127,"VXM.ALU6","decode norm1: x * inverse_rms column=537"
1126,1127,"VXM.ALU7","decode norm1: RMSNorm BF16 output column=536"
1127,1128,"MEM.E.Read","decode norm1: RMSNorm x scale column=540"
1127,1128,"MEM.E.Read","decode norm1: RMSNorm gamma column=540"
1127,1128,"MEM.E.Read","decode norm1: RMSNorm x scale column=540"
1127,1128,"MEM.E.Read","decode norm1: RMSNorm gamma column=540"
1127,1128,"MEM.E.Write","decode norm1: RMSNorm write column=534"
1127,1128,"MEM.E.Write","decode norm1: RMSNorm write column=534"
1127,1128,"VXM.ALU6","decode norm1: x * inverse_rms column=538"
1127,1128,"VXM.ALU7","decode norm1: RMSNorm BF16 output column=537"
1128,1129,"MEM.E.Read","decode norm1: RMSNorm x scale column=541"
1128,1129,"MEM.E.Read","decode norm1: RMSNorm gamma column=541"
1128,1129,"MEM.E.Read","decode norm1: RMSNorm x scale column=541"
1128,1129,"MEM.E.Read","decode norm1: RMSNorm gamma column=541"
1128,1129,"MEM.E.Write","decode norm1: RMSNorm write column=535"
1128,1129,"MEM.E.Write","decode norm1: RMSNorm write column=535"
1128,1129,"VXM.ALU6","decode norm1: x * inverse_rms column=539"
1128,1129,"VXM.ALU7","decode norm1: RMSNorm BF16 output column=538"
1129,1130,"MEM.E.Read","decode norm1: RMSNorm x scale column=542"
1129,1130,"MEM.E.Read","decode norm1: RMSNorm gamma column=542"
1129,1130,"MEM.E.Read","decode norm1: RMSNorm x scale column=542"
1129,1130,"MEM.E.Read","decode norm1: RMSNorm gamma column=542"
1129,1130,"MEM.E.Write","decode norm1: RMSNorm write column=536"
1129,1130,"MEM.E.Write","decode norm1: RMSNorm write column=536"
1129,1130,"VXM.ALU6","decode norm1: x * inverse_rms column=540"
1129,1130,"VXM.ALU7","decode norm1: RMSNorm BF16 output column=539"
1130,1131,"MEM.E.Read","decode norm1: RMSNorm x scale column=543"
1130,1131,"MEM.E.Read","decode norm1: RMSNorm gamma column=543"
1130,1131,"MEM.E.Read","decode norm1: RMSNorm x scale column=543"
1130,1131,"MEM.E.Read","decode norm1: RMSNorm gamma column=543"
1130,1131,"MEM.E.Write","decode norm1: RMSNorm write column=537"
1130,1131,"MEM.E.Write","decode norm1: RMSNorm write column=537"
1130,1131,"VXM.ALU6","decode norm1: x * inverse_rms column=541"
1130,1131,"VXM.ALU7","decode norm1: RMSNorm BF16 output column=540"
1131,1132,"MEM.E.Read","decode norm1: RMSNorm x scale column=544"
1131,1132,"MEM.E.Read","decode norm1: RMSNorm gamma column=544"
1131,1132,"MEM.E.Read","decode norm1: RMSNorm x scale column=544"
1131,1132,"MEM.E.Read","decode norm1: RMSNorm gamma column=544"
1131,1132,"MEM.E.Write","decode norm1: RMSNorm write column=538"
1131,1132,"MEM.E.Write","decode norm1: RMSNorm write column=538"
1131,1132,"VXM.ALU6","decode norm1: x * inverse_rms column=542"
1131,1132,"VXM.ALU7","decode norm1: RMSNorm BF16 output column=541"
1132,1133,"MEM.E.Read","decode norm1: RMSNorm x scale column=545"
1132,1133,"MEM.E.Read","decode norm1: RMSNorm gamma column=545"
1132,1133,"MEM.E.Read","decode norm1: RMSNorm x scale column=545"
1132,1133,"MEM.E.Read","decode norm1: RMSNorm gamma column=545"
1132,1133,"MEM.E.Write","decode norm1: RMSNorm write column=539"
1132,1133,"MEM.E.Write","decode norm1: RMSNorm write column=539"
1132,1133,"VXM.ALU6","decode norm1: x * inverse_rms column=543"
1132,1133,"VXM.ALU7","decode norm1: RMSNorm BF16 output column=542"
1133,1134,"MEM.E.Read","decode norm1: RMSNorm x scale column=546"
1133,1134,"MEM.E.Read","decode norm1: RMSNorm gamma column=546"
1133,1134,"MEM.E.Read","decode norm1: RMSNorm x scale column=546"
1133,1134,"MEM.E.Read","decode norm1: RMSNorm gamma column=546"
1133,1134,"MEM.E.Write","decode norm1: RMSNorm write column=540"
1133,1134,"MEM.E.Write","decode norm1: RMSNorm write column=540"
1133,1134,"VXM.ALU6","decode norm1: x * inverse_rms column=544"
1133,1134,"VXM.ALU7","decode norm1: RMSNorm BF16 output column=543"
1134,1135,"MEM.E.Read","decode norm1: RMSNorm x scale column=547"
1134,1135,"MEM.E.Read","decode norm1: RMSNorm gamma column=547"
1134,1135,"MEM.E.Read","decode norm1: RMSNorm x scale column=547"
1134,1135,"MEM.E.Read","decode norm1: RMSNorm gamma column=547"
1134,1135,"MEM.E.Write","decode norm1: RMSNorm write column=541"
1134,1135,"MEM.E.Write","decode norm1: RMSNorm write column=541"
1134,1135,"VXM.ALU6","decode norm1: x * inverse_rms column=545"
1134,1135,"VXM.ALU7","decode norm1: RMSNorm BF16 output column=544"
1135,1136,"MEM.E.Read","decode norm1: RMSNorm x scale column=548"
1135,1136,"MEM.E.Read","decode norm1: RMSNorm gamma column=548"
1135,1136,"MEM.E.Read","decode norm1: RMSNorm x scale column=548"
1135,1136,"MEM.E.Read","decode norm1: RMSNorm gamma column=548"
1135,1136,"MEM.E.Write","decode norm1: RMSNorm write column=542"
1135,1136,"MEM.E.Write","decode norm1: RMSNorm write column=542"
1135,1136,"VXM.ALU6","decode norm1: x * inverse_rms column=546"
1135,1136,"VXM.ALU7","decode norm1: RMSNorm BF16 output column=545"
1136,1137,"MEM.E.Read","decode norm1: RMSNorm x scale column=549"
1136,1137,"MEM.E.Read","decode norm1: RMSNorm gamma column=549"
1136,1137,"MEM.E.Read","decode norm1: RMSNorm x scale column=549"
1136,1137,"MEM.E.Read","decode norm1: RMSNorm gamma column=549"
1136,1137,"MEM.E.Write","decode norm1: RMSNorm write column=543"
1136,1137,"MEM.E.Write","decode norm1: RMSNorm write column=543"
1136,1137,"VXM.ALU6","decode norm1: x * inverse_rms column=547"
1136,1137,"VXM.ALU7","decode norm1: RMSNorm BF16 output column=546"
1137,1138,"MEM.E.Read","decode norm1: RMSNorm x scale column=550"
1137,1138,"MEM.E.Read","decode norm1: RMSNorm gamma column=550"
1137,1138,"MEM.E.Read","decode norm1: RMSNorm x scale column=550"
1137,1138,"MEM.E.Read","decode norm1: RMSNorm gamma column=550"
1137,1138,"MEM.E.Write","decode norm1: RMSNorm write column=544"
1137,1138,"MEM.E.Write","decode norm1: RMSNorm write column=544"
1137,1138,"VXM.ALU6","decode norm1: x * inverse_rms column=548"
1137,1138,"VXM.ALU7","decode norm1: RMSNorm BF16 output column=547"
1138,1139,"MEM.E.Read","decode norm1: RMSNorm x scale column=551"
1138,1139,"MEM.E.Read","decode norm1: RMSNorm gamma column=551"
1138,1139,"MEM.E.Read","decode norm1: RMSNorm x scale column=551"
1138,1139,"MEM.E.Read","decode norm1: RMSNorm gamma column=551"
1138,1139,"MEM.E.Write","decode norm1: RMSNorm write column=545"
1138,1139,"MEM.E.Write","decode norm1: RMSNorm write column=545"
1138,1139,"VXM.ALU6","decode norm1: x * inverse_rms column=549"
1138,1139,"VXM.ALU7","decode norm1: RMSNorm BF16 output column=548"
1139,1140,"MEM.E.Read","decode norm1: RMSNorm x scale column=552"
1139,1140,"MEM.E.Read","decode norm1: RMSNorm gamma column=552"
1139,1140,"MEM.E.Read","decode norm1: RMSNorm x scale column=552"
1139,1140,"MEM.E.Read","decode norm1: RMSNorm gamma column=552"
1139,1140,"MEM.E.Write","decode norm1: RMSNorm write column=546"
1139,1140,"MEM.E.Write","decode norm1: RMSNorm write column=546"
1139,1140,"VXM.ALU6","decode norm1: x * inverse_rms column=550"
1139,1140,"VXM.ALU7","decode norm1: RMSNorm BF16 output column=549"
1140,1141,"MEM.E.Read","decode norm1: RMSNorm x scale column=553"
1140,1141,"MEM.E.Read","decode norm1: RMSNorm gamma column=553"
1140,1141,"MEM.E.Read","decode norm1: RMSNorm x scale column=553"
1140,1141,"MEM.E.Read","decode norm1: RMSNorm gamma column=553"
1140,1141,"MEM.E.Write","decode norm1: RMSNorm write column=547"
1140,1141,"MEM.E.Write","decode norm1: RMSNorm write column=547"
1140,1141,"VXM.ALU6","decode norm1: x * inverse_rms column=551"
1140,1141,"VXM.ALU7","decode norm1: RMSNorm BF16 output column=550"
1141,1142,"MEM.E.Read","decode norm1: RMSNorm x scale column=554"
1141,1142,"MEM.E.Read","decode norm1: RMSNorm gamma column=554"
1141,1142,"MEM.E.Read","decode norm1: RMSNorm x scale column=554"
1141,1142,"MEM.E.Read","decode norm1: RMSNorm gamma column=554"
1141,1142,"MEM.E.Write","decode norm1: RMSNorm write column=548"
1141,1142,"MEM.E.Write","decode norm1: RMSNorm write column=548"
1141,1142,"VXM.ALU6","decode norm1: x * inverse_rms column=552"
1141,1142,"VXM.ALU7","decode norm1: RMSNorm BF16 output column=551"
1142,1143,"MEM.E.Read","decode norm1: RMSNorm x scale column=555"
1142,1143,"MEM.E.Read","decode norm1: RMSNorm gamma column=555"
1142,1143,"MEM.E.Read","decode norm1: RMSNorm x scale column=555"
1142,1143,"MEM.E.Read","decode norm1: RMSNorm gamma column=555"
1142,1143,"MEM.E.Write","decode norm1: RMSNorm write column=549"
1142,1143,"MEM.E.Write","decode norm1: RMSNorm write column=549"
1142,1143,"VXM.ALU6","decode norm1: x * inverse_rms column=553"
1142,1143,"VXM.ALU7","decode norm1: RMSNorm BF16 output column=552"
1143,1144,"MEM.E.Read","decode norm1: RMSNorm x scale column=556"
1143,1144,"MEM.E.Read","decode norm1: RMSNorm gamma column=556"
1143,1144,"MEM.E.Read","decode norm1: RMSNorm x scale column=556"
1143,1144,"MEM.E.Read","decode norm1: RMSNorm gamma column=556"
1143,1144,"MEM.E.Write","decode norm1: RMSNorm write column=550"
1143,1144,"MEM.E.Write","decode norm1: RMSNorm write column=550"
1143,1144,"VXM.ALU6","decode norm1: x * inverse_rms column=554"
1143,1144,"VXM.ALU7","decode norm1: RMSNorm BF16 output column=553"
1144,1145,"MEM.E.Read","decode norm1: RMSNorm x scale column=557"
1144,1145,"MEM.E.Read","decode norm1: RMSNorm gamma column=557"
1144,1145,"MEM.E.Read","decode norm1: RMSNorm x scale column=557"
1144,1145,"MEM.E.Read","decode norm1: RMSNorm gamma column=557"
1144,1145,"MEM.E.Write","decode norm1: RMSNorm write column=551"
1144,1145,"MEM.E.Write","decode norm1: RMSNorm write column=551"
1144,1145,"VXM.ALU6","decode norm1: x * inverse_rms column=555"
1144,1145,"VXM.ALU7","decode norm1: RMSNorm BF16 output column=554"
1145,1146,"MEM.E.Read","decode norm1: RMSNorm x scale column=558"
1145,1146,"MEM.E.Read","decode norm1: RMSNorm gamma column=558"
1145,1146,"MEM.E.Read","decode norm1: RMSNorm x scale column=558"
1145,1146,"MEM.E.Read","decode norm1: RMSNorm gamma column=558"
1145,1146,"MEM.E.Write","decode norm1: RMSNorm write column=552"
1145,1146,"MEM.E.Write","decode norm1: RMSNorm write column=552"
1145,1146,"VXM.ALU6","decode norm1: x * inverse_rms column=556"
1145,1146,"VXM.ALU7","decode norm1: RMSNorm BF16 output column=555"
1146,1147,"MEM.E.Read","decode norm1: RMSNorm x scale column=559"
1146,1147,"MEM.E.Read","decode norm1: RMSNorm gamma column=559"
1146,1147,"MEM.E.Read","decode norm1: RMSNorm x scale column=559"
1146,1147,"MEM.E.Read","decode norm1: RMSNorm gamma column=559"
1146,1147,"MEM.E.Write","decode norm1: RMSNorm write column=553"
1146,1147,"MEM.E.Write","decode norm1: RMSNorm write column=553"
1146,1147,"VXM.ALU6","decode norm1: x * inverse_rms column=557"
1146,1147,"VXM.ALU7","decode norm1: RMSNorm BF16 output column=556"
1147,1148,"MEM.E.Read","decode norm1: RMSNorm x scale column=560"
1147,1148,"MEM.E.Read","decode norm1: RMSNorm gamma column=560"
1147,1148,"MEM.E.Read","decode norm1: RMSNorm x scale column=560"
1147,1148,"MEM.E.Read","decode norm1: RMSNorm gamma column=560"
1147,1148,"MEM.E.Write","decode norm1: RMSNorm write column=554"
1147,1148,"MEM.E.Write","decode norm1: RMSNorm write column=554"
1147,1148,"VXM.ALU6","decode norm1: x * inverse_rms column=558"
1147,1148,"VXM.ALU7","decode norm1: RMSNorm BF16 output column=557"
1148,1149,"MEM.E.Read","decode norm1: RMSNorm x scale column=561"
1148,1149,"MEM.E.Read","decode norm1: RMSNorm gamma column=561"
1148,1149,"MEM.E.Read","decode norm1: RMSNorm x scale column=561"
1148,1149,"MEM.E.Read","decode norm1: RMSNorm gamma column=561"
1148,1149,"MEM.E.Write","decode norm1: RMSNorm write column=555"
1148,1149,"MEM.E.Write","decode norm1: RMSNorm write column=555"
1148,1149,"VXM.ALU6","decode norm1: x * inverse_rms column=559"
1148,1149,"VXM.ALU7","decode norm1: RMSNorm BF16 output column=558"
1149,1150,"MEM.E.Read","decode norm1: RMSNorm x scale column=562"
1149,1150,"MEM.E.Read","decode norm1: RMSNorm gamma column=562"
1149,1150,"MEM.E.Read","decode norm1: RMSNorm x scale column=562"
1149,1150,"MEM.E.Read","decode norm1: RMSNorm gamma column=562"
1149,1150,"MEM.E.Write","decode norm1: RMSNorm write column=556"
1149,1150,"MEM.E.Write","decode norm1: RMSNorm write column=556"
1149,1150,"VXM.ALU6","decode norm1: x * inverse_rms column=560"
1149,1150,"VXM.ALU7","decode norm1: RMSNorm BF16 output column=559"
1150,1151,"MEM.E.Read","decode norm1: RMSNorm x scale column=563"
1150,1151,"MEM.E.Read","decode norm1: RMSNorm gamma column=563"
1150,1151,"MEM.E.Read","decode norm1: RMSNorm x scale column=563"
1150,1151,"MEM.E.Read","decode norm1: RMSNorm gamma column=563"
1150,1151,"MEM.E.Write","decode norm1: RMSNorm write column=557"
1150,1151,"MEM.E.Write","decode norm1: RMSNorm write column=557"
1150,1151,"VXM.ALU6","decode norm1: x * inverse_rms column=561"
1150,1151,"VXM.ALU7","decode norm1: RMSNorm BF16 output column=560"
1151,1152,"MEM.E.Read","decode norm1: RMSNorm x scale column=564"
1151,1152,"MEM.E.Read","decode norm1: RMSNorm gamma column=564"
1151,1152,"MEM.E.Read","decode norm1: RMSNorm x scale column=564"
1151,1152,"MEM.E.Read","decode norm1: RMSNorm gamma column=564"
1151,1152,"MEM.E.Write","decode norm1: RMSNorm write column=558"
1151,1152,"MEM.E.Write","decode norm1: RMSNorm write column=558"
1151,1152,"VXM.ALU6","decode norm1: x * inverse_rms column=562"
1151,1152,"VXM.ALU7","decode norm1: RMSNorm BF16 output column=561"
1152,1153,"MEM.E.Read","decode norm1: RMSNorm x scale column=565"
1152,1153,"MEM.E.Read","decode norm1: RMSNorm gamma column=565"
1152,1153,"MEM.E.Read","decode norm1: RMSNorm x scale column=565"
1152,1153,"MEM.E.Read","decode norm1: RMSNorm gamma column=565"
1152,1153,"MEM.E.Write","decode norm1: RMSNorm write column=559"
1152,1153,"MEM.E.Write","decode norm1: RMSNorm write column=559"
1152,1153,"VXM.ALU6","decode norm1: x * inverse_rms column=563"
1152,1153,"VXM.ALU7","decode norm1: RMSNorm BF16 output column=562"
1153,1154,"MEM.E.Read","decode norm1: RMSNorm x scale column=566"
1153,1154,"MEM.E.Read","decode norm1: RMSNorm gamma column=566"
1153,1154,"MEM.E.Read","decode norm1: RMSNorm x scale column=566"
1153,1154,"MEM.E.Read","decode norm1: RMSNorm gamma column=566"
1153,1154,"MEM.E.Write","decode norm1: RMSNorm write column=560"
1153,1154,"MEM.E.Write","decode norm1: RMSNorm write column=560"
1153,1154,"VXM.ALU6","decode norm1: x * inverse_rms column=564"
1153,1154,"VXM.ALU7","decode norm1: RMSNorm BF16 output column=563"
1154,1155,"MEM.E.Read","decode norm1: RMSNorm x scale column=567"
1154,1155,"MEM.E.Read","decode norm1: RMSNorm gamma column=567"
1154,1155,"MEM.E.Read","decode norm1: RMSNorm x scale column=567"
1154,1155,"MEM.E.Read","decode norm1: RMSNorm gamma column=567"
1154,1155,"MEM.E.Write","decode norm1: RMSNorm write column=561"
1154,1155,"MEM.E.Write","decode norm1: RMSNorm write column=561"
1154,1155,"VXM.ALU6","decode norm1: x * inverse_rms column=565"
1154,1155,"VXM.ALU7","decode norm1: RMSNorm BF16 output column=564"
1155,1156,"MEM.E.Read","decode norm1: RMSNorm x scale column=568"
1155,1156,"MEM.E.Read","decode norm1: RMSNorm gamma column=568"
1155,1156,"MEM.E.Read","decode norm1: RMSNorm x scale column=568"
1155,1156,"MEM.E.Read","decode norm1: RMSNorm gamma column=568"
1155,1156,"MEM.E.Write","decode norm1: RMSNorm write column=562"
1155,1156,"MEM.E.Write","decode norm1: RMSNorm write column=562"
1155,1156,"VXM.ALU6","decode norm1: x * inverse_rms column=566"
1155,1156,"VXM.ALU7","decode norm1: RMSNorm BF16 output column=565"
1156,1157,"MEM.E.Read","decode norm1: RMSNorm x scale column=569"
1156,1157,"MEM.E.Read","decode norm1: RMSNorm gamma column=569"
1156,1157,"MEM.E.Read","decode norm1: RMSNorm x scale column=569"
1156,1157,"MEM.E.Read","decode norm1: RMSNorm gamma column=569"
1156,1157,"MEM.E.Write","decode norm1: RMSNorm write column=563"
1156,1157,"MEM.E.Write","decode norm1: RMSNorm write column=563"
1156,1157,"VXM.ALU6","decode norm1: x * inverse_rms column=567"
1156,1157,"VXM.ALU7","decode norm1: RMSNorm BF16 output column=566"
1157,1158,"MEM.E.Read","decode norm1: RMSNorm x scale column=570"
1157,1158,"MEM.E.Read","decode norm1: RMSNorm gamma column=570"
1157,1158,"MEM.E.Read","decode norm1: RMSNorm x scale column=570"
1157,1158,"MEM.E.Read","decode norm1: RMSNorm gamma column=570"
1157,1158,"MEM.E.Write","decode norm1: RMSNorm write column=564"
1157,1158,"MEM.E.Write","decode norm1: RMSNorm write column=564"
1157,1158,"VXM.ALU6","decode norm1: x * inverse_rms column=568"
1157,1158,"VXM.ALU7","decode norm1: RMSNorm BF16 output column=567"
1158,1159,"MEM.E.Read","decode norm1: RMSNorm x scale column=571"
1158,1159,"MEM.E.Read","decode norm1: RMSNorm gamma column=571"
1158,1159,"MEM.E.Read","decode norm1: RMSNorm x scale column=571"
1158,1159,"MEM.E.Read","decode norm1: RMSNorm gamma column=571"
1158,1159,"MEM.E.Write","decode norm1: RMSNorm write column=565"
1158,1159,"MEM.E.Write","decode norm1: RMSNorm write column=565"
1158,1159,"VXM.ALU6","decode norm1: x * inverse_rms column=569"
1158,1159,"VXM.ALU7","decode norm1: RMSNorm BF16 output column=568"
1159,1160,"MEM.E.Read","decode norm1: RMSNorm x scale column=572"
1159,1160,"MEM.E.Read","decode norm1: RMSNorm gamma column=572"
1159,1160,"MEM.E.Read","decode norm1: RMSNorm x scale column=572"
1159,1160,"MEM.E.Read","decode norm1: RMSNorm gamma column=572"
1159,1160,"MEM.E.Write","decode norm1: RMSNorm write column=566"
1159,1160,"MEM.E.Write","decode norm1: RMSNorm write column=566"
1159,1160,"VXM.ALU6","decode norm1: x * inverse_rms column=570"
1159,1160,"VXM.ALU7","decode norm1: RMSNorm BF16 output column=569"
1160,1161,"MEM.E.Read","decode norm1: RMSNorm x scale column=573"
1160,1161,"MEM.E.Read","decode norm1: RMSNorm gamma column=573"
1160,1161,"MEM.E.Read","decode norm1: RMSNorm x scale column=573"
1160,1161,"MEM.E.Read","decode norm1: RMSNorm gamma column=573"
1160,1161,"MEM.E.Write","decode norm1: RMSNorm write column=567"
1160,1161,"MEM.E.Write","decode norm1: RMSNorm write column=567"
1160,1161,"VXM.ALU6","decode norm1: x * inverse_rms column=571"
1160,1161,"VXM.ALU7","decode norm1: RMSNorm BF16 output column=570"
1161,1162,"MEM.E.Read","decode norm1: RMSNorm x scale column=574"
1161,1162,"MEM.E.Read","decode norm1: RMSNorm gamma column=574"
1161,1162,"MEM.E.Read","decode norm1: RMSNorm x scale column=574"
1161,1162,"MEM.E.Read","decode norm1: RMSNorm gamma column=574"
1161,1162,"MEM.E.Write","decode norm1: RMSNorm write column=568"
1161,1162,"MEM.E.Write","decode norm1: RMSNorm write column=568"
1161,1162,"VXM.ALU6","decode norm1: x * inverse_rms column=572"
1161,1162,"VXM.ALU7","decode norm1: RMSNorm BF16 output column=571"
1162,1163,"MEM.E.Read","decode norm1: RMSNorm x scale column=575"
1162,1163,"MEM.E.Read","decode norm1: RMSNorm gamma column=575"
1162,1163,"MEM.E.Read","decode norm1: RMSNorm x scale column=575"
1162,1163,"MEM.E.Read","decode norm1: RMSNorm gamma column=575"
1162,1163,"MEM.E.Write","decode norm1: RMSNorm write column=569"
1162,1163,"MEM.E.Write","decode norm1: RMSNorm write column=569"
1162,1163,"VXM.ALU6","decode norm1: x * inverse_rms column=573"
1162,1163,"VXM.ALU7","decode norm1: RMSNorm BF16 output column=572"
1163,1164,"MEM.E.Write","decode norm1: RMSNorm write column=570"
1163,1164,"MEM.E.Write","decode norm1: RMSNorm write column=570"
1163,1164,"VXM.ALU6","decode norm1: x * inverse_rms column=574"
1163,1164,"VXM.ALU7","decode norm1: RMSNorm BF16 output column=573"
1164,1165,"MEM.E.Write","decode norm1: RMSNorm write column=571"
1164,1165,"MEM.E.Write","decode norm1: RMSNorm write column=571"
1164,1165,"VXM.ALU6","decode norm1: x * inverse_rms column=575"
1164,1165,"VXM.ALU7","decode norm1: RMSNorm BF16 output column=574"
1165,1166,"MEM.E.Write","decode norm1: RMSNorm write column=572"
1165,1166,"MEM.E.Write","decode norm1: RMSNorm write column=572"
1165,1166,"VXM.ALU7","decode norm1: RMSNorm BF16 output column=575"
1166,1167,"MEM.E.Write","decode norm1: RMSNorm write column=573"
1166,1167,"MEM.E.Write","decode norm1: RMSNorm write column=573"
1167,1168,"MEM.E.Write","decode norm1: RMSNorm write column=574"
1167,1168,"MEM.E.Write","decode norm1: RMSNorm write column=574"
1168,1169,"MEM.E.Write","decode norm1: RMSNorm write column=575"
1168,1169,"MEM.E.Write","decode norm1: RMSNorm write column=575"
