start,end,resource,detail
0,1,"KVCache.StaticInt8","offline fixed-scale INT8 prefill cache, tokens 0..127"
11,62,"MEM.E.Read","K projection streamed INT8 weights reduction=0"
24,25,"MXM.E0.ActivationLoad","K projection activation reduction=0"
26,50,"MXM.E0.Compute","K projection decode waves reduction=0 dst=sram retain"
26,50,"MXM.E0.Dequant","K projection BF16 group scales reduction=0"
57,108,"MEM.E.Read","K projection streamed INT8 weights reduction=1"
70,71,"MXM.E0.ActivationLoad","K projection activation reduction=1"
72,96,"MXM.E0.Compute","K projection decode waves reduction=1 dst=sram retain"
72,96,"MXM.E0.Dequant","K projection BF16 group scales reduction=1"
103,154,"MEM.E.Read","K projection streamed INT8 weights reduction=2"
116,117,"MXM.E0.ActivationLoad","K projection activation reduction=2"
118,142,"MXM.E0.Compute","K projection decode waves reduction=2 dst=sram retain"
118,142,"MXM.E0.Dequant","K projection BF16 group scales reduction=2"
149,200,"MEM.E.Read","K projection streamed INT8 weights reduction=3"
162,163,"MXM.E0.ActivationLoad","K projection activation reduction=3"
164,188,"MXM.E0.Compute","K projection decode waves reduction=3 dst=sram retain"
164,188,"MXM.E0.Dequant","K projection BF16 group scales reduction=3"
195,246,"MEM.E.Read","K projection streamed INT8 weights reduction=4"
208,209,"MXM.E0.ActivationLoad","K projection activation reduction=4"
210,234,"MXM.E0.Compute","K projection decode waves reduction=4 dst=stream+clear BF16"
210,234,"MXM.E0.Dequant","K projection BF16 group scales reduction=4"
229,253,"MEM.E.Write","BF16 final reduction output"
285,286,"VXM.ALU0","RoPE hold low half"
286,287,"VXM.ALU1","RoPE low * cos"
286,287,"VXM.ALU2","RoPE high * sin"
286,287,"VXM.ALU3","RoPE high * cos"
286,287,"VXM.ALU4","RoPE low * sin"
287,288,"VXM.ALU5","RoPE low*cos - high*sin"
287,288,"VXM.ALU6","RoPE high*cos + low*sin"
288,289,"VXM.ALU7","RoPE BF16 high-half write"
289,290,"VXM.ALU0","RoPE hold low half"
290,291,"VXM.ALU1","RoPE low * cos"
290,291,"VXM.ALU2","RoPE high * sin"
290,291,"VXM.ALU3","RoPE high * cos"
290,291,"VXM.ALU4","RoPE low * sin"
291,292,"VXM.ALU5","RoPE low*cos - high*sin"
291,292,"VXM.ALU6","RoPE high*cos + low*sin"
292,293,"VXM.ALU7","RoPE BF16 high-half write"
293,294,"VXM.ALU0","RoPE hold low half"
294,295,"VXM.ALU1","RoPE low * cos"
294,295,"VXM.ALU2","RoPE high * sin"
294,295,"VXM.ALU3","RoPE high * cos"
294,295,"VXM.ALU4","RoPE low * sin"
295,296,"VXM.ALU5","RoPE low*cos - high*sin"
295,296,"VXM.ALU6","RoPE high*cos + low*sin"
296,297,"VXM.ALU7","RoPE BF16 high-half write"
297,298,"VXM.ALU0","RoPE hold low half"
298,299,"VXM.ALU1","RoPE low * cos"
298,299,"VXM.ALU2","RoPE high * sin"
298,299,"VXM.ALU3","RoPE high * cos"
298,299,"VXM.ALU4","RoPE low * sin"
299,300,"VXM.ALU5","RoPE low*cos - high*sin"
299,300,"VXM.ALU6","RoPE high*cos + low*sin"
300,301,"VXM.ALU7","RoPE BF16 high-half write"
301,302,"VXM.ALU0","RoPE hold low half"
302,303,"VXM.ALU1","RoPE low * cos"
302,303,"VXM.ALU2","RoPE high * sin"
302,303,"VXM.ALU3","RoPE high * cos"
302,303,"VXM.ALU4","RoPE low * sin"
303,304,"VXM.ALU5","RoPE low*cos - high*sin"
303,304,"VXM.ALU6","RoPE high*cos + low*sin"
304,305,"VXM.ALU7","RoPE BF16 high-half write"
305,306,"VXM.ALU0","RoPE hold low half"
306,307,"VXM.ALU1","RoPE low * cos"
306,307,"VXM.ALU2","RoPE high * sin"
306,307,"VXM.ALU3","RoPE high * cos"
306,307,"VXM.ALU4","RoPE low * sin"
307,308,"VXM.ALU5","RoPE low*cos - high*sin"
307,308,"VXM.ALU6","RoPE high*cos + low*sin"
308,309,"VXM.ALU7","RoPE BF16 high-half write"
309,310,"VXM.ALU0","RoPE hold low half"
310,311,"VXM.ALU1","RoPE low * cos"
310,311,"VXM.ALU2","RoPE high * sin"
310,311,"VXM.ALU3","RoPE high * cos"
310,311,"VXM.ALU4","RoPE low * sin"
311,312,"VXM.ALU5","RoPE low*cos - high*sin"
311,312,"VXM.ALU6","RoPE high*cos + low*sin"
312,313,"VXM.ALU7","RoPE BF16 high-half write"
313,314,"VXM.ALU0","RoPE hold low half"
314,315,"VXM.ALU1","RoPE low * cos"
314,315,"VXM.ALU2","RoPE high * sin"
314,315,"VXM.ALU3","RoPE high * cos"
314,315,"VXM.ALU4","RoPE low * sin"
315,316,"VXM.ALU5","RoPE low*cos - high*sin"
315,316,"VXM.ALU6","RoPE high*cos + low*sin"
316,317,"VXM.ALU7","RoPE BF16 high-half write"
317,318,"VXM.ALU0","RoPE hold low half"
318,319,"VXM.ALU1","RoPE low * cos"
318,319,"VXM.ALU2","RoPE high * sin"
318,319,"VXM.ALU3","RoPE high * cos"
318,319,"VXM.ALU4","RoPE low * sin"
319,320,"VXM.ALU5","RoPE low*cos - high*sin"
319,320,"VXM.ALU6","RoPE high*cos + low*sin"
320,321,"VXM.ALU7","RoPE BF16 high-half write"
321,322,"VXM.ALU0","RoPE hold low half"
322,323,"VXM.ALU1","RoPE low * cos"
322,323,"VXM.ALU2","RoPE high * sin"
322,323,"VXM.ALU3","RoPE high * cos"
322,323,"VXM.ALU4","RoPE low * sin"
323,324,"VXM.ALU5","RoPE low*cos - high*sin"
323,324,"VXM.ALU6","RoPE high*cos + low*sin"
324,325,"VXM.ALU7","RoPE BF16 high-half write"
325,326,"VXM.ALU0","RoPE hold low half"
326,327,"VXM.ALU1","RoPE low * cos"
326,327,"VXM.ALU2","RoPE high * sin"
326,327,"VXM.ALU3","RoPE high * cos"
326,327,"VXM.ALU4","RoPE low * sin"
327,328,"VXM.ALU5","RoPE low*cos - high*sin"
327,328,"VXM.ALU6","RoPE high*cos + low*sin"
328,329,"VXM.ALU7","RoPE BF16 high-half write"
329,330,"VXM.ALU0","RoPE hold low half"
330,331,"VXM.ALU1","RoPE low * cos"
330,331,"VXM.ALU2","RoPE high * sin"
330,331,"VXM.ALU3","RoPE high * cos"
330,331,"VXM.ALU4","RoPE low * sin"
331,332,"VXM.ALU5","RoPE low*cos - high*sin"
331,332,"VXM.ALU6","RoPE high*cos + low*sin"
332,333,"VXM.ALU7","RoPE BF16 high-half write"
386,387,"VXM.ALU0","K cache head=0 divide by scale"
386,423,"MEM.E.Write","instruction-written INT8 decode K cache token=128"
387,388,"VXM.ALU0","K cache head=0 divide by scale"
387,388,"VXM.ALU1","K cache head=0 INT8 duplicate=0"
387,388,"VXM.ALU2","K cache head=0 INT8 duplicate=1"
387,388,"VXM.ALU3","K cache head=0 INT8 duplicate=2"
387,388,"VXM.ALU4","K cache head=0 INT8 duplicate=3"
387,388,"VXM.ALU5","K cache head=0 INT8 duplicate=4"
387,388,"VXM.ALU6","K cache head=0 INT8 duplicate=5"
387,388,"VXM.ALU7","K cache head=0 INT8 duplicate=6"
387,388,"VXM.ALU8","K cache head=0 INT8 duplicate=7"
388,389,"VXM.ALU0","K cache head=0 divide by scale"
388,389,"VXM.ALU1","K cache head=0 INT8 duplicate=0"
388,389,"VXM.ALU2","K cache head=0 INT8 duplicate=1"
388,389,"VXM.ALU3","K cache head=0 INT8 duplicate=2"
388,389,"VXM.ALU4","K cache head=0 INT8 duplicate=3"
388,389,"VXM.ALU5","K cache head=0 INT8 duplicate=4"
388,389,"VXM.ALU6","K cache head=0 INT8 duplicate=5"
388,389,"VXM.ALU7","K cache head=0 INT8 duplicate=6"
388,389,"VXM.ALU8","K cache head=0 INT8 duplicate=7"
389,390,"VXM.ALU0","K cache head=0 divide by scale"
389,390,"VXM.ALU1","K cache head=0 INT8 duplicate=0"
389,390,"VXM.ALU2","K cache head=0 INT8 duplicate=1"
389,390,"VXM.ALU3","K cache head=0 INT8 duplicate=2"
389,390,"VXM.ALU4","K cache head=0 INT8 duplicate=3"
389,390,"VXM.ALU5","K cache head=0 INT8 duplicate=4"
389,390,"VXM.ALU6","K cache head=0 INT8 duplicate=5"
389,390,"VXM.ALU7","K cache head=0 INT8 duplicate=6"
389,390,"VXM.ALU8","K cache head=0 INT8 duplicate=7"
390,391,"VXM.ALU0","K cache head=0 divide by scale"
390,391,"VXM.ALU1","K cache head=0 INT8 duplicate=0"
390,391,"VXM.ALU2","K cache head=0 INT8 duplicate=1"
390,391,"VXM.ALU3","K cache head=0 INT8 duplicate=2"
390,391,"VXM.ALU4","K cache head=0 INT8 duplicate=3"
390,391,"VXM.ALU5","K cache head=0 INT8 duplicate=4"
390,391,"VXM.ALU6","K cache head=0 INT8 duplicate=5"
390,391,"VXM.ALU7","K cache head=0 INT8 duplicate=6"
390,391,"VXM.ALU8","K cache head=0 INT8 duplicate=7"
391,392,"VXM.ALU0","K cache head=0 divide by scale"
391,392,"VXM.ALU1","K cache head=0 INT8 duplicate=0"
391,392,"VXM.ALU2","K cache head=0 INT8 duplicate=1"
391,392,"VXM.ALU3","K cache head=0 INT8 duplicate=2"
391,392,"VXM.ALU4","K cache head=0 INT8 duplicate=3"
391,392,"VXM.ALU5","K cache head=0 INT8 duplicate=4"
391,392,"VXM.ALU6","K cache head=0 INT8 duplicate=5"
391,392,"VXM.ALU7","K cache head=0 INT8 duplicate=6"
391,392,"VXM.ALU8","K cache head=0 INT8 duplicate=7"
392,393,"VXM.ALU0","K cache head=0 divide by scale"
392,393,"VXM.ALU1","K cache head=0 INT8 duplicate=0"
392,393,"VXM.ALU2","K cache head=0 INT8 duplicate=1"
392,393,"VXM.ALU3","K cache head=0 INT8 duplicate=2"
392,393,"VXM.ALU4","K cache head=0 INT8 duplicate=3"
392,393,"VXM.ALU5","K cache head=0 INT8 duplicate=4"
392,393,"VXM.ALU6","K cache head=0 INT8 duplicate=5"
392,393,"VXM.ALU7","K cache head=0 INT8 duplicate=6"
392,393,"VXM.ALU8","K cache head=0 INT8 duplicate=7"
393,394,"VXM.ALU0","K cache head=0 divide by scale"
393,394,"VXM.ALU1","K cache head=0 INT8 duplicate=0"
393,394,"VXM.ALU2","K cache head=0 INT8 duplicate=1"
393,394,"VXM.ALU3","K cache head=0 INT8 duplicate=2"
393,394,"VXM.ALU4","K cache head=0 INT8 duplicate=3"
393,394,"VXM.ALU5","K cache head=0 INT8 duplicate=4"
393,394,"VXM.ALU6","K cache head=0 INT8 duplicate=5"
393,394,"VXM.ALU7","K cache head=0 INT8 duplicate=6"
393,394,"VXM.ALU8","K cache head=0 INT8 duplicate=7"
394,395,"VXM.ALU0","K cache head=1 divide by scale"
394,395,"VXM.ALU1","K cache head=0 INT8 duplicate=0"
394,395,"VXM.ALU2","K cache head=0 INT8 duplicate=1"
394,395,"VXM.ALU3","K cache head=0 INT8 duplicate=2"
394,395,"VXM.ALU4","K cache head=0 INT8 duplicate=3"
394,395,"VXM.ALU5","K cache head=0 INT8 duplicate=4"
394,395,"VXM.ALU6","K cache head=0 INT8 duplicate=5"
394,395,"VXM.ALU7","K cache head=0 INT8 duplicate=6"
394,395,"VXM.ALU8","K cache head=0 INT8 duplicate=7"
395,396,"VXM.ALU0","K cache head=1 divide by scale"
395,396,"VXM.ALU1","K cache head=1 INT8 duplicate=0"
395,396,"VXM.ALU2","K cache head=1 INT8 duplicate=1"
395,396,"VXM.ALU3","K cache head=1 INT8 duplicate=2"
395,396,"VXM.ALU4","K cache head=1 INT8 duplicate=3"
395,396,"VXM.ALU5","K cache head=1 INT8 duplicate=4"
395,396,"VXM.ALU6","K cache head=1 INT8 duplicate=5"
395,396,"VXM.ALU7","K cache head=1 INT8 duplicate=6"
395,396,"VXM.ALU8","K cache head=1 INT8 duplicate=7"
396,397,"VXM.ALU0","K cache head=1 divide by scale"
396,397,"VXM.ALU1","K cache head=1 INT8 duplicate=0"
396,397,"VXM.ALU2","K cache head=1 INT8 duplicate=1"
396,397,"VXM.ALU3","K cache head=1 INT8 duplicate=2"
396,397,"VXM.ALU4","K cache head=1 INT8 duplicate=3"
396,397,"VXM.ALU5","K cache head=1 INT8 duplicate=4"
396,397,"VXM.ALU6","K cache head=1 INT8 duplicate=5"
396,397,"VXM.ALU7","K cache head=1 INT8 duplicate=6"
396,397,"VXM.ALU8","K cache head=1 INT8 duplicate=7"
397,398,"VXM.ALU0","K cache head=1 divide by scale"
397,398,"VXM.ALU1","K cache head=1 INT8 duplicate=0"
397,398,"VXM.ALU2","K cache head=1 INT8 duplicate=1"
397,398,"VXM.ALU3","K cache head=1 INT8 duplicate=2"
397,398,"VXM.ALU4","K cache head=1 INT8 duplicate=3"
397,398,"VXM.ALU5","K cache head=1 INT8 duplicate=4"
397,398,"VXM.ALU6","K cache head=1 INT8 duplicate=5"
397,398,"VXM.ALU7","K cache head=1 INT8 duplicate=6"
397,398,"VXM.ALU8","K cache head=1 INT8 duplicate=7"
398,399,"VXM.ALU0","K cache head=1 divide by scale"
398,399,"VXM.ALU1","K cache head=1 INT8 duplicate=0"
398,399,"VXM.ALU2","K cache head=1 INT8 duplicate=1"
398,399,"VXM.ALU3","K cache head=1 INT8 duplicate=2"
398,399,"VXM.ALU4","K cache head=1 INT8 duplicate=3"
398,399,"VXM.ALU5","K cache head=1 INT8 duplicate=4"
398,399,"VXM.ALU6","K cache head=1 INT8 duplicate=5"
398,399,"VXM.ALU7","K cache head=1 INT8 duplicate=6"
398,399,"VXM.ALU8","K cache head=1 INT8 duplicate=7"
399,400,"VXM.ALU0","K cache head=1 divide by scale"
399,400,"VXM.ALU1","K cache head=1 INT8 duplicate=0"
399,400,"VXM.ALU2","K cache head=1 INT8 duplicate=1"
399,400,"VXM.ALU3","K cache head=1 INT8 duplicate=2"
399,400,"VXM.ALU4","K cache head=1 INT8 duplicate=3"
399,400,"VXM.ALU5","K cache head=1 INT8 duplicate=4"
399,400,"VXM.ALU6","K cache head=1 INT8 duplicate=5"
399,400,"VXM.ALU7","K cache head=1 INT8 duplicate=6"
399,400,"VXM.ALU8","K cache head=1 INT8 duplicate=7"
400,401,"VXM.ALU0","K cache head=1 divide by scale"
400,401,"VXM.ALU1","K cache head=1 INT8 duplicate=0"
400,401,"VXM.ALU2","K cache head=1 INT8 duplicate=1"
400,401,"VXM.ALU3","K cache head=1 INT8 duplicate=2"
400,401,"VXM.ALU4","K cache head=1 INT8 duplicate=3"
400,401,"VXM.ALU5","K cache head=1 INT8 duplicate=4"
400,401,"VXM.ALU6","K cache head=1 INT8 duplicate=5"
400,401,"VXM.ALU7","K cache head=1 INT8 duplicate=6"
400,401,"VXM.ALU8","K cache head=1 INT8 duplicate=7"
401,402,"VXM.ALU0","K cache head=1 divide by scale"
401,402,"VXM.ALU1","K cache head=1 INT8 duplicate=0"
401,402,"VXM.ALU2","K cache head=1 INT8 duplicate=1"
401,402,"VXM.ALU3","K cache head=1 INT8 duplicate=2"
401,402,"VXM.ALU4","K cache head=1 INT8 duplicate=3"
401,402,"VXM.ALU5","K cache head=1 INT8 duplicate=4"
401,402,"VXM.ALU6","K cache head=1 INT8 duplicate=5"
401,402,"VXM.ALU7","K cache head=1 INT8 duplicate=6"
401,402,"VXM.ALU8","K cache head=1 INT8 duplicate=7"
402,403,"VXM.ALU0","K cache head=2 divide by scale"
402,403,"VXM.ALU1","K cache head=1 INT8 duplicate=0"
402,403,"VXM.ALU2","K cache head=1 INT8 duplicate=1"
402,403,"VXM.ALU3","K cache head=1 INT8 duplicate=2"
402,403,"VXM.ALU4","K cache head=1 INT8 duplicate=3"
402,403,"VXM.ALU5","K cache head=1 INT8 duplicate=4"
402,403,"VXM.ALU6","K cache head=1 INT8 duplicate=5"
402,403,"VXM.ALU7","K cache head=1 INT8 duplicate=6"
402,403,"VXM.ALU8","K cache head=1 INT8 duplicate=7"
403,404,"VXM.ALU0","K cache head=2 divide by scale"
403,404,"VXM.ALU1","K cache head=2 INT8 duplicate=0"
403,404,"VXM.ALU2","K cache head=2 INT8 duplicate=1"
403,404,"VXM.ALU3","K cache head=2 INT8 duplicate=2"
403,404,"VXM.ALU4","K cache head=2 INT8 duplicate=3"
403,404,"VXM.ALU5","K cache head=2 INT8 duplicate=4"
403,404,"VXM.ALU6","K cache head=2 INT8 duplicate=5"
403,404,"VXM.ALU7","K cache head=2 INT8 duplicate=6"
403,404,"VXM.ALU8","K cache head=2 INT8 duplicate=7"
404,405,"VXM.ALU0","K cache head=2 divide by scale"
404,405,"VXM.ALU1","K cache head=2 INT8 duplicate=0"
404,405,"VXM.ALU2","K cache head=2 INT8 duplicate=1"
404,405,"VXM.ALU3","K cache head=2 INT8 duplicate=2"
404,405,"VXM.ALU4","K cache head=2 INT8 duplicate=3"
404,405,"VXM.ALU5","K cache head=2 INT8 duplicate=4"
404,405,"VXM.ALU6","K cache head=2 INT8 duplicate=5"
404,405,"VXM.ALU7","K cache head=2 INT8 duplicate=6"
404,405,"VXM.ALU8","K cache head=2 INT8 duplicate=7"
405,406,"VXM.ALU0","K cache head=2 divide by scale"
405,406,"VXM.ALU1","K cache head=2 INT8 duplicate=0"
405,406,"VXM.ALU2","K cache head=2 INT8 duplicate=1"
405,406,"VXM.ALU3","K cache head=2 INT8 duplicate=2"
405,406,"VXM.ALU4","K cache head=2 INT8 duplicate=3"
405,406,"VXM.ALU5","K cache head=2 INT8 duplicate=4"
405,406,"VXM.ALU6","K cache head=2 INT8 duplicate=5"
405,406,"VXM.ALU7","K cache head=2 INT8 duplicate=6"
405,406,"VXM.ALU8","K cache head=2 INT8 duplicate=7"
406,407,"VXM.ALU0","K cache head=2 divide by scale"
406,407,"VXM.ALU1","K cache head=2 INT8 duplicate=0"
406,407,"VXM.ALU2","K cache head=2 INT8 duplicate=1"
406,407,"VXM.ALU3","K cache head=2 INT8 duplicate=2"
406,407,"VXM.ALU4","K cache head=2 INT8 duplicate=3"
406,407,"VXM.ALU5","K cache head=2 INT8 duplicate=4"
406,407,"VXM.ALU6","K cache head=2 INT8 duplicate=5"
406,407,"VXM.ALU7","K cache head=2 INT8 duplicate=6"
406,407,"VXM.ALU8","K cache head=2 INT8 duplicate=7"
407,408,"VXM.ALU0","K cache head=2 divide by scale"
407,408,"VXM.ALU1","K cache head=2 INT8 duplicate=0"
407,408,"VXM.ALU2","K cache head=2 INT8 duplicate=1"
407,408,"VXM.ALU3","K cache head=2 INT8 duplicate=2"
407,408,"VXM.ALU4","K cache head=2 INT8 duplicate=3"
407,408,"VXM.ALU5","K cache head=2 INT8 duplicate=4"
407,408,"VXM.ALU6","K cache head=2 INT8 duplicate=5"
407,408,"VXM.ALU7","K cache head=2 INT8 duplicate=6"
407,408,"VXM.ALU8","K cache head=2 INT8 duplicate=7"
408,409,"VXM.ALU0","K cache head=2 divide by scale"
408,409,"VXM.ALU1","K cache head=2 INT8 duplicate=0"
408,409,"VXM.ALU2","K cache head=2 INT8 duplicate=1"
408,409,"VXM.ALU3","K cache head=2 INT8 duplicate=2"
408,409,"VXM.ALU4","K cache head=2 INT8 duplicate=3"
408,409,"VXM.ALU5","K cache head=2 INT8 duplicate=4"
408,409,"VXM.ALU6","K cache head=2 INT8 duplicate=5"
408,409,"VXM.ALU7","K cache head=2 INT8 duplicate=6"
408,409,"VXM.ALU8","K cache head=2 INT8 duplicate=7"
409,410,"VXM.ALU0","K cache head=2 divide by scale"
409,410,"VXM.ALU1","K cache head=2 INT8 duplicate=0"
409,410,"VXM.ALU2","K cache head=2 INT8 duplicate=1"
409,410,"VXM.ALU3","K cache head=2 INT8 duplicate=2"
409,410,"VXM.ALU4","K cache head=2 INT8 duplicate=3"
409,410,"VXM.ALU5","K cache head=2 INT8 duplicate=4"
409,410,"VXM.ALU6","K cache head=2 INT8 duplicate=5"
409,410,"VXM.ALU7","K cache head=2 INT8 duplicate=6"
409,410,"VXM.ALU8","K cache head=2 INT8 duplicate=7"
410,411,"VXM.ALU1","K cache head=2 INT8 duplicate=0"
410,411,"VXM.ALU2","K cache head=2 INT8 duplicate=1"
410,411,"VXM.ALU3","K cache head=2 INT8 duplicate=2"
410,411,"VXM.ALU4","K cache head=2 INT8 duplicate=3"
410,411,"VXM.ALU5","K cache head=2 INT8 duplicate=4"
410,411,"VXM.ALU6","K cache head=2 INT8 duplicate=5"
410,411,"VXM.ALU7","K cache head=2 INT8 duplicate=6"
410,411,"VXM.ALU8","K cache head=2 INT8 duplicate=7"
446,665,"MEM.E.Read","V projection packed streamed INT8 weights reduction=0"
459,460,"MXM.E0.ActivationLoad","V projection packed activation reduction=0"
461,653,"MXM.E0.Compute","V projection packed decode waves reduction=0 dst=sram retain"
461,653,"MXM.E0.Dequant","V projection packed BF16 group scales reduction=0"
660,879,"MEM.E.Read","V projection packed streamed INT8 weights reduction=1"
673,674,"MXM.E0.ActivationLoad","V projection packed activation reduction=1"
675,867,"MXM.E0.Compute","V projection packed decode waves reduction=1 dst=sram retain"
675,867,"MXM.E0.Dequant","V projection packed BF16 group scales reduction=1"
874,1093,"MEM.E.Read","V projection packed streamed INT8 weights reduction=2"
887,888,"MXM.E0.ActivationLoad","V projection packed activation reduction=2"
889,1081,"MXM.E0.Compute","V projection packed decode waves reduction=2 dst=sram retain"
889,1081,"MXM.E0.Dequant","V projection packed BF16 group scales reduction=2"
1088,1307,"MEM.E.Read","V projection packed streamed INT8 weights reduction=3"
1101,1102,"MXM.E0.ActivationLoad","V projection packed activation reduction=3"
1103,1295,"MXM.E0.Compute","V projection packed decode waves reduction=3 dst=sram retain"
1103,1295,"MXM.E0.Dequant","V projection packed BF16 group scales reduction=3"
1302,1521,"MEM.E.Read","V projection packed streamed INT8 weights reduction=4"
1315,1316,"MXM.E0.ActivationLoad","V projection packed activation reduction=4"
1317,1509,"MXM.E0.Compute","V projection packed decode waves reduction=4 dst=stream+clear BF16"
1317,1509,"MXM.E0.Dequant","V projection packed BF16 group scales reduction=4"
1336,1528,"MEM.E.Write","BF16 final reduction output"
1560,1561,"VXM.ALU0","V cache head=0 divide by scale"
1560,1765,"MEM.E.Write","instruction-written packed INT8 decode V cache token=128"
1561,1562,"VXM.ALU0","V cache head=0 divide by scale"
1561,1562,"VXM.ALU1","V cache head=0 round/saturate INT8"
1562,1563,"VXM.ALU0","V cache head=0 divide by scale"
1562,1563,"VXM.ALU1","V cache head=0 round/saturate INT8"
1563,1564,"VXM.ALU0","V cache head=0 divide by scale"
1563,1564,"VXM.ALU1","V cache head=0 round/saturate INT8"
1564,1565,"VXM.ALU0","V cache head=0 divide by scale"
1564,1565,"VXM.ALU1","V cache head=0 round/saturate INT8"
1565,1566,"VXM.ALU0","V cache head=0 divide by scale"
1565,1566,"VXM.ALU1","V cache head=0 round/saturate INT8"
1566,1567,"VXM.ALU0","V cache head=0 divide by scale"
1566,1567,"VXM.ALU1","V cache head=0 round/saturate INT8"
1567,1568,"VXM.ALU0","V cache head=0 divide by scale"
1567,1568,"VXM.ALU1","V cache head=0 round/saturate INT8"
1568,1569,"VXM.ALU0","V cache head=0 divide by scale"
1568,1569,"VXM.ALU1","V cache head=0 round/saturate INT8"
1569,1570,"VXM.ALU0","V cache head=0 divide by scale"
1569,1570,"VXM.ALU1","V cache head=0 round/saturate INT8"
1570,1571,"VXM.ALU0","V cache head=0 divide by scale"
1570,1571,"VXM.ALU1","V cache head=0 round/saturate INT8"
1571,1572,"VXM.ALU0","V cache head=0 divide by scale"
1571,1572,"VXM.ALU1","V cache head=0 round/saturate INT8"
1572,1573,"VXM.ALU0","V cache head=0 divide by scale"
1572,1573,"VXM.ALU1","V cache head=0 round/saturate INT8"
1573,1574,"VXM.ALU0","V cache head=0 divide by scale"
1573,1574,"VXM.ALU1","V cache head=0 round/saturate INT8"
1574,1575,"VXM.ALU0","V cache head=0 divide by scale"
1574,1575,"VXM.ALU1","V cache head=0 round/saturate INT8"
1575,1576,"VXM.ALU0","V cache head=0 divide by scale"
1575,1576,"VXM.ALU1","V cache head=0 round/saturate INT8"
1576,1577,"VXM.ALU0","V cache head=0 divide by scale"
1576,1577,"VXM.ALU1","V cache head=0 round/saturate INT8"
1577,1578,"VXM.ALU0","V cache head=0 divide by scale"
1577,1578,"VXM.ALU1","V cache head=0 round/saturate INT8"
1578,1579,"VXM.ALU0","V cache head=0 divide by scale"
1578,1579,"VXM.ALU1","V cache head=0 round/saturate INT8"
1579,1580,"VXM.ALU0","V cache head=0 divide by scale"
1579,1580,"VXM.ALU1","V cache head=0 round/saturate INT8"
1580,1581,"VXM.ALU0","V cache head=0 divide by scale"
1580,1581,"VXM.ALU1","V cache head=0 round/saturate INT8"
1581,1582,"VXM.ALU0","V cache head=0 divide by scale"
1581,1582,"VXM.ALU1","V cache head=0 round/saturate INT8"
1582,1583,"VXM.ALU0","V cache head=0 divide by scale"
1582,1583,"VXM.ALU1","V cache head=0 round/saturate INT8"
1583,1584,"VXM.ALU0","V cache head=0 divide by scale"
1583,1584,"VXM.ALU1","V cache head=0 round/saturate INT8"
1584,1585,"VXM.ALU0","V cache head=0 divide by scale"
1584,1585,"VXM.ALU1","V cache head=0 round/saturate INT8"
1585,1586,"VXM.ALU0","V cache head=0 divide by scale"
1585,1586,"VXM.ALU1","V cache head=0 round/saturate INT8"
1586,1587,"VXM.ALU0","V cache head=0 divide by scale"
1586,1587,"VXM.ALU1","V cache head=0 round/saturate INT8"
1587,1588,"VXM.ALU0","V cache head=0 divide by scale"
1587,1588,"VXM.ALU1","V cache head=0 round/saturate INT8"
1588,1589,"VXM.ALU0","V cache head=0 divide by scale"
1588,1589,"VXM.ALU1","V cache head=0 round/saturate INT8"
1589,1590,"VXM.ALU0","V cache head=0 divide by scale"
1589,1590,"VXM.ALU1","V cache head=0 round/saturate INT8"
1590,1591,"VXM.ALU0","V cache head=0 divide by scale"
1590,1591,"VXM.ALU1","V cache head=0 round/saturate INT8"
1591,1592,"VXM.ALU0","V cache head=0 divide by scale"
1591,1592,"VXM.ALU1","V cache head=0 round/saturate INT8"
1592,1593,"VXM.ALU0","V cache head=0 divide by scale"
1592,1593,"VXM.ALU1","V cache head=0 round/saturate INT8"
1593,1594,"VXM.ALU0","V cache head=0 divide by scale"
1593,1594,"VXM.ALU1","V cache head=0 round/saturate INT8"
1594,1595,"VXM.ALU0","V cache head=0 divide by scale"
1594,1595,"VXM.ALU1","V cache head=0 round/saturate INT8"
1595,1596,"VXM.ALU0","V cache head=0 divide by scale"
1595,1596,"VXM.ALU1","V cache head=0 round/saturate INT8"
1596,1597,"VXM.ALU0","V cache head=0 divide by scale"
1596,1597,"VXM.ALU1","V cache head=0 round/saturate INT8"
1597,1598,"VXM.ALU0","V cache head=0 divide by scale"
1597,1598,"VXM.ALU1","V cache head=0 round/saturate INT8"
1598,1599,"VXM.ALU0","V cache head=0 divide by scale"
1598,1599,"VXM.ALU1","V cache head=0 round/saturate INT8"
1599,1600,"VXM.ALU0","V cache head=0 divide by scale"
1599,1600,"VXM.ALU1","V cache head=0 round/saturate INT8"
1600,1601,"VXM.ALU0","V cache head=0 divide by scale"
1600,1601,"VXM.ALU1","V cache head=0 round/saturate INT8"
1601,1602,"VXM.ALU0","V cache head=0 divide by scale"
1601,1602,"VXM.ALU1","V cache head=0 round/saturate INT8"
1602,1603,"VXM.ALU0","V cache head=0 divide by scale"
1602,1603,"VXM.ALU1","V cache head=0 round/saturate INT8"
1603,1604,"VXM.ALU0","V cache head=0 divide by scale"
1603,1604,"VXM.ALU1","V cache head=0 round/saturate INT8"
1604,1605,"VXM.ALU0","V cache head=0 divide by scale"
1604,1605,"VXM.ALU1","V cache head=0 round/saturate INT8"
1605,1606,"VXM.ALU0","V cache head=0 divide by scale"
1605,1606,"VXM.ALU1","V cache head=0 round/saturate INT8"
1606,1607,"VXM.ALU0","V cache head=0 divide by scale"
1606,1607,"VXM.ALU1","V cache head=0 round/saturate INT8"
1607,1608,"VXM.ALU0","V cache head=0 divide by scale"
1607,1608,"VXM.ALU1","V cache head=0 round/saturate INT8"
1608,1609,"VXM.ALU0","V cache head=0 divide by scale"
1608,1609,"VXM.ALU1","V cache head=0 round/saturate INT8"
1609,1610,"VXM.ALU0","V cache head=0 divide by scale"
1609,1610,"VXM.ALU1","V cache head=0 round/saturate INT8"
1610,1611,"VXM.ALU0","V cache head=0 divide by scale"
1610,1611,"VXM.ALU1","V cache head=0 round/saturate INT8"
1611,1612,"VXM.ALU0","V cache head=0 divide by scale"
1611,1612,"VXM.ALU1","V cache head=0 round/saturate INT8"
1612,1613,"VXM.ALU0","V cache head=0 divide by scale"
1612,1613,"VXM.ALU1","V cache head=0 round/saturate INT8"
1613,1614,"VXM.ALU0","V cache head=0 divide by scale"
1613,1614,"VXM.ALU1","V cache head=0 round/saturate INT8"
1614,1615,"VXM.ALU0","V cache head=0 divide by scale"
1614,1615,"VXM.ALU1","V cache head=0 round/saturate INT8"
1615,1616,"VXM.ALU0","V cache head=0 divide by scale"
1615,1616,"VXM.ALU1","V cache head=0 round/saturate INT8"
1616,1617,"VXM.ALU0","V cache head=0 divide by scale"
1616,1617,"VXM.ALU1","V cache head=0 round/saturate INT8"
1617,1618,"VXM.ALU0","V cache head=0 divide by scale"
1617,1618,"VXM.ALU1","V cache head=0 round/saturate INT8"
1618,1619,"VXM.ALU0","V cache head=0 divide by scale"
1618,1619,"VXM.ALU1","V cache head=0 round/saturate INT8"
1619,1620,"VXM.ALU0","V cache head=0 divide by scale"
1619,1620,"VXM.ALU1","V cache head=0 round/saturate INT8"
1620,1621,"VXM.ALU0","V cache head=0 divide by scale"
1620,1621,"VXM.ALU1","V cache head=0 round/saturate INT8"
1621,1622,"VXM.ALU0","V cache head=0 divide by scale"
1621,1622,"VXM.ALU1","V cache head=0 round/saturate INT8"
1622,1623,"VXM.ALU0","V cache head=0 divide by scale"
1622,1623,"VXM.ALU1","V cache head=0 round/saturate INT8"
1623,1624,"VXM.ALU0","V cache head=0 divide by scale"
1623,1624,"VXM.ALU1","V cache head=0 round/saturate INT8"
1624,1625,"VXM.ALU0","V cache head=1 divide by scale"
1624,1625,"VXM.ALU1","V cache head=0 round/saturate INT8"
1625,1626,"VXM.ALU0","V cache head=1 divide by scale"
1625,1626,"VXM.ALU1","V cache head=1 round/saturate INT8"
1626,1627,"VXM.ALU0","V cache head=1 divide by scale"
1626,1627,"VXM.ALU1","V cache head=1 round/saturate INT8"
1627,1628,"VXM.ALU0","V cache head=1 divide by scale"
1627,1628,"VXM.ALU1","V cache head=1 round/saturate INT8"
1628,1629,"VXM.ALU0","V cache head=1 divide by scale"
1628,1629,"VXM.ALU1","V cache head=1 round/saturate INT8"
1629,1630,"VXM.ALU0","V cache head=1 divide by scale"
1629,1630,"VXM.ALU1","V cache head=1 round/saturate INT8"
1630,1631,"VXM.ALU0","V cache head=1 divide by scale"
1630,1631,"VXM.ALU1","V cache head=1 round/saturate INT8"
1631,1632,"VXM.ALU0","V cache head=1 divide by scale"
1631,1632,"VXM.ALU1","V cache head=1 round/saturate INT8"
1632,1633,"VXM.ALU0","V cache head=1 divide by scale"
1632,1633,"VXM.ALU1","V cache head=1 round/saturate INT8"
1633,1634,"VXM.ALU0","V cache head=1 divide by scale"
1633,1634,"VXM.ALU1","V cache head=1 round/saturate INT8"
1634,1635,"VXM.ALU0","V cache head=1 divide by scale"
1634,1635,"VXM.ALU1","V cache head=1 round/saturate INT8"
1635,1636,"VXM.ALU0","V cache head=1 divide by scale"
1635,1636,"VXM.ALU1","V cache head=1 round/saturate INT8"
1636,1637,"VXM.ALU0","V cache head=1 divide by scale"
1636,1637,"VXM.ALU1","V cache head=1 round/saturate INT8"
1637,1638,"VXM.ALU0","V cache head=1 divide by scale"
1637,1638,"VXM.ALU1","V cache head=1 round/saturate INT8"
1638,1639,"VXM.ALU0","V cache head=1 divide by scale"
1638,1639,"VXM.ALU1","V cache head=1 round/saturate INT8"
1639,1640,"VXM.ALU0","V cache head=1 divide by scale"
1639,1640,"VXM.ALU1","V cache head=1 round/saturate INT8"
1640,1641,"VXM.ALU0","V cache head=1 divide by scale"
1640,1641,"VXM.ALU1","V cache head=1 round/saturate INT8"
1641,1642,"VXM.ALU0","V cache head=1 divide by scale"
1641,1642,"VXM.ALU1","V cache head=1 round/saturate INT8"
1642,1643,"VXM.ALU0","V cache head=1 divide by scale"
1642,1643,"VXM.ALU1","V cache head=1 round/saturate INT8"
1643,1644,"VXM.ALU0","V cache head=1 divide by scale"
1643,1644,"VXM.ALU1","V cache head=1 round/saturate INT8"
1644,1645,"VXM.ALU0","V cache head=1 divide by scale"
1644,1645,"VXM.ALU1","V cache head=1 round/saturate INT8"
1645,1646,"VXM.ALU0","V cache head=1 divide by scale"
1645,1646,"VXM.ALU1","V cache head=1 round/saturate INT8"
1646,1647,"VXM.ALU0","V cache head=1 divide by scale"
1646,1647,"VXM.ALU1","V cache head=1 round/saturate INT8"
1647,1648,"VXM.ALU0","V cache head=1 divide by scale"
1647,1648,"VXM.ALU1","V cache head=1 round/saturate INT8"
1648,1649,"VXM.ALU0","V cache head=1 divide by scale"
1648,1649,"VXM.ALU1","V cache head=1 round/saturate INT8"
1649,1650,"VXM.ALU0","V cache head=1 divide by scale"
1649,1650,"VXM.ALU1","V cache head=1 round/saturate INT8"
1650,1651,"VXM.ALU0","V cache head=1 divide by scale"
1650,1651,"VXM.ALU1","V cache head=1 round/saturate INT8"
1651,1652,"VXM.ALU0","V cache head=1 divide by scale"
1651,1652,"VXM.ALU1","V cache head=1 round/saturate INT8"
1652,1653,"VXM.ALU0","V cache head=1 divide by scale"
1652,1653,"VXM.ALU1","V cache head=1 round/saturate INT8"
1653,1654,"VXM.ALU0","V cache head=1 divide by scale"
1653,1654,"VXM.ALU1","V cache head=1 round/saturate INT8"
1654,1655,"VXM.ALU0","V cache head=1 divide by scale"
1654,1655,"VXM.ALU1","V cache head=1 round/saturate INT8"
1655,1656,"VXM.ALU0","V cache head=1 divide by scale"
1655,1656,"VXM.ALU1","V cache head=1 round/saturate INT8"
1656,1657,"VXM.ALU0","V cache head=1 divide by scale"
1656,1657,"VXM.ALU1","V cache head=1 round/saturate INT8"
1657,1658,"VXM.ALU0","V cache head=1 divide by scale"
1657,1658,"VXM.ALU1","V cache head=1 round/saturate INT8"
1658,1659,"VXM.ALU0","V cache head=1 divide by scale"
1658,1659,"VXM.ALU1","V cache head=1 round/saturate INT8"
1659,1660,"VXM.ALU0","V cache head=1 divide by scale"
1659,1660,"VXM.ALU1","V cache head=1 round/saturate INT8"
1660,1661,"VXM.ALU0","V cache head=1 divide by scale"
1660,1661,"VXM.ALU1","V cache head=1 round/saturate INT8"
1661,1662,"VXM.ALU0","V cache head=1 divide by scale"
1661,1662,"VXM.ALU1","V cache head=1 round/saturate INT8"
1662,1663,"VXM.ALU0","V cache head=1 divide by scale"
1662,1663,"VXM.ALU1","V cache head=1 round/saturate INT8"
1663,1664,"VXM.ALU0","V cache head=1 divide by scale"
1663,1664,"VXM.ALU1","V cache head=1 round/saturate INT8"
1664,1665,"VXM.ALU0","V cache head=1 divide by scale"
1664,1665,"VXM.ALU1","V cache head=1 round/saturate INT8"
1665,1666,"VXM.ALU0","V cache head=1 divide by scale"
1665,1666,"VXM.ALU1","V cache head=1 round/saturate INT8"
1666,1667,"VXM.ALU0","V cache head=1 divide by scale"
1666,1667,"VXM.ALU1","V cache head=1 round/saturate INT8"
1667,1668,"VXM.ALU0","V cache head=1 divide by scale"
1667,1668,"VXM.ALU1","V cache head=1 round/saturate INT8"
1668,1669,"VXM.ALU0","V cache head=1 divide by scale"
1668,1669,"VXM.ALU1","V cache head=1 round/saturate INT8"
1669,1670,"VXM.ALU0","V cache head=1 divide by scale"
1669,1670,"VXM.ALU1","V cache head=1 round/saturate INT8"
1670,1671,"VXM.ALU0","V cache head=1 divide by scale"
1670,1671,"VXM.ALU1","V cache head=1 round/saturate INT8"
1671,1672,"VXM.ALU0","V cache head=1 divide by scale"
1671,1672,"VXM.ALU1","V cache head=1 round/saturate INT8"
1672,1673,"VXM.ALU0","V cache head=1 divide by scale"
1672,1673,"VXM.ALU1","V cache head=1 round/saturate INT8"
1673,1674,"VXM.ALU0","V cache head=1 divide by scale"
1673,1674,"VXM.ALU1","V cache head=1 round/saturate INT8"
1674,1675,"VXM.ALU0","V cache head=1 divide by scale"
1674,1675,"VXM.ALU1","V cache head=1 round/saturate INT8"
1675,1676,"VXM.ALU0","V cache head=1 divide by scale"
1675,1676,"VXM.ALU1","V cache head=1 round/saturate INT8"
1676,1677,"VXM.ALU0","V cache head=1 divide by scale"
1676,1677,"VXM.ALU1","V cache head=1 round/saturate INT8"
1677,1678,"VXM.ALU0","V cache head=1 divide by scale"
1677,1678,"VXM.ALU1","V cache head=1 round/saturate INT8"
1678,1679,"VXM.ALU0","V cache head=1 divide by scale"
1678,1679,"VXM.ALU1","V cache head=1 round/saturate INT8"
1679,1680,"VXM.ALU0","V cache head=1 divide by scale"
1679,1680,"VXM.ALU1","V cache head=1 round/saturate INT8"
1680,1681,"VXM.ALU0","V cache head=1 divide by scale"
1680,1681,"VXM.ALU1","V cache head=1 round/saturate INT8"
1681,1682,"VXM.ALU0","V cache head=1 divide by scale"
1681,1682,"VXM.ALU1","V cache head=1 round/saturate INT8"
1682,1683,"VXM.ALU0","V cache head=1 divide by scale"
1682,1683,"VXM.ALU1","V cache head=1 round/saturate INT8"
1683,1684,"VXM.ALU0","V cache head=1 divide by scale"
1683,1684,"VXM.ALU1","V cache head=1 round/saturate INT8"
1684,1685,"VXM.ALU0","V cache head=1 divide by scale"
1684,1685,"VXM.ALU1","V cache head=1 round/saturate INT8"
1685,1686,"VXM.ALU0","V cache head=1 divide by scale"
1685,1686,"VXM.ALU1","V cache head=1 round/saturate INT8"
1686,1687,"VXM.ALU0","V cache head=1 divide by scale"
1686,1687,"VXM.ALU1","V cache head=1 round/saturate INT8"
1687,1688,"VXM.ALU0","V cache head=1 divide by scale"
1687,1688,"VXM.ALU1","V cache head=1 round/saturate INT8"
1688,1689,"VXM.ALU0","V cache head=2 divide by scale"
1688,1689,"VXM.ALU1","V cache head=1 round/saturate INT8"
1689,1690,"VXM.ALU0","V cache head=2 divide by scale"
1689,1690,"VXM.ALU1","V cache head=2 round/saturate INT8"
1690,1691,"VXM.ALU0","V cache head=2 divide by scale"
1690,1691,"VXM.ALU1","V cache head=2 round/saturate INT8"
1691,1692,"VXM.ALU0","V cache head=2 divide by scale"
1691,1692,"VXM.ALU1","V cache head=2 round/saturate INT8"
1692,1693,"VXM.ALU0","V cache head=2 divide by scale"
1692,1693,"VXM.ALU1","V cache head=2 round/saturate INT8"
1693,1694,"VXM.ALU0","V cache head=2 divide by scale"
1693,1694,"VXM.ALU1","V cache head=2 round/saturate INT8"
1694,1695,"VXM.ALU0","V cache head=2 divide by scale"
1694,1695,"VXM.ALU1","V cache head=2 round/saturate INT8"
1695,1696,"VXM.ALU0","V cache head=2 divide by scale"
1695,1696,"VXM.ALU1","V cache head=2 round/saturate INT8"
1696,1697,"VXM.ALU0","V cache head=2 divide by scale"
1696,1697,"VXM.ALU1","V cache head=2 round/saturate INT8"
1697,1698,"VXM.ALU0","V cache head=2 divide by scale"
1697,1698,"VXM.ALU1","V cache head=2 round/saturate INT8"
1698,1699,"VXM.ALU0","V cache head=2 divide by scale"
1698,1699,"VXM.ALU1","V cache head=2 round/saturate INT8"
1699,1700,"VXM.ALU0","V cache head=2 divide by scale"
1699,1700,"VXM.ALU1","V cache head=2 round/saturate INT8"
1700,1701,"VXM.ALU0","V cache head=2 divide by scale"
1700,1701,"VXM.ALU1","V cache head=2 round/saturate INT8"
1701,1702,"VXM.ALU0","V cache head=2 divide by scale"
1701,1702,"VXM.ALU1","V cache head=2 round/saturate INT8"
1702,1703,"VXM.ALU0","V cache head=2 divide by scale"
1702,1703,"VXM.ALU1","V cache head=2 round/saturate INT8"
1703,1704,"VXM.ALU0","V cache head=2 divide by scale"
1703,1704,"VXM.ALU1","V cache head=2 round/saturate INT8"
1704,1705,"VXM.ALU0","V cache head=2 divide by scale"
1704,1705,"VXM.ALU1","V cache head=2 round/saturate INT8"
1705,1706,"VXM.ALU0","V cache head=2 divide by scale"
1705,1706,"VXM.ALU1","V cache head=2 round/saturate INT8"
1706,1707,"VXM.ALU0","V cache head=2 divide by scale"
1706,1707,"VXM.ALU1","V cache head=2 round/saturate INT8"
1707,1708,"VXM.ALU0","V cache head=2 divide by scale"
1707,1708,"VXM.ALU1","V cache head=2 round/saturate INT8"
1708,1709,"VXM.ALU0","V cache head=2 divide by scale"
1708,1709,"VXM.ALU1","V cache head=2 round/saturate INT8"
1709,1710,"VXM.ALU0","V cache head=2 divide by scale"
1709,1710,"VXM.ALU1","V cache head=2 round/saturate INT8"
1710,1711,"VXM.ALU0","V cache head=2 divide by scale"
1710,1711,"VXM.ALU1","V cache head=2 round/saturate INT8"
1711,1712,"VXM.ALU0","V cache head=2 divide by scale"
1711,1712,"VXM.ALU1","V cache head=2 round/saturate INT8"
1712,1713,"VXM.ALU0","V cache head=2 divide by scale"
1712,1713,"VXM.ALU1","V cache head=2 round/saturate INT8"
1713,1714,"VXM.ALU0","V cache head=2 divide by scale"
1713,1714,"VXM.ALU1","V cache head=2 round/saturate INT8"
1714,1715,"VXM.ALU0","V cache head=2 divide by scale"
1714,1715,"VXM.ALU1","V cache head=2 round/saturate INT8"
1715,1716,"VXM.ALU0","V cache head=2 divide by scale"
1715,1716,"VXM.ALU1","V cache head=2 round/saturate INT8"
1716,1717,"VXM.ALU0","V cache head=2 divide by scale"
1716,1717,"VXM.ALU1","V cache head=2 round/saturate INT8"
1717,1718,"VXM.ALU0","V cache head=2 divide by scale"
1717,1718,"VXM.ALU1","V cache head=2 round/saturate INT8"
1718,1719,"VXM.ALU0","V cache head=2 divide by scale"
1718,1719,"VXM.ALU1","V cache head=2 round/saturate INT8"
1719,1720,"VXM.ALU0","V cache head=2 divide by scale"
1719,1720,"VXM.ALU1","V cache head=2 round/saturate INT8"
1720,1721,"VXM.ALU0","V cache head=2 divide by scale"
1720,1721,"VXM.ALU1","V cache head=2 round/saturate INT8"
1721,1722,"VXM.ALU0","V cache head=2 divide by scale"
1721,1722,"VXM.ALU1","V cache head=2 round/saturate INT8"
1722,1723,"VXM.ALU0","V cache head=2 divide by scale"
1722,1723,"VXM.ALU1","V cache head=2 round/saturate INT8"
1723,1724,"VXM.ALU0","V cache head=2 divide by scale"
1723,1724,"VXM.ALU1","V cache head=2 round/saturate INT8"
1724,1725,"VXM.ALU0","V cache head=2 divide by scale"
1724,1725,"VXM.ALU1","V cache head=2 round/saturate INT8"
1725,1726,"VXM.ALU0","V cache head=2 divide by scale"
1725,1726,"VXM.ALU1","V cache head=2 round/saturate INT8"
1726,1727,"VXM.ALU0","V cache head=2 divide by scale"
1726,1727,"VXM.ALU1","V cache head=2 round/saturate INT8"
1727,1728,"VXM.ALU0","V cache head=2 divide by scale"
1727,1728,"VXM.ALU1","V cache head=2 round/saturate INT8"
1728,1729,"VXM.ALU0","V cache head=2 divide by scale"
1728,1729,"VXM.ALU1","V cache head=2 round/saturate INT8"
1729,1730,"VXM.ALU0","V cache head=2 divide by scale"
1729,1730,"VXM.ALU1","V cache head=2 round/saturate INT8"
1730,1731,"VXM.ALU0","V cache head=2 divide by scale"
1730,1731,"VXM.ALU1","V cache head=2 round/saturate INT8"
1731,1732,"VXM.ALU0","V cache head=2 divide by scale"
1731,1732,"VXM.ALU1","V cache head=2 round/saturate INT8"
1732,1733,"VXM.ALU0","V cache head=2 divide by scale"
1732,1733,"VXM.ALU1","V cache head=2 round/saturate INT8"
1733,1734,"VXM.ALU0","V cache head=2 divide by scale"
1733,1734,"VXM.ALU1","V cache head=2 round/saturate INT8"
1734,1735,"VXM.ALU0","V cache head=2 divide by scale"
1734,1735,"VXM.ALU1","V cache head=2 round/saturate INT8"
1735,1736,"VXM.ALU0","V cache head=2 divide by scale"
1735,1736,"VXM.ALU1","V cache head=2 round/saturate INT8"
1736,1737,"VXM.ALU0","V cache head=2 divide by scale"
1736,1737,"VXM.ALU1","V cache head=2 round/saturate INT8"
1737,1738,"VXM.ALU0","V cache head=2 divide by scale"
1737,1738,"VXM.ALU1","V cache head=2 round/saturate INT8"
1738,1739,"VXM.ALU0","V cache head=2 divide by scale"
1738,1739,"VXM.ALU1","V cache head=2 round/saturate INT8"
1739,1740,"VXM.ALU0","V cache head=2 divide by scale"
1739,1740,"VXM.ALU1","V cache head=2 round/saturate INT8"
1740,1741,"VXM.ALU0","V cache head=2 divide by scale"
1740,1741,"VXM.ALU1","V cache head=2 round/saturate INT8"
1741,1742,"VXM.ALU0","V cache head=2 divide by scale"
1741,1742,"VXM.ALU1","V cache head=2 round/saturate INT8"
1742,1743,"VXM.ALU0","V cache head=2 divide by scale"
1742,1743,"VXM.ALU1","V cache head=2 round/saturate INT8"
1743,1744,"VXM.ALU0","V cache head=2 divide by scale"
1743,1744,"VXM.ALU1","V cache head=2 round/saturate INT8"
1744,1745,"VXM.ALU0","V cache head=2 divide by scale"
1744,1745,"VXM.ALU1","V cache head=2 round/saturate INT8"
1745,1746,"VXM.ALU0","V cache head=2 divide by scale"
1745,1746,"VXM.ALU1","V cache head=2 round/saturate INT8"
1746,1747,"VXM.ALU0","V cache head=2 divide by scale"
1746,1747,"VXM.ALU1","V cache head=2 round/saturate INT8"
1747,1748,"VXM.ALU0","V cache head=2 divide by scale"
1747,1748,"VXM.ALU1","V cache head=2 round/saturate INT8"
1748,1749,"VXM.ALU0","V cache head=2 divide by scale"
1748,1749,"VXM.ALU1","V cache head=2 round/saturate INT8"
1749,1750,"VXM.ALU0","V cache head=2 divide by scale"
1749,1750,"VXM.ALU1","V cache head=2 round/saturate INT8"
1750,1751,"VXM.ALU0","V cache head=2 divide by scale"
1750,1751,"VXM.ALU1","V cache head=2 round/saturate INT8"
1751,1752,"VXM.ALU0","V cache head=2 divide by scale"
1751,1752,"VXM.ALU1","V cache head=2 round/saturate INT8"
1752,1753,"VXM.ALU1","V cache head=2 round/saturate INT8"
1782,1881,"MEM.E.Read","Q projection streamed INT8 weights reduction=0"
1795,1796,"MXM.E0.ActivationLoad","Q projection activation reduction=0"
1797,1869,"MXM.E0.Compute","Q projection decode waves reduction=0 dst=sram retain"
1797,1869,"MXM.E0.Dequant","Q projection BF16 group scales reduction=0"
1876,1975,"MEM.E.Read","Q projection streamed INT8 weights reduction=1"
1889,1890,"MXM.E0.ActivationLoad","Q projection activation reduction=1"
1891,1963,"MXM.E0.Compute","Q projection decode waves reduction=1 dst=sram retain"
1891,1963,"MXM.E0.Dequant","Q projection BF16 group scales reduction=1"
1970,2069,"MEM.E.Read","Q projection streamed INT8 weights reduction=2"
1983,1984,"MXM.E0.ActivationLoad","Q projection activation reduction=2"
1985,2057,"MXM.E0.Compute","Q projection decode waves reduction=2 dst=sram retain"
1985,2057,"MXM.E0.Dequant","Q projection BF16 group scales reduction=2"
2064,2163,"MEM.E.Read","Q projection streamed INT8 weights reduction=3"
2077,2078,"MXM.E0.ActivationLoad","Q projection activation reduction=3"
2079,2151,"MXM.E0.Compute","Q projection decode waves reduction=3 dst=sram retain"
2079,2151,"MXM.E0.Dequant","Q projection BF16 group scales reduction=3"
2158,2257,"MEM.E.Read","Q projection streamed INT8 weights reduction=4"
2171,2172,"MXM.E0.ActivationLoad","Q projection activation reduction=4"
2173,2245,"MXM.E0.Compute","Q projection decode waves reduction=4 dst=stream+clear BF16"
2173,2245,"MXM.E0.Dequant","Q projection BF16 group scales reduction=4"
2192,2264,"MEM.E.Write","BF16 final reduction output"
2296,2297,"VXM.ALU0","RoPE hold low half"
2297,2298,"VXM.ALU1","RoPE low * cos"
2297,2298,"VXM.ALU2","RoPE high * sin"
2297,2298,"VXM.ALU3","RoPE high * cos"
2297,2298,"VXM.ALU4","RoPE low * sin"
2298,2299,"VXM.ALU5","RoPE low*cos - high*sin"
2298,2299,"VXM.ALU6","RoPE high*cos + low*sin"
2299,2300,"VXM.ALU7","RoPE BF16 high-half write"
2300,2301,"VXM.ALU0","RoPE hold low half"
2301,2302,"VXM.ALU1","RoPE low * cos"
2301,2302,"VXM.ALU2","RoPE high * sin"
2301,2302,"VXM.ALU3","RoPE high * cos"
2301,2302,"VXM.ALU4","RoPE low * sin"
2302,2303,"VXM.ALU5","RoPE low*cos - high*sin"
2302,2303,"VXM.ALU6","RoPE high*cos + low*sin"
2303,2304,"VXM.ALU7","RoPE BF16 high-half write"
2304,2305,"VXM.ALU0","RoPE hold low half"
2305,2306,"VXM.ALU1","RoPE low * cos"
2305,2306,"VXM.ALU2","RoPE high * sin"
2305,2306,"VXM.ALU3","RoPE high * cos"
2305,2306,"VXM.ALU4","RoPE low * sin"
2306,2307,"VXM.ALU5","RoPE low*cos - high*sin"
2306,2307,"VXM.ALU6","RoPE high*cos + low*sin"
2307,2308,"VXM.ALU7","RoPE BF16 high-half write"
2308,2309,"VXM.ALU0","RoPE hold low half"
2309,2310,"VXM.ALU1","RoPE low * cos"
2309,2310,"VXM.ALU2","RoPE high * sin"
2309,2310,"VXM.ALU3","RoPE high * cos"
2309,2310,"VXM.ALU4","RoPE low * sin"
2310,2311,"VXM.ALU5","RoPE low*cos - high*sin"
2310,2311,"VXM.ALU6","RoPE high*cos + low*sin"
2311,2312,"VXM.ALU7","RoPE BF16 high-half write"
2312,2313,"VXM.ALU0","RoPE hold low half"
2313,2314,"VXM.ALU1","RoPE low * cos"
2313,2314,"VXM.ALU2","RoPE high * sin"
2313,2314,"VXM.ALU3","RoPE high * cos"
2313,2314,"VXM.ALU4","RoPE low * sin"
2314,2315,"VXM.ALU5","RoPE low*cos - high*sin"
2314,2315,"VXM.ALU6","RoPE high*cos + low*sin"
2315,2316,"VXM.ALU7","RoPE BF16 high-half write"
2316,2317,"VXM.ALU0","RoPE hold low half"
2317,2318,"VXM.ALU1","RoPE low * cos"
2317,2318,"VXM.ALU2","RoPE high * sin"
2317,2318,"VXM.ALU3","RoPE high * cos"
2317,2318,"VXM.ALU4","RoPE low * sin"
2318,2319,"VXM.ALU5","RoPE low*cos - high*sin"
2318,2319,"VXM.ALU6","RoPE high*cos + low*sin"
2319,2320,"VXM.ALU7","RoPE BF16 high-half write"
2320,2321,"VXM.ALU0","RoPE hold low half"
2321,2322,"VXM.ALU1","RoPE low * cos"
2321,2322,"VXM.ALU2","RoPE high * sin"
2321,2322,"VXM.ALU3","RoPE high * cos"
2321,2322,"VXM.ALU4","RoPE low * sin"
2322,2323,"VXM.ALU5","RoPE low*cos - high*sin"
2322,2323,"VXM.ALU6","RoPE high*cos + low*sin"
2323,2324,"VXM.ALU7","RoPE BF16 high-half write"
2324,2325,"VXM.ALU0","RoPE hold low half"
2325,2326,"VXM.ALU1","RoPE low * cos"
2325,2326,"VXM.ALU2","RoPE high * sin"
2325,2326,"VXM.ALU3","RoPE high * cos"
2325,2326,"VXM.ALU4","RoPE low * sin"
2326,2327,"VXM.ALU5","RoPE low*cos - high*sin"
2326,2327,"VXM.ALU6","RoPE high*cos + low*sin"
2327,2328,"VXM.ALU7","RoPE BF16 high-half write"
2328,2329,"VXM.ALU0","RoPE hold low half"
2329,2330,"VXM.ALU1","RoPE low * cos"
2329,2330,"VXM.ALU2","RoPE high * sin"
2329,2330,"VXM.ALU3","RoPE high * cos"
2329,2330,"VXM.ALU4","RoPE low * sin"
2330,2331,"VXM.ALU5","RoPE low*cos - high*sin"
2330,2331,"VXM.ALU6","RoPE high*cos + low*sin"
2331,2332,"VXM.ALU7","RoPE BF16 high-half write"
2332,2333,"VXM.ALU0","RoPE hold low half"
2333,2334,"VXM.ALU1","RoPE low * cos"
2333,2334,"VXM.ALU2","RoPE high * sin"
2333,2334,"VXM.ALU3","RoPE high * cos"
2333,2334,"VXM.ALU4","RoPE low * sin"
2334,2335,"VXM.ALU5","RoPE low*cos - high*sin"
2334,2335,"VXM.ALU6","RoPE high*cos + low*sin"
2335,2336,"VXM.ALU7","RoPE BF16 high-half write"
2336,2337,"VXM.ALU0","RoPE hold low half"
2337,2338,"VXM.ALU1","RoPE low * cos"
2337,2338,"VXM.ALU2","RoPE high * sin"
2337,2338,"VXM.ALU3","RoPE high * cos"
2337,2338,"VXM.ALU4","RoPE low * sin"
2338,2339,"VXM.ALU5","RoPE low*cos - high*sin"
2338,2339,"VXM.ALU6","RoPE high*cos + low*sin"
2339,2340,"VXM.ALU7","RoPE BF16 high-half write"
2340,2341,"VXM.ALU0","RoPE hold low half"
2341,2342,"VXM.ALU1","RoPE low * cos"
2341,2342,"VXM.ALU2","RoPE high * sin"
2341,2342,"VXM.ALU3","RoPE high * cos"
2341,2342,"VXM.ALU4","RoPE low * sin"
2342,2343,"VXM.ALU5","RoPE low*cos - high*sin"
2342,2343,"VXM.ALU6","RoPE high*cos + low*sin"
2343,2344,"VXM.ALU7","RoPE BF16 high-half write"
2344,2345,"VXM.ALU0","RoPE hold low half"
2345,2346,"VXM.ALU1","RoPE low * cos"
2345,2346,"VXM.ALU2","RoPE high * sin"
2345,2346,"VXM.ALU3","RoPE high * cos"
2345,2346,"VXM.ALU4","RoPE low * sin"
2346,2347,"VXM.ALU5","RoPE low*cos - high*sin"
2346,2347,"VXM.ALU6","RoPE high*cos + low*sin"
2347,2348,"VXM.ALU7","RoPE BF16 high-half write"
2348,2349,"VXM.ALU0","RoPE hold low half"
2349,2350,"VXM.ALU1","RoPE low * cos"
2349,2350,"VXM.ALU2","RoPE high * sin"
2349,2350,"VXM.ALU3","RoPE high * cos"
2349,2350,"VXM.ALU4","RoPE low * sin"
2350,2351,"VXM.ALU5","RoPE low*cos - high*sin"
2350,2351,"VXM.ALU6","RoPE high*cos + low*sin"
2351,2352,"VXM.ALU7","RoPE BF16 high-half write"
2352,2353,"VXM.ALU0","RoPE hold low half"
2353,2354,"VXM.ALU1","RoPE low * cos"
2353,2354,"VXM.ALU2","RoPE high * sin"
2353,2354,"VXM.ALU3","RoPE high * cos"
2353,2354,"VXM.ALU4","RoPE low * sin"
2354,2355,"VXM.ALU5","RoPE low*cos - high*sin"
2354,2355,"VXM.ALU6","RoPE high*cos + low*sin"
2355,2356,"VXM.ALU7","RoPE BF16 high-half write"
2356,2357,"VXM.ALU0","RoPE hold low half"
2357,2358,"VXM.ALU1","RoPE low * cos"
2357,2358,"VXM.ALU2","RoPE high * sin"
2357,2358,"VXM.ALU3","RoPE high * cos"
2357,2358,"VXM.ALU4","RoPE low * sin"
2358,2359,"VXM.ALU5","RoPE low*cos - high*sin"
2358,2359,"VXM.ALU6","RoPE high*cos + low*sin"
2359,2360,"VXM.ALU7","RoPE BF16 high-half write"
2360,2361,"VXM.ALU0","RoPE hold low half"
2361,2362,"VXM.ALU1","RoPE low * cos"
2361,2362,"VXM.ALU2","RoPE high * sin"
2361,2362,"VXM.ALU3","RoPE high * cos"
2361,2362,"VXM.ALU4","RoPE low * sin"
2362,2363,"VXM.ALU5","RoPE low*cos - high*sin"
2362,2363,"VXM.ALU6","RoPE high*cos + low*sin"
2363,2364,"VXM.ALU7","RoPE BF16 high-half write"
2364,2365,"VXM.ALU0","RoPE hold low half"
2365,2366,"VXM.ALU1","RoPE low * cos"
2365,2366,"VXM.ALU2","RoPE high * sin"
2365,2366,"VXM.ALU3","RoPE high * cos"
2365,2366,"VXM.ALU4","RoPE low * sin"
2366,2367,"VXM.ALU5","RoPE low*cos - high*sin"
2366,2367,"VXM.ALU6","RoPE high*cos + low*sin"
2367,2368,"VXM.ALU7","RoPE BF16 high-half write"
2368,2369,"VXM.ALU0","RoPE hold low half"
2369,2370,"VXM.ALU1","RoPE low * cos"
2369,2370,"VXM.ALU2","RoPE high * sin"
2369,2370,"VXM.ALU3","RoPE high * cos"
2369,2370,"VXM.ALU4","RoPE low * sin"
2370,2371,"VXM.ALU5","RoPE low*cos - high*sin"
2370,2371,"VXM.ALU6","RoPE high*cos + low*sin"
2371,2372,"VXM.ALU7","RoPE BF16 high-half write"
2372,2373,"VXM.ALU0","RoPE hold low half"
2373,2374,"VXM.ALU1","RoPE low * cos"
2373,2374,"VXM.ALU2","RoPE high * sin"
2373,2374,"VXM.ALU3","RoPE high * cos"
2373,2374,"VXM.ALU4","RoPE low * sin"
2374,2375,"VXM.ALU5","RoPE low*cos - high*sin"
2374,2375,"VXM.ALU6","RoPE high*cos + low*sin"
2375,2376,"VXM.ALU7","RoPE BF16 high-half write"
2376,2377,"VXM.ALU0","RoPE hold low half"
2377,2378,"VXM.ALU1","RoPE low * cos"
2377,2378,"VXM.ALU2","RoPE high * sin"
2377,2378,"VXM.ALU3","RoPE high * cos"
2377,2378,"VXM.ALU4","RoPE low * sin"
2378,2379,"VXM.ALU5","RoPE low*cos - high*sin"
2378,2379,"VXM.ALU6","RoPE high*cos + low*sin"
2379,2380,"VXM.ALU7","RoPE BF16 high-half write"
2380,2381,"VXM.ALU0","RoPE hold low half"
2381,2382,"VXM.ALU1","RoPE low * cos"
2381,2382,"VXM.ALU2","RoPE high * sin"
2381,2382,"VXM.ALU3","RoPE high * cos"
2381,2382,"VXM.ALU4","RoPE low * sin"
2382,2383,"VXM.ALU5","RoPE low*cos - high*sin"
2382,2383,"VXM.ALU6","RoPE high*cos + low*sin"
2383,2384,"VXM.ALU7","RoPE BF16 high-half write"
2384,2385,"VXM.ALU0","RoPE hold low half"
2385,2386,"VXM.ALU1","RoPE low * cos"
2385,2386,"VXM.ALU2","RoPE high * sin"
2385,2386,"VXM.ALU3","RoPE high * cos"
2385,2386,"VXM.ALU4","RoPE low * sin"
2386,2387,"VXM.ALU5","RoPE low*cos - high*sin"
2386,2387,"VXM.ALU6","RoPE high*cos + low*sin"
2387,2388,"VXM.ALU7","RoPE BF16 high-half write"
2388,2389,"VXM.ALU0","RoPE hold low half"
2389,2390,"VXM.ALU1","RoPE low * cos"
2389,2390,"VXM.ALU2","RoPE high * sin"
2389,2390,"VXM.ALU3","RoPE high * cos"
2389,2390,"VXM.ALU4","RoPE low * sin"
2390,2391,"VXM.ALU5","RoPE low*cos - high*sin"
2390,2391,"VXM.ALU6","RoPE high*cos + low*sin"
2391,2392,"VXM.ALU7","RoPE BF16 high-half write"
2392,2393,"VXM.ALU0","RoPE hold low half"
2393,2394,"VXM.ALU1","RoPE low * cos"
2393,2394,"VXM.ALU2","RoPE high * sin"
2393,2394,"VXM.ALU3","RoPE high * cos"
2393,2394,"VXM.ALU4","RoPE low * sin"
2394,2395,"VXM.ALU5","RoPE low*cos - high*sin"
2394,2395,"VXM.ALU6","RoPE high*cos + low*sin"
2395,2396,"VXM.ALU7","RoPE BF16 high-half write"
2396,2397,"VXM.ALU0","RoPE hold low half"
2397,2398,"VXM.ALU1","RoPE low * cos"
2397,2398,"VXM.ALU2","RoPE high * sin"
2397,2398,"VXM.ALU3","RoPE high * cos"
2397,2398,"VXM.ALU4","RoPE low * sin"
2398,2399,"VXM.ALU5","RoPE low*cos - high*sin"
2398,2399,"VXM.ALU6","RoPE high*cos + low*sin"
2399,2400,"VXM.ALU7","RoPE BF16 high-half write"
2400,2401,"VXM.ALU0","RoPE hold low half"
2401,2402,"VXM.ALU1","RoPE low * cos"
2401,2402,"VXM.ALU2","RoPE high * sin"
2401,2402,"VXM.ALU3","RoPE high * cos"
2401,2402,"VXM.ALU4","RoPE low * sin"
2402,2403,"VXM.ALU5","RoPE low*cos - high*sin"
2402,2403,"VXM.ALU6","RoPE high*cos + low*sin"
2403,2404,"VXM.ALU7","RoPE BF16 high-half write"
2404,2405,"VXM.ALU0","RoPE hold low half"
2405,2406,"VXM.ALU1","RoPE low * cos"
2405,2406,"VXM.ALU2","RoPE high * sin"
2405,2406,"VXM.ALU3","RoPE high * cos"
2405,2406,"VXM.ALU4","RoPE low * sin"
2406,2407,"VXM.ALU5","RoPE low*cos - high*sin"
2406,2407,"VXM.ALU6","RoPE high*cos + low*sin"
2407,2408,"VXM.ALU7","RoPE BF16 high-half write"
2408,2409,"VXM.ALU0","RoPE hold low half"
2409,2410,"VXM.ALU1","RoPE low * cos"
2409,2410,"VXM.ALU2","RoPE high * sin"
2409,2410,"VXM.ALU3","RoPE high * cos"
2409,2410,"VXM.ALU4","RoPE low * sin"
2410,2411,"VXM.ALU5","RoPE low*cos - high*sin"
2410,2411,"VXM.ALU6","RoPE high*cos + low*sin"
2411,2412,"VXM.ALU7","RoPE BF16 high-half write"
2412,2413,"VXM.ALU0","RoPE hold low half"
2413,2414,"VXM.ALU1","RoPE low * cos"
2413,2414,"VXM.ALU2","RoPE high * sin"
2413,2414,"VXM.ALU3","RoPE high * cos"
2413,2414,"VXM.ALU4","RoPE low * sin"
2414,2415,"VXM.ALU5","RoPE low*cos - high*sin"
2414,2415,"VXM.ALU6","RoPE high*cos + low*sin"
2415,2416,"VXM.ALU7","RoPE BF16 high-half write"
2416,2417,"VXM.ALU0","RoPE hold low half"
2417,2418,"VXM.ALU1","RoPE low * cos"
2417,2418,"VXM.ALU2","RoPE high * sin"
2417,2418,"VXM.ALU3","RoPE high * cos"
2417,2418,"VXM.ALU4","RoPE low * sin"
2418,2419,"VXM.ALU5","RoPE low*cos - high*sin"
2418,2419,"VXM.ALU6","RoPE high*cos + low*sin"
2419,2420,"VXM.ALU7","RoPE BF16 high-half write"
2420,2421,"VXM.ALU0","RoPE hold low half"
2421,2422,"VXM.ALU1","RoPE low * cos"
2421,2422,"VXM.ALU2","RoPE high * sin"
2421,2422,"VXM.ALU3","RoPE high * cos"
2421,2422,"VXM.ALU4","RoPE low * sin"
2422,2423,"VXM.ALU5","RoPE low*cos - high*sin"
2422,2423,"VXM.ALU6","RoPE high*cos + low*sin"
2423,2424,"VXM.ALU7","RoPE BF16 high-half write"
2424,2425,"VXM.ALU0","RoPE hold low half"
2425,2426,"VXM.ALU1","RoPE low * cos"
2425,2426,"VXM.ALU2","RoPE high * sin"
2425,2426,"VXM.ALU3","RoPE high * cos"
2425,2426,"VXM.ALU4","RoPE low * sin"
2426,2427,"VXM.ALU5","RoPE low*cos - high*sin"
2426,2427,"VXM.ALU6","RoPE high*cos + low*sin"
2427,2428,"VXM.ALU7","RoPE BF16 high-half write"
2428,2429,"VXM.ALU0","RoPE hold low half"
2429,2430,"VXM.ALU1","RoPE low * cos"
2429,2430,"VXM.ALU2","RoPE high * sin"
2429,2430,"VXM.ALU3","RoPE high * cos"
2429,2430,"VXM.ALU4","RoPE low * sin"
2430,2431,"VXM.ALU5","RoPE low*cos - high*sin"
2430,2431,"VXM.ALU6","RoPE high*cos + low*sin"
2431,2432,"VXM.ALU7","RoPE BF16 high-half write"
2432,2433,"VXM.ALU0","RoPE hold low half"
2433,2434,"VXM.ALU1","RoPE low * cos"
2433,2434,"VXM.ALU2","RoPE high * sin"
2433,2434,"VXM.ALU3","RoPE high * cos"
2433,2434,"VXM.ALU4","RoPE low * sin"
2434,2435,"VXM.ALU5","RoPE low*cos - high*sin"
2434,2435,"VXM.ALU6","RoPE high*cos + low*sin"
2435,2436,"VXM.ALU7","RoPE BF16 high-half write"
2436,2437,"VXM.ALU0","RoPE hold low half"
2437,2438,"VXM.ALU1","RoPE low * cos"
2437,2438,"VXM.ALU2","RoPE high * sin"
2437,2438,"VXM.ALU3","RoPE high * cos"
2437,2438,"VXM.ALU4","RoPE low * sin"
2438,2439,"VXM.ALU5","RoPE low*cos - high*sin"
2438,2439,"VXM.ALU6","RoPE high*cos + low*sin"
2439,2440,"VXM.ALU7","RoPE BF16 high-half write"
2480,2651,"MEM.E.Read","QK head=0 kv=0 streamed INT8 weights reduction=0"
2493,2494,"MXM.E0.ActivationLoad","QK head=0 kv=0 activation reduction=0"
2495,2639,"MXM.E0.Compute","QK head=0 kv=0 decode waves reduction=0 dst=sram retain"
2495,2639,"MXM.E0.Dequant","QK head=0 kv=0 BF16 group scales reduction=0"
2646,2817,"MEM.E.Read","QK head=0 kv=0 streamed INT8 weights reduction=1"
2659,2660,"MXM.E0.ActivationLoad","QK head=0 kv=0 activation reduction=1"
2661,2805,"MXM.E0.Compute","QK head=0 kv=0 decode waves reduction=1 dst=stream+clear BF16"
2661,2805,"MXM.E0.Dequant","QK head=0 kv=0 BF16 group scales reduction=1"
2680,2824,"MEM.E.Write","BF16 final reduction output"
2856,3000,"VXM.ALU0","head=0 P1 scale by 1/sqrt(head_dim)"
2857,3001,"VXM.ALU7","head=0 P1 padded mask and FP32 scratch write"
2858,3002,"VXM.ALU1","head=0 P1 recurrent max"
3032,3176,"VXM.ALU2","head=0 P2 subtract max"
3033,3177,"VXM.ALU3","head=0 P2 exp and FP32 scratch write"
3034,3178,"VXM.ALU4","head=0 P2 recurrent sum"
3208,3352,"VXM.ALU5","head=0 P3 divide by sum"
3209,3353,"VXM.ALU6","head=0 P3 BF16 cast and packed P write"
3393,3428,"MEM.E.Read","PV head=0 kv=0 streamed INT8 weights reduction=0"
3406,3407,"MXM.E0.ActivationLoad","PV head=0 kv=0 activation reduction=0"
3408,3416,"MXM.E0.Compute","PV head=0 kv=0 decode waves reduction=0 dst=sram retain"
3408,3416,"MXM.E0.Dequant","PV head=0 kv=0 BF16 group scales reduction=0"
3423,3458,"MEM.E.Read","PV head=0 kv=0 streamed INT8 weights reduction=1"
3436,3437,"MXM.E0.ActivationLoad","PV head=0 kv=0 activation reduction=1"
3438,3446,"MXM.E0.Compute","PV head=0 kv=0 decode waves reduction=1 dst=sram retain"
3438,3446,"MXM.E0.Dequant","PV head=0 kv=0 BF16 group scales reduction=1"
3453,3488,"MEM.E.Read","PV head=0 kv=0 streamed INT8 weights reduction=2"
3466,3467,"MXM.E0.ActivationLoad","PV head=0 kv=0 activation reduction=2"
3468,3476,"MXM.E0.Compute","PV head=0 kv=0 decode waves reduction=2 dst=sram retain"
3468,3476,"MXM.E0.Dequant","PV head=0 kv=0 BF16 group scales reduction=2"
3483,3518,"MEM.E.Read","PV head=0 kv=0 streamed INT8 weights reduction=3"
3496,3497,"MXM.E0.ActivationLoad","PV head=0 kv=0 activation reduction=3"
3498,3506,"MXM.E0.Compute","PV head=0 kv=0 decode waves reduction=3 dst=sram retain"
3498,3506,"MXM.E0.Dequant","PV head=0 kv=0 BF16 group scales reduction=3"
3513,3548,"MEM.E.Read","PV head=0 kv=0 streamed INT8 weights reduction=4"
3526,3527,"MXM.E0.ActivationLoad","PV head=0 kv=0 activation reduction=4"
3528,3536,"MXM.E0.Compute","PV head=0 kv=0 decode waves reduction=4 dst=sram retain"
3528,3536,"MXM.E0.Dequant","PV head=0 kv=0 BF16 group scales reduction=4"
3543,3578,"MEM.E.Read","PV head=0 kv=0 streamed INT8 weights reduction=5"
3556,3557,"MXM.E0.ActivationLoad","PV head=0 kv=0 activation reduction=5"
3558,3566,"MXM.E0.Compute","PV head=0 kv=0 decode waves reduction=5 dst=sram retain"
3558,3566,"MXM.E0.Dequant","PV head=0 kv=0 BF16 group scales reduction=5"
3573,3608,"MEM.E.Read","PV head=0 kv=0 streamed INT8 weights reduction=6"
3586,3587,"MXM.E0.ActivationLoad","PV head=0 kv=0 activation reduction=6"
3588,3596,"MXM.E0.Compute","PV head=0 kv=0 decode waves reduction=6 dst=sram retain"
3588,3596,"MXM.E0.Dequant","PV head=0 kv=0 BF16 group scales reduction=6"
3603,3638,"MEM.E.Read","PV head=0 kv=0 streamed INT8 weights reduction=7"
3616,3617,"MXM.E0.ActivationLoad","PV head=0 kv=0 activation reduction=7"
3618,3626,"MXM.E0.Compute","PV head=0 kv=0 decode waves reduction=7 dst=sram retain"
3618,3626,"MXM.E0.Dequant","PV head=0 kv=0 BF16 group scales reduction=7"
3633,3668,"MEM.E.Read","PV head=0 kv=0 streamed INT8 weights reduction=8"
3646,3647,"MXM.E0.ActivationLoad","PV head=0 kv=0 activation reduction=8"
3648,3656,"MXM.E0.Compute","PV head=0 kv=0 decode waves reduction=8 dst=sram retain"
3648,3656,"MXM.E0.Dequant","PV head=0 kv=0 BF16 group scales reduction=8"
3663,3698,"MEM.E.Read","PV head=0 kv=0 streamed INT8 weights reduction=9"
3676,3677,"MXM.E0.ActivationLoad","PV head=0 kv=0 activation reduction=9"
3678,3686,"MXM.E0.Compute","PV head=0 kv=0 decode waves reduction=9 dst=sram retain"
3678,3686,"MXM.E0.Dequant","PV head=0 kv=0 BF16 group scales reduction=9"
3693,3728,"MEM.E.Read","PV head=0 kv=0 streamed INT8 weights reduction=10"
3706,3707,"MXM.E0.ActivationLoad","PV head=0 kv=0 activation reduction=10"
3708,3716,"MXM.E0.Compute","PV head=0 kv=0 decode waves reduction=10 dst=sram retain"
3708,3716,"MXM.E0.Dequant","PV head=0 kv=0 BF16 group scales reduction=10"
3723,3758,"MEM.E.Read","PV head=0 kv=0 streamed INT8 weights reduction=11"
3736,3737,"MXM.E0.ActivationLoad","PV head=0 kv=0 activation reduction=11"
3738,3746,"MXM.E0.Compute","PV head=0 kv=0 decode waves reduction=11 dst=sram retain"
3738,3746,"MXM.E0.Dequant","PV head=0 kv=0 BF16 group scales reduction=11"
3753,3788,"MEM.E.Read","PV head=0 kv=0 streamed INT8 weights reduction=12"
3766,3767,"MXM.E0.ActivationLoad","PV head=0 kv=0 activation reduction=12"
3768,3776,"MXM.E0.Compute","PV head=0 kv=0 decode waves reduction=12 dst=sram retain"
3768,3776,"MXM.E0.Dequant","PV head=0 kv=0 BF16 group scales reduction=12"
3783,3818,"MEM.E.Read","PV head=0 kv=0 streamed INT8 weights reduction=13"
3796,3797,"MXM.E0.ActivationLoad","PV head=0 kv=0 activation reduction=13"
3798,3806,"MXM.E0.Compute","PV head=0 kv=0 decode waves reduction=13 dst=sram retain"
3798,3806,"MXM.E0.Dequant","PV head=0 kv=0 BF16 group scales reduction=13"
3813,3848,"MEM.E.Read","PV head=0 kv=0 streamed INT8 weights reduction=14"
3826,3827,"MXM.E0.ActivationLoad","PV head=0 kv=0 activation reduction=14"
3828,3836,"MXM.E0.Compute","PV head=0 kv=0 decode waves reduction=14 dst=sram retain"
3828,3836,"MXM.E0.Dequant","PV head=0 kv=0 BF16 group scales reduction=14"
3843,3878,"MEM.E.Read","PV head=0 kv=0 streamed INT8 weights reduction=15"
3856,3857,"MXM.E0.ActivationLoad","PV head=0 kv=0 activation reduction=15"
3858,3866,"MXM.E0.Compute","PV head=0 kv=0 decode waves reduction=15 dst=sram retain"
3858,3866,"MXM.E0.Dequant","PV head=0 kv=0 BF16 group scales reduction=15"
3873,3908,"MEM.E.Read","PV head=0 kv=0 streamed INT8 weights reduction=16"
3886,3887,"MXM.E0.ActivationLoad","PV head=0 kv=0 activation reduction=16"
3888,3896,"MXM.E0.Compute","PV head=0 kv=0 decode waves reduction=16 dst=sram retain"
3888,3896,"MXM.E0.Dequant","PV head=0 kv=0 BF16 group scales reduction=16"
3903,3938,"MEM.E.Read","PV head=0 kv=0 streamed INT8 weights reduction=17"
3916,3917,"MXM.E0.ActivationLoad","PV head=0 kv=0 activation reduction=17"
3918,3926,"MXM.E0.Compute","PV head=0 kv=0 decode waves reduction=17 dst=sram retain"
3918,3926,"MXM.E0.Dequant","PV head=0 kv=0 BF16 group scales reduction=17"
3933,3968,"MEM.E.Read","PV head=0 kv=0 streamed INT8 weights reduction=18"
3946,3947,"MXM.E0.ActivationLoad","PV head=0 kv=0 activation reduction=18"
3948,3956,"MXM.E0.Compute","PV head=0 kv=0 decode waves reduction=18 dst=sram retain"
3948,3956,"MXM.E0.Dequant","PV head=0 kv=0 BF16 group scales reduction=18"
3963,3998,"MEM.E.Read","PV head=0 kv=0 streamed INT8 weights reduction=19"
3976,3977,"MXM.E0.ActivationLoad","PV head=0 kv=0 activation reduction=19"
3978,3986,"MXM.E0.Compute","PV head=0 kv=0 decode waves reduction=19 dst=sram retain"
3978,3986,"MXM.E0.Dequant","PV head=0 kv=0 BF16 group scales reduction=19"
3993,4028,"MEM.E.Read","PV head=0 kv=0 streamed INT8 weights reduction=20"
4006,4007,"MXM.E0.ActivationLoad","PV head=0 kv=0 activation reduction=20"
4008,4016,"MXM.E0.Compute","PV head=0 kv=0 decode waves reduction=20 dst=sram retain"
4008,4016,"MXM.E0.Dequant","PV head=0 kv=0 BF16 group scales reduction=20"
4023,4058,"MEM.E.Read","PV head=0 kv=0 streamed INT8 weights reduction=21"
4036,4037,"MXM.E0.ActivationLoad","PV head=0 kv=0 activation reduction=21"
4038,4046,"MXM.E0.Compute","PV head=0 kv=0 decode waves reduction=21 dst=sram retain"
4038,4046,"MXM.E0.Dequant","PV head=0 kv=0 BF16 group scales reduction=21"
4053,4088,"MEM.E.Read","PV head=0 kv=0 streamed INT8 weights reduction=22"
4066,4067,"MXM.E0.ActivationLoad","PV head=0 kv=0 activation reduction=22"
4068,4076,"MXM.E0.Compute","PV head=0 kv=0 decode waves reduction=22 dst=sram retain"
4068,4076,"MXM.E0.Dequant","PV head=0 kv=0 BF16 group scales reduction=22"
4083,4118,"MEM.E.Read","PV head=0 kv=0 streamed INT8 weights reduction=23"
4096,4097,"MXM.E0.ActivationLoad","PV head=0 kv=0 activation reduction=23"
4098,4106,"MXM.E0.Compute","PV head=0 kv=0 decode waves reduction=23 dst=sram retain"
4098,4106,"MXM.E0.Dequant","PV head=0 kv=0 BF16 group scales reduction=23"
4113,4148,"MEM.E.Read","PV head=0 kv=0 streamed INT8 weights reduction=24"
4126,4127,"MXM.E0.ActivationLoad","PV head=0 kv=0 activation reduction=24"
4128,4136,"MXM.E0.Compute","PV head=0 kv=0 decode waves reduction=24 dst=sram retain"
4128,4136,"MXM.E0.Dequant","PV head=0 kv=0 BF16 group scales reduction=24"
4143,4178,"MEM.E.Read","PV head=0 kv=0 streamed INT8 weights reduction=25"
4156,4157,"MXM.E0.ActivationLoad","PV head=0 kv=0 activation reduction=25"
4158,4166,"MXM.E0.Compute","PV head=0 kv=0 decode waves reduction=25 dst=sram retain"
4158,4166,"MXM.E0.Dequant","PV head=0 kv=0 BF16 group scales reduction=25"
4173,4208,"MEM.E.Read","PV head=0 kv=0 streamed INT8 weights reduction=26"
4186,4187,"MXM.E0.ActivationLoad","PV head=0 kv=0 activation reduction=26"
4188,4196,"MXM.E0.Compute","PV head=0 kv=0 decode waves reduction=26 dst=sram retain"
4188,4196,"MXM.E0.Dequant","PV head=0 kv=0 BF16 group scales reduction=26"
4203,4238,"MEM.E.Read","PV head=0 kv=0 streamed INT8 weights reduction=27"
4216,4217,"MXM.E0.ActivationLoad","PV head=0 kv=0 activation reduction=27"
4218,4226,"MXM.E0.Compute","PV head=0 kv=0 decode waves reduction=27 dst=sram retain"
4218,4226,"MXM.E0.Dequant","PV head=0 kv=0 BF16 group scales reduction=27"
4233,4268,"MEM.E.Read","PV head=0 kv=0 streamed INT8 weights reduction=28"
4246,4247,"MXM.E0.ActivationLoad","PV head=0 kv=0 activation reduction=28"
4248,4256,"MXM.E0.Compute","PV head=0 kv=0 decode waves reduction=28 dst=sram retain"
4248,4256,"MXM.E0.Dequant","PV head=0 kv=0 BF16 group scales reduction=28"
4263,4298,"MEM.E.Read","PV head=0 kv=0 streamed INT8 weights reduction=29"
4276,4277,"MXM.E0.ActivationLoad","PV head=0 kv=0 activation reduction=29"
4278,4286,"MXM.E0.Compute","PV head=0 kv=0 decode waves reduction=29 dst=sram retain"
4278,4286,"MXM.E0.Dequant","PV head=0 kv=0 BF16 group scales reduction=29"
4293,4328,"MEM.E.Read","PV head=0 kv=0 streamed INT8 weights reduction=30"
4306,4307,"MXM.E0.ActivationLoad","PV head=0 kv=0 activation reduction=30"
4308,4316,"MXM.E0.Compute","PV head=0 kv=0 decode waves reduction=30 dst=sram retain"
4308,4316,"MXM.E0.Dequant","PV head=0 kv=0 BF16 group scales reduction=30"
4323,4358,"MEM.E.Read","PV head=0 kv=0 streamed INT8 weights reduction=31"
4336,4337,"MXM.E0.ActivationLoad","PV head=0 kv=0 activation reduction=31"
4338,4346,"MXM.E0.Compute","PV head=0 kv=0 decode waves reduction=31 dst=sram retain"
4338,4346,"MXM.E0.Dequant","PV head=0 kv=0 BF16 group scales reduction=31"
4353,4388,"MEM.E.Read","PV head=0 kv=0 streamed INT8 weights reduction=32"
4366,4367,"MXM.E0.ActivationLoad","PV head=0 kv=0 activation reduction=32"
4368,4376,"MXM.E0.Compute","PV head=0 kv=0 decode waves reduction=32 dst=sram retain"
4368,4376,"MXM.E0.Dequant","PV head=0 kv=0 BF16 group scales reduction=32"
4383,4418,"MEM.E.Read","PV head=0 kv=0 streamed INT8 weights reduction=33"
4396,4397,"MXM.E0.ActivationLoad","PV head=0 kv=0 activation reduction=33"
4398,4406,"MXM.E0.Compute","PV head=0 kv=0 decode waves reduction=33 dst=sram retain"
4398,4406,"MXM.E0.Dequant","PV head=0 kv=0 BF16 group scales reduction=33"
4413,4448,"MEM.E.Read","PV head=0 kv=0 streamed INT8 weights reduction=34"
4426,4427,"MXM.E0.ActivationLoad","PV head=0 kv=0 activation reduction=34"
4428,4436,"MXM.E0.Compute","PV head=0 kv=0 decode waves reduction=34 dst=sram retain"
4428,4436,"MXM.E0.Dequant","PV head=0 kv=0 BF16 group scales reduction=34"
4443,4478,"MEM.E.Read","PV head=0 kv=0 streamed INT8 weights reduction=35"
4456,4457,"MXM.E0.ActivationLoad","PV head=0 kv=0 activation reduction=35"
4458,4466,"MXM.E0.Compute","PV head=0 kv=0 decode waves reduction=35 dst=stream+clear BF16"
4458,4466,"MXM.E0.Dequant","PV head=0 kv=0 BF16 group scales reduction=35"
4477,4485,"MEM.E.Write","BF16 final reduction output"
4502,4673,"MEM.E.Read","QK head=1 kv=0 streamed INT8 weights reduction=0"
4515,4516,"MXM.E0.ActivationLoad","QK head=1 kv=0 activation reduction=0"
4517,4661,"MXM.E0.Compute","QK head=1 kv=0 decode waves reduction=0 dst=sram retain"
4517,4661,"MXM.E0.Dequant","QK head=1 kv=0 BF16 group scales reduction=0"
4668,4839,"MEM.E.Read","QK head=1 kv=0 streamed INT8 weights reduction=1"
4681,4682,"MXM.E0.ActivationLoad","QK head=1 kv=0 activation reduction=1"
4683,4827,"MXM.E0.Compute","QK head=1 kv=0 decode waves reduction=1 dst=stream+clear BF16"
4683,4827,"MXM.E0.Dequant","QK head=1 kv=0 BF16 group scales reduction=1"
4702,4846,"MEM.E.Write","BF16 final reduction output"
4878,5022,"VXM.ALU0","head=1 P1 scale by 1/sqrt(head_dim)"
4879,5023,"VXM.ALU7","head=1 P1 padded mask and FP32 scratch write"
4880,5024,"VXM.ALU1","head=1 P1 recurrent max"
5054,5198,"VXM.ALU2","head=1 P2 subtract max"
5055,5199,"VXM.ALU3","head=1 P2 exp and FP32 scratch write"
5056,5200,"VXM.ALU4","head=1 P2 recurrent sum"
5230,5374,"VXM.ALU5","head=1 P3 divide by sum"
5231,5375,"VXM.ALU6","head=1 P3 BF16 cast and packed P write"
5415,5450,"MEM.E.Read","PV head=1 kv=0 streamed INT8 weights reduction=0"
5428,5429,"MXM.E0.ActivationLoad","PV head=1 kv=0 activation reduction=0"
5430,5438,"MXM.E0.Compute","PV head=1 kv=0 decode waves reduction=0 dst=sram retain"
5430,5438,"MXM.E0.Dequant","PV head=1 kv=0 BF16 group scales reduction=0"
5445,5480,"MEM.E.Read","PV head=1 kv=0 streamed INT8 weights reduction=1"
5458,5459,"MXM.E0.ActivationLoad","PV head=1 kv=0 activation reduction=1"
5460,5468,"MXM.E0.Compute","PV head=1 kv=0 decode waves reduction=1 dst=sram retain"
5460,5468,"MXM.E0.Dequant","PV head=1 kv=0 BF16 group scales reduction=1"
5475,5510,"MEM.E.Read","PV head=1 kv=0 streamed INT8 weights reduction=2"
5488,5489,"MXM.E0.ActivationLoad","PV head=1 kv=0 activation reduction=2"
5490,5498,"MXM.E0.Compute","PV head=1 kv=0 decode waves reduction=2 dst=sram retain"
5490,5498,"MXM.E0.Dequant","PV head=1 kv=0 BF16 group scales reduction=2"
5505,5540,"MEM.E.Read","PV head=1 kv=0 streamed INT8 weights reduction=3"
5518,5519,"MXM.E0.ActivationLoad","PV head=1 kv=0 activation reduction=3"
5520,5528,"MXM.E0.Compute","PV head=1 kv=0 decode waves reduction=3 dst=sram retain"
5520,5528,"MXM.E0.Dequant","PV head=1 kv=0 BF16 group scales reduction=3"
5535,5570,"MEM.E.Read","PV head=1 kv=0 streamed INT8 weights reduction=4"
5548,5549,"MXM.E0.ActivationLoad","PV head=1 kv=0 activation reduction=4"
5550,5558,"MXM.E0.Compute","PV head=1 kv=0 decode waves reduction=4 dst=sram retain"
5550,5558,"MXM.E0.Dequant","PV head=1 kv=0 BF16 group scales reduction=4"
5565,5600,"MEM.E.Read","PV head=1 kv=0 streamed INT8 weights reduction=5"
5578,5579,"MXM.E0.ActivationLoad","PV head=1 kv=0 activation reduction=5"
5580,5588,"MXM.E0.Compute","PV head=1 kv=0 decode waves reduction=5 dst=sram retain"
5580,5588,"MXM.E0.Dequant","PV head=1 kv=0 BF16 group scales reduction=5"
5595,5630,"MEM.E.Read","PV head=1 kv=0 streamed INT8 weights reduction=6"
5608,5609,"MXM.E0.ActivationLoad","PV head=1 kv=0 activation reduction=6"
5610,5618,"MXM.E0.Compute","PV head=1 kv=0 decode waves reduction=6 dst=sram retain"
5610,5618,"MXM.E0.Dequant","PV head=1 kv=0 BF16 group scales reduction=6"
5625,5660,"MEM.E.Read","PV head=1 kv=0 streamed INT8 weights reduction=7"
5638,5639,"MXM.E0.ActivationLoad","PV head=1 kv=0 activation reduction=7"
5640,5648,"MXM.E0.Compute","PV head=1 kv=0 decode waves reduction=7 dst=sram retain"
5640,5648,"MXM.E0.Dequant","PV head=1 kv=0 BF16 group scales reduction=7"
5655,5690,"MEM.E.Read","PV head=1 kv=0 streamed INT8 weights reduction=8"
5668,5669,"MXM.E0.ActivationLoad","PV head=1 kv=0 activation reduction=8"
5670,5678,"MXM.E0.Compute","PV head=1 kv=0 decode waves reduction=8 dst=sram retain"
5670,5678,"MXM.E0.Dequant","PV head=1 kv=0 BF16 group scales reduction=8"
5685,5720,"MEM.E.Read","PV head=1 kv=0 streamed INT8 weights reduction=9"
5698,5699,"MXM.E0.ActivationLoad","PV head=1 kv=0 activation reduction=9"
5700,5708,"MXM.E0.Compute","PV head=1 kv=0 decode waves reduction=9 dst=sram retain"
5700,5708,"MXM.E0.Dequant","PV head=1 kv=0 BF16 group scales reduction=9"
5715,5750,"MEM.E.Read","PV head=1 kv=0 streamed INT8 weights reduction=10"
5728,5729,"MXM.E0.ActivationLoad","PV head=1 kv=0 activation reduction=10"
5730,5738,"MXM.E0.Compute","PV head=1 kv=0 decode waves reduction=10 dst=sram retain"
5730,5738,"MXM.E0.Dequant","PV head=1 kv=0 BF16 group scales reduction=10"
5745,5780,"MEM.E.Read","PV head=1 kv=0 streamed INT8 weights reduction=11"
5758,5759,"MXM.E0.ActivationLoad","PV head=1 kv=0 activation reduction=11"
5760,5768,"MXM.E0.Compute","PV head=1 kv=0 decode waves reduction=11 dst=sram retain"
5760,5768,"MXM.E0.Dequant","PV head=1 kv=0 BF16 group scales reduction=11"
5775,5810,"MEM.E.Read","PV head=1 kv=0 streamed INT8 weights reduction=12"
5788,5789,"MXM.E0.ActivationLoad","PV head=1 kv=0 activation reduction=12"
5790,5798,"MXM.E0.Compute","PV head=1 kv=0 decode waves reduction=12 dst=sram retain"
5790,5798,"MXM.E0.Dequant","PV head=1 kv=0 BF16 group scales reduction=12"
5805,5840,"MEM.E.Read","PV head=1 kv=0 streamed INT8 weights reduction=13"
5818,5819,"MXM.E0.ActivationLoad","PV head=1 kv=0 activation reduction=13"
5820,5828,"MXM.E0.Compute","PV head=1 kv=0 decode waves reduction=13 dst=sram retain"
5820,5828,"MXM.E0.Dequant","PV head=1 kv=0 BF16 group scales reduction=13"
5835,5870,"MEM.E.Read","PV head=1 kv=0 streamed INT8 weights reduction=14"
5848,5849,"MXM.E0.ActivationLoad","PV head=1 kv=0 activation reduction=14"
5850,5858,"MXM.E0.Compute","PV head=1 kv=0 decode waves reduction=14 dst=sram retain"
5850,5858,"MXM.E0.Dequant","PV head=1 kv=0 BF16 group scales reduction=14"
5865,5900,"MEM.E.Read","PV head=1 kv=0 streamed INT8 weights reduction=15"
5878,5879,"MXM.E0.ActivationLoad","PV head=1 kv=0 activation reduction=15"
5880,5888,"MXM.E0.Compute","PV head=1 kv=0 decode waves reduction=15 dst=sram retain"
5880,5888,"MXM.E0.Dequant","PV head=1 kv=0 BF16 group scales reduction=15"
5895,5930,"MEM.E.Read","PV head=1 kv=0 streamed INT8 weights reduction=16"
5908,5909,"MXM.E0.ActivationLoad","PV head=1 kv=0 activation reduction=16"
5910,5918,"MXM.E0.Compute","PV head=1 kv=0 decode waves reduction=16 dst=sram retain"
5910,5918,"MXM.E0.Dequant","PV head=1 kv=0 BF16 group scales reduction=16"
5925,5960,"MEM.E.Read","PV head=1 kv=0 streamed INT8 weights reduction=17"
5938,5939,"MXM.E0.ActivationLoad","PV head=1 kv=0 activation reduction=17"
5940,5948,"MXM.E0.Compute","PV head=1 kv=0 decode waves reduction=17 dst=sram retain"
5940,5948,"MXM.E0.Dequant","PV head=1 kv=0 BF16 group scales reduction=17"
5955,5990,"MEM.E.Read","PV head=1 kv=0 streamed INT8 weights reduction=18"
5968,5969,"MXM.E0.ActivationLoad","PV head=1 kv=0 activation reduction=18"
5970,5978,"MXM.E0.Compute","PV head=1 kv=0 decode waves reduction=18 dst=sram retain"
5970,5978,"MXM.E0.Dequant","PV head=1 kv=0 BF16 group scales reduction=18"
5985,6020,"MEM.E.Read","PV head=1 kv=0 streamed INT8 weights reduction=19"
5998,5999,"MXM.E0.ActivationLoad","PV head=1 kv=0 activation reduction=19"
6000,6008,"MXM.E0.Compute","PV head=1 kv=0 decode waves reduction=19 dst=sram retain"
6000,6008,"MXM.E0.Dequant","PV head=1 kv=0 BF16 group scales reduction=19"
6015,6050,"MEM.E.Read","PV head=1 kv=0 streamed INT8 weights reduction=20"
6028,6029,"MXM.E0.ActivationLoad","PV head=1 kv=0 activation reduction=20"
6030,6038,"MXM.E0.Compute","PV head=1 kv=0 decode waves reduction=20 dst=sram retain"
6030,6038,"MXM.E0.Dequant","PV head=1 kv=0 BF16 group scales reduction=20"
6045,6080,"MEM.E.Read","PV head=1 kv=0 streamed INT8 weights reduction=21"
6058,6059,"MXM.E0.ActivationLoad","PV head=1 kv=0 activation reduction=21"
6060,6068,"MXM.E0.Compute","PV head=1 kv=0 decode waves reduction=21 dst=sram retain"
6060,6068,"MXM.E0.Dequant","PV head=1 kv=0 BF16 group scales reduction=21"
6075,6110,"MEM.E.Read","PV head=1 kv=0 streamed INT8 weights reduction=22"
6088,6089,"MXM.E0.ActivationLoad","PV head=1 kv=0 activation reduction=22"
6090,6098,"MXM.E0.Compute","PV head=1 kv=0 decode waves reduction=22 dst=sram retain"
6090,6098,"MXM.E0.Dequant","PV head=1 kv=0 BF16 group scales reduction=22"
6105,6140,"MEM.E.Read","PV head=1 kv=0 streamed INT8 weights reduction=23"
6118,6119,"MXM.E0.ActivationLoad","PV head=1 kv=0 activation reduction=23"
6120,6128,"MXM.E0.Compute","PV head=1 kv=0 decode waves reduction=23 dst=sram retain"
6120,6128,"MXM.E0.Dequant","PV head=1 kv=0 BF16 group scales reduction=23"
6135,6170,"MEM.E.Read","PV head=1 kv=0 streamed INT8 weights reduction=24"
6148,6149,"MXM.E0.ActivationLoad","PV head=1 kv=0 activation reduction=24"
6150,6158,"MXM.E0.Compute","PV head=1 kv=0 decode waves reduction=24 dst=sram retain"
6150,6158,"MXM.E0.Dequant","PV head=1 kv=0 BF16 group scales reduction=24"
6165,6200,"MEM.E.Read","PV head=1 kv=0 streamed INT8 weights reduction=25"
6178,6179,"MXM.E0.ActivationLoad","PV head=1 kv=0 activation reduction=25"
6180,6188,"MXM.E0.Compute","PV head=1 kv=0 decode waves reduction=25 dst=sram retain"
6180,6188,"MXM.E0.Dequant","PV head=1 kv=0 BF16 group scales reduction=25"
6195,6230,"MEM.E.Read","PV head=1 kv=0 streamed INT8 weights reduction=26"
6208,6209,"MXM.E0.ActivationLoad","PV head=1 kv=0 activation reduction=26"
6210,6218,"MXM.E0.Compute","PV head=1 kv=0 decode waves reduction=26 dst=sram retain"
6210,6218,"MXM.E0.Dequant","PV head=1 kv=0 BF16 group scales reduction=26"
6225,6260,"MEM.E.Read","PV head=1 kv=0 streamed INT8 weights reduction=27"
6238,6239,"MXM.E0.ActivationLoad","PV head=1 kv=0 activation reduction=27"
6240,6248,"MXM.E0.Compute","PV head=1 kv=0 decode waves reduction=27 dst=sram retain"
6240,6248,"MXM.E0.Dequant","PV head=1 kv=0 BF16 group scales reduction=27"
6255,6290,"MEM.E.Read","PV head=1 kv=0 streamed INT8 weights reduction=28"
6268,6269,"MXM.E0.ActivationLoad","PV head=1 kv=0 activation reduction=28"
6270,6278,"MXM.E0.Compute","PV head=1 kv=0 decode waves reduction=28 dst=sram retain"
6270,6278,"MXM.E0.Dequant","PV head=1 kv=0 BF16 group scales reduction=28"
6285,6320,"MEM.E.Read","PV head=1 kv=0 streamed INT8 weights reduction=29"
6298,6299,"MXM.E0.ActivationLoad","PV head=1 kv=0 activation reduction=29"
6300,6308,"MXM.E0.Compute","PV head=1 kv=0 decode waves reduction=29 dst=sram retain"
6300,6308,"MXM.E0.Dequant","PV head=1 kv=0 BF16 group scales reduction=29"
6315,6350,"MEM.E.Read","PV head=1 kv=0 streamed INT8 weights reduction=30"
6328,6329,"MXM.E0.ActivationLoad","PV head=1 kv=0 activation reduction=30"
6330,6338,"MXM.E0.Compute","PV head=1 kv=0 decode waves reduction=30 dst=sram retain"
6330,6338,"MXM.E0.Dequant","PV head=1 kv=0 BF16 group scales reduction=30"
6345,6380,"MEM.E.Read","PV head=1 kv=0 streamed INT8 weights reduction=31"
6358,6359,"MXM.E0.ActivationLoad","PV head=1 kv=0 activation reduction=31"
6360,6368,"MXM.E0.Compute","PV head=1 kv=0 decode waves reduction=31 dst=sram retain"
6360,6368,"MXM.E0.Dequant","PV head=1 kv=0 BF16 group scales reduction=31"
6375,6410,"MEM.E.Read","PV head=1 kv=0 streamed INT8 weights reduction=32"
6388,6389,"MXM.E0.ActivationLoad","PV head=1 kv=0 activation reduction=32"
6390,6398,"MXM.E0.Compute","PV head=1 kv=0 decode waves reduction=32 dst=sram retain"
6390,6398,"MXM.E0.Dequant","PV head=1 kv=0 BF16 group scales reduction=32"
6405,6440,"MEM.E.Read","PV head=1 kv=0 streamed INT8 weights reduction=33"
6418,6419,"MXM.E0.ActivationLoad","PV head=1 kv=0 activation reduction=33"
6420,6428,"MXM.E0.Compute","PV head=1 kv=0 decode waves reduction=33 dst=sram retain"
6420,6428,"MXM.E0.Dequant","PV head=1 kv=0 BF16 group scales reduction=33"
6435,6470,"MEM.E.Read","PV head=1 kv=0 streamed INT8 weights reduction=34"
6448,6449,"MXM.E0.ActivationLoad","PV head=1 kv=0 activation reduction=34"
6450,6458,"MXM.E0.Compute","PV head=1 kv=0 decode waves reduction=34 dst=sram retain"
6450,6458,"MXM.E0.Dequant","PV head=1 kv=0 BF16 group scales reduction=34"
6465,6500,"MEM.E.Read","PV head=1 kv=0 streamed INT8 weights reduction=35"
6478,6479,"MXM.E0.ActivationLoad","PV head=1 kv=0 activation reduction=35"
6480,6488,"MXM.E0.Compute","PV head=1 kv=0 decode waves reduction=35 dst=stream+clear BF16"
6480,6488,"MXM.E0.Dequant","PV head=1 kv=0 BF16 group scales reduction=35"
6499,6507,"MEM.E.Write","BF16 final reduction output"
6524,6695,"MEM.E.Read","QK head=2 kv=0 streamed INT8 weights reduction=0"
6537,6538,"MXM.E0.ActivationLoad","QK head=2 kv=0 activation reduction=0"
6539,6683,"MXM.E0.Compute","QK head=2 kv=0 decode waves reduction=0 dst=sram retain"
6539,6683,"MXM.E0.Dequant","QK head=2 kv=0 BF16 group scales reduction=0"
6690,6861,"MEM.E.Read","QK head=2 kv=0 streamed INT8 weights reduction=1"
6703,6704,"MXM.E0.ActivationLoad","QK head=2 kv=0 activation reduction=1"
6705,6849,"MXM.E0.Compute","QK head=2 kv=0 decode waves reduction=1 dst=stream+clear BF16"
6705,6849,"MXM.E0.Dequant","QK head=2 kv=0 BF16 group scales reduction=1"
6724,6868,"MEM.E.Write","BF16 final reduction output"
6900,7044,"VXM.ALU0","head=2 P1 scale by 1/sqrt(head_dim)"
6901,7045,"VXM.ALU7","head=2 P1 padded mask and FP32 scratch write"
6902,7046,"VXM.ALU1","head=2 P1 recurrent max"
7076,7220,"VXM.ALU2","head=2 P2 subtract max"
7077,7221,"VXM.ALU3","head=2 P2 exp and FP32 scratch write"
7078,7222,"VXM.ALU4","head=2 P2 recurrent sum"
7252,7396,"VXM.ALU5","head=2 P3 divide by sum"
7253,7397,"VXM.ALU6","head=2 P3 BF16 cast and packed P write"
7437,7472,"MEM.E.Read","PV head=2 kv=0 streamed INT8 weights reduction=0"
7450,7451,"MXM.E0.ActivationLoad","PV head=2 kv=0 activation reduction=0"
7452,7460,"MXM.E0.Compute","PV head=2 kv=0 decode waves reduction=0 dst=sram retain"
7452,7460,"MXM.E0.Dequant","PV head=2 kv=0 BF16 group scales reduction=0"
7467,7502,"MEM.E.Read","PV head=2 kv=0 streamed INT8 weights reduction=1"
7480,7481,"MXM.E0.ActivationLoad","PV head=2 kv=0 activation reduction=1"
7482,7490,"MXM.E0.Compute","PV head=2 kv=0 decode waves reduction=1 dst=sram retain"
7482,7490,"MXM.E0.Dequant","PV head=2 kv=0 BF16 group scales reduction=1"
7497,7532,"MEM.E.Read","PV head=2 kv=0 streamed INT8 weights reduction=2"
7510,7511,"MXM.E0.ActivationLoad","PV head=2 kv=0 activation reduction=2"
7512,7520,"MXM.E0.Compute","PV head=2 kv=0 decode waves reduction=2 dst=sram retain"
7512,7520,"MXM.E0.Dequant","PV head=2 kv=0 BF16 group scales reduction=2"
7527,7562,"MEM.E.Read","PV head=2 kv=0 streamed INT8 weights reduction=3"
7540,7541,"MXM.E0.ActivationLoad","PV head=2 kv=0 activation reduction=3"
7542,7550,"MXM.E0.Compute","PV head=2 kv=0 decode waves reduction=3 dst=sram retain"
7542,7550,"MXM.E0.Dequant","PV head=2 kv=0 BF16 group scales reduction=3"
7557,7592,"MEM.E.Read","PV head=2 kv=0 streamed INT8 weights reduction=4"
7570,7571,"MXM.E0.ActivationLoad","PV head=2 kv=0 activation reduction=4"
7572,7580,"MXM.E0.Compute","PV head=2 kv=0 decode waves reduction=4 dst=sram retain"
7572,7580,"MXM.E0.Dequant","PV head=2 kv=0 BF16 group scales reduction=4"
7587,7622,"MEM.E.Read","PV head=2 kv=0 streamed INT8 weights reduction=5"
7600,7601,"MXM.E0.ActivationLoad","PV head=2 kv=0 activation reduction=5"
7602,7610,"MXM.E0.Compute","PV head=2 kv=0 decode waves reduction=5 dst=sram retain"
7602,7610,"MXM.E0.Dequant","PV head=2 kv=0 BF16 group scales reduction=5"
7617,7652,"MEM.E.Read","PV head=2 kv=0 streamed INT8 weights reduction=6"
7630,7631,"MXM.E0.ActivationLoad","PV head=2 kv=0 activation reduction=6"
7632,7640,"MXM.E0.Compute","PV head=2 kv=0 decode waves reduction=6 dst=sram retain"
7632,7640,"MXM.E0.Dequant","PV head=2 kv=0 BF16 group scales reduction=6"
7647,7682,"MEM.E.Read","PV head=2 kv=0 streamed INT8 weights reduction=7"
7660,7661,"MXM.E0.ActivationLoad","PV head=2 kv=0 activation reduction=7"
7662,7670,"MXM.E0.Compute","PV head=2 kv=0 decode waves reduction=7 dst=sram retain"
7662,7670,"MXM.E0.Dequant","PV head=2 kv=0 BF16 group scales reduction=7"
7677,7712,"MEM.E.Read","PV head=2 kv=0 streamed INT8 weights reduction=8"
7690,7691,"MXM.E0.ActivationLoad","PV head=2 kv=0 activation reduction=8"
7692,7700,"MXM.E0.Compute","PV head=2 kv=0 decode waves reduction=8 dst=sram retain"
7692,7700,"MXM.E0.Dequant","PV head=2 kv=0 BF16 group scales reduction=8"
7707,7742,"MEM.E.Read","PV head=2 kv=0 streamed INT8 weights reduction=9"
7720,7721,"MXM.E0.ActivationLoad","PV head=2 kv=0 activation reduction=9"
7722,7730,"MXM.E0.Compute","PV head=2 kv=0 decode waves reduction=9 dst=sram retain"
7722,7730,"MXM.E0.Dequant","PV head=2 kv=0 BF16 group scales reduction=9"
7737,7772,"MEM.E.Read","PV head=2 kv=0 streamed INT8 weights reduction=10"
7750,7751,"MXM.E0.ActivationLoad","PV head=2 kv=0 activation reduction=10"
7752,7760,"MXM.E0.Compute","PV head=2 kv=0 decode waves reduction=10 dst=sram retain"
7752,7760,"MXM.E0.Dequant","PV head=2 kv=0 BF16 group scales reduction=10"
7767,7802,"MEM.E.Read","PV head=2 kv=0 streamed INT8 weights reduction=11"
7780,7781,"MXM.E0.ActivationLoad","PV head=2 kv=0 activation reduction=11"
7782,7790,"MXM.E0.Compute","PV head=2 kv=0 decode waves reduction=11 dst=sram retain"
7782,7790,"MXM.E0.Dequant","PV head=2 kv=0 BF16 group scales reduction=11"
7797,7832,"MEM.E.Read","PV head=2 kv=0 streamed INT8 weights reduction=12"
7810,7811,"MXM.E0.ActivationLoad","PV head=2 kv=0 activation reduction=12"
7812,7820,"MXM.E0.Compute","PV head=2 kv=0 decode waves reduction=12 dst=sram retain"
7812,7820,"MXM.E0.Dequant","PV head=2 kv=0 BF16 group scales reduction=12"
7827,7862,"MEM.E.Read","PV head=2 kv=0 streamed INT8 weights reduction=13"
7840,7841,"MXM.E0.ActivationLoad","PV head=2 kv=0 activation reduction=13"
7842,7850,"MXM.E0.Compute","PV head=2 kv=0 decode waves reduction=13 dst=sram retain"
7842,7850,"MXM.E0.Dequant","PV head=2 kv=0 BF16 group scales reduction=13"
7857,7892,"MEM.E.Read","PV head=2 kv=0 streamed INT8 weights reduction=14"
7870,7871,"MXM.E0.ActivationLoad","PV head=2 kv=0 activation reduction=14"
7872,7880,"MXM.E0.Compute","PV head=2 kv=0 decode waves reduction=14 dst=sram retain"
7872,7880,"MXM.E0.Dequant","PV head=2 kv=0 BF16 group scales reduction=14"
7887,7922,"MEM.E.Read","PV head=2 kv=0 streamed INT8 weights reduction=15"
7900,7901,"MXM.E0.ActivationLoad","PV head=2 kv=0 activation reduction=15"
7902,7910,"MXM.E0.Compute","PV head=2 kv=0 decode waves reduction=15 dst=sram retain"
7902,7910,"MXM.E0.Dequant","PV head=2 kv=0 BF16 group scales reduction=15"
7917,7952,"MEM.E.Read","PV head=2 kv=0 streamed INT8 weights reduction=16"
7930,7931,"MXM.E0.ActivationLoad","PV head=2 kv=0 activation reduction=16"
7932,7940,"MXM.E0.Compute","PV head=2 kv=0 decode waves reduction=16 dst=sram retain"
7932,7940,"MXM.E0.Dequant","PV head=2 kv=0 BF16 group scales reduction=16"
7947,7982,"MEM.E.Read","PV head=2 kv=0 streamed INT8 weights reduction=17"
7960,7961,"MXM.E0.ActivationLoad","PV head=2 kv=0 activation reduction=17"
7962,7970,"MXM.E0.Compute","PV head=2 kv=0 decode waves reduction=17 dst=sram retain"
7962,7970,"MXM.E0.Dequant","PV head=2 kv=0 BF16 group scales reduction=17"
7977,8012,"MEM.E.Read","PV head=2 kv=0 streamed INT8 weights reduction=18"
7990,7991,"MXM.E0.ActivationLoad","PV head=2 kv=0 activation reduction=18"
7992,8000,"MXM.E0.Compute","PV head=2 kv=0 decode waves reduction=18 dst=sram retain"
7992,8000,"MXM.E0.Dequant","PV head=2 kv=0 BF16 group scales reduction=18"
8007,8042,"MEM.E.Read","PV head=2 kv=0 streamed INT8 weights reduction=19"
8020,8021,"MXM.E0.ActivationLoad","PV head=2 kv=0 activation reduction=19"
8022,8030,"MXM.E0.Compute","PV head=2 kv=0 decode waves reduction=19 dst=sram retain"
8022,8030,"MXM.E0.Dequant","PV head=2 kv=0 BF16 group scales reduction=19"
8037,8072,"MEM.E.Read","PV head=2 kv=0 streamed INT8 weights reduction=20"
8050,8051,"MXM.E0.ActivationLoad","PV head=2 kv=0 activation reduction=20"
8052,8060,"MXM.E0.Compute","PV head=2 kv=0 decode waves reduction=20 dst=sram retain"
8052,8060,"MXM.E0.Dequant","PV head=2 kv=0 BF16 group scales reduction=20"
8067,8102,"MEM.E.Read","PV head=2 kv=0 streamed INT8 weights reduction=21"
8080,8081,"MXM.E0.ActivationLoad","PV head=2 kv=0 activation reduction=21"
8082,8090,"MXM.E0.Compute","PV head=2 kv=0 decode waves reduction=21 dst=sram retain"
8082,8090,"MXM.E0.Dequant","PV head=2 kv=0 BF16 group scales reduction=21"
8097,8132,"MEM.E.Read","PV head=2 kv=0 streamed INT8 weights reduction=22"
8110,8111,"MXM.E0.ActivationLoad","PV head=2 kv=0 activation reduction=22"
8112,8120,"MXM.E0.Compute","PV head=2 kv=0 decode waves reduction=22 dst=sram retain"
8112,8120,"MXM.E0.Dequant","PV head=2 kv=0 BF16 group scales reduction=22"
8127,8162,"MEM.E.Read","PV head=2 kv=0 streamed INT8 weights reduction=23"
8140,8141,"MXM.E0.ActivationLoad","PV head=2 kv=0 activation reduction=23"
8142,8150,"MXM.E0.Compute","PV head=2 kv=0 decode waves reduction=23 dst=sram retain"
8142,8150,"MXM.E0.Dequant","PV head=2 kv=0 BF16 group scales reduction=23"
8157,8192,"MEM.E.Read","PV head=2 kv=0 streamed INT8 weights reduction=24"
8170,8171,"MXM.E0.ActivationLoad","PV head=2 kv=0 activation reduction=24"
8172,8180,"MXM.E0.Compute","PV head=2 kv=0 decode waves reduction=24 dst=sram retain"
8172,8180,"MXM.E0.Dequant","PV head=2 kv=0 BF16 group scales reduction=24"
8187,8222,"MEM.E.Read","PV head=2 kv=0 streamed INT8 weights reduction=25"
8200,8201,"MXM.E0.ActivationLoad","PV head=2 kv=0 activation reduction=25"
8202,8210,"MXM.E0.Compute","PV head=2 kv=0 decode waves reduction=25 dst=sram retain"
8202,8210,"MXM.E0.Dequant","PV head=2 kv=0 BF16 group scales reduction=25"
8217,8252,"MEM.E.Read","PV head=2 kv=0 streamed INT8 weights reduction=26"
8230,8231,"MXM.E0.ActivationLoad","PV head=2 kv=0 activation reduction=26"
8232,8240,"MXM.E0.Compute","PV head=2 kv=0 decode waves reduction=26 dst=sram retain"
8232,8240,"MXM.E0.Dequant","PV head=2 kv=0 BF16 group scales reduction=26"
8247,8282,"MEM.E.Read","PV head=2 kv=0 streamed INT8 weights reduction=27"
8260,8261,"MXM.E0.ActivationLoad","PV head=2 kv=0 activation reduction=27"
8262,8270,"MXM.E0.Compute","PV head=2 kv=0 decode waves reduction=27 dst=sram retain"
8262,8270,"MXM.E0.Dequant","PV head=2 kv=0 BF16 group scales reduction=27"
8277,8312,"MEM.E.Read","PV head=2 kv=0 streamed INT8 weights reduction=28"
8290,8291,"MXM.E0.ActivationLoad","PV head=2 kv=0 activation reduction=28"
8292,8300,"MXM.E0.Compute","PV head=2 kv=0 decode waves reduction=28 dst=sram retain"
8292,8300,"MXM.E0.Dequant","PV head=2 kv=0 BF16 group scales reduction=28"
8307,8342,"MEM.E.Read","PV head=2 kv=0 streamed INT8 weights reduction=29"
8320,8321,"MXM.E0.ActivationLoad","PV head=2 kv=0 activation reduction=29"
8322,8330,"MXM.E0.Compute","PV head=2 kv=0 decode waves reduction=29 dst=sram retain"
8322,8330,"MXM.E0.Dequant","PV head=2 kv=0 BF16 group scales reduction=29"
8337,8372,"MEM.E.Read","PV head=2 kv=0 streamed INT8 weights reduction=30"
8350,8351,"MXM.E0.ActivationLoad","PV head=2 kv=0 activation reduction=30"
8352,8360,"MXM.E0.Compute","PV head=2 kv=0 decode waves reduction=30 dst=sram retain"
8352,8360,"MXM.E0.Dequant","PV head=2 kv=0 BF16 group scales reduction=30"
8367,8402,"MEM.E.Read","PV head=2 kv=0 streamed INT8 weights reduction=31"
8380,8381,"MXM.E0.ActivationLoad","PV head=2 kv=0 activation reduction=31"
8382,8390,"MXM.E0.Compute","PV head=2 kv=0 decode waves reduction=31 dst=sram retain"
8382,8390,"MXM.E0.Dequant","PV head=2 kv=0 BF16 group scales reduction=31"
8397,8432,"MEM.E.Read","PV head=2 kv=0 streamed INT8 weights reduction=32"
8410,8411,"MXM.E0.ActivationLoad","PV head=2 kv=0 activation reduction=32"
8412,8420,"MXM.E0.Compute","PV head=2 kv=0 decode waves reduction=32 dst=sram retain"
8412,8420,"MXM.E0.Dequant","PV head=2 kv=0 BF16 group scales reduction=32"
8427,8462,"MEM.E.Read","PV head=2 kv=0 streamed INT8 weights reduction=33"
8440,8441,"MXM.E0.ActivationLoad","PV head=2 kv=0 activation reduction=33"
8442,8450,"MXM.E0.Compute","PV head=2 kv=0 decode waves reduction=33 dst=sram retain"
8442,8450,"MXM.E0.Dequant","PV head=2 kv=0 BF16 group scales reduction=33"
8457,8492,"MEM.E.Read","PV head=2 kv=0 streamed INT8 weights reduction=34"
8470,8471,"MXM.E0.ActivationLoad","PV head=2 kv=0 activation reduction=34"
8472,8480,"MXM.E0.Compute","PV head=2 kv=0 decode waves reduction=34 dst=sram retain"
8472,8480,"MXM.E0.Dequant","PV head=2 kv=0 BF16 group scales reduction=34"
8487,8522,"MEM.E.Read","PV head=2 kv=0 streamed INT8 weights reduction=35"
8500,8501,"MXM.E0.ActivationLoad","PV head=2 kv=0 activation reduction=35"
8502,8510,"MXM.E0.Compute","PV head=2 kv=0 decode waves reduction=35 dst=stream+clear BF16"
8502,8510,"MXM.E0.Dequant","PV head=2 kv=0 BF16 group scales reduction=35"
8521,8529,"MEM.E.Write","BF16 final reduction output"
8546,8717,"MEM.E.Read","QK head=3 kv=1 streamed INT8 weights reduction=0"
8559,8560,"MXM.E0.ActivationLoad","QK head=3 kv=1 activation reduction=0"
8561,8705,"MXM.E0.Compute","QK head=3 kv=1 decode waves reduction=0 dst=sram retain"
8561,8705,"MXM.E0.Dequant","QK head=3 kv=1 BF16 group scales reduction=0"
8712,8883,"MEM.E.Read","QK head=3 kv=1 streamed INT8 weights reduction=1"
8725,8726,"MXM.E0.ActivationLoad","QK head=3 kv=1 activation reduction=1"
8727,8871,"MXM.E0.Compute","QK head=3 kv=1 decode waves reduction=1 dst=stream+clear BF16"
8727,8871,"MXM.E0.Dequant","QK head=3 kv=1 BF16 group scales reduction=1"
8746,8890,"MEM.E.Write","BF16 final reduction output"
8922,9066,"VXM.ALU0","head=3 P1 scale by 1/sqrt(head_dim)"
8923,9067,"VXM.ALU7","head=3 P1 padded mask and FP32 scratch write"
8924,9068,"VXM.ALU1","head=3 P1 recurrent max"
9098,9242,"VXM.ALU2","head=3 P2 subtract max"
9099,9243,"VXM.ALU3","head=3 P2 exp and FP32 scratch write"
9100,9244,"VXM.ALU4","head=3 P2 recurrent sum"
9274,9418,"VXM.ALU5","head=3 P3 divide by sum"
9275,9419,"VXM.ALU6","head=3 P3 BF16 cast and packed P write"
9459,9494,"MEM.E.Read","PV head=3 kv=1 streamed INT8 weights reduction=0"
9472,9473,"MXM.E0.ActivationLoad","PV head=3 kv=1 activation reduction=0"
9474,9482,"MXM.E0.Compute","PV head=3 kv=1 decode waves reduction=0 dst=sram retain"
9474,9482,"MXM.E0.Dequant","PV head=3 kv=1 BF16 group scales reduction=0"
9489,9524,"MEM.E.Read","PV head=3 kv=1 streamed INT8 weights reduction=1"
9502,9503,"MXM.E0.ActivationLoad","PV head=3 kv=1 activation reduction=1"
9504,9512,"MXM.E0.Compute","PV head=3 kv=1 decode waves reduction=1 dst=sram retain"
9504,9512,"MXM.E0.Dequant","PV head=3 kv=1 BF16 group scales reduction=1"
9519,9554,"MEM.E.Read","PV head=3 kv=1 streamed INT8 weights reduction=2"
9532,9533,"MXM.E0.ActivationLoad","PV head=3 kv=1 activation reduction=2"
9534,9542,"MXM.E0.Compute","PV head=3 kv=1 decode waves reduction=2 dst=sram retain"
9534,9542,"MXM.E0.Dequant","PV head=3 kv=1 BF16 group scales reduction=2"
9549,9584,"MEM.E.Read","PV head=3 kv=1 streamed INT8 weights reduction=3"
9562,9563,"MXM.E0.ActivationLoad","PV head=3 kv=1 activation reduction=3"
9564,9572,"MXM.E0.Compute","PV head=3 kv=1 decode waves reduction=3 dst=sram retain"
9564,9572,"MXM.E0.Dequant","PV head=3 kv=1 BF16 group scales reduction=3"
9579,9614,"MEM.E.Read","PV head=3 kv=1 streamed INT8 weights reduction=4"
9592,9593,"MXM.E0.ActivationLoad","PV head=3 kv=1 activation reduction=4"
9594,9602,"MXM.E0.Compute","PV head=3 kv=1 decode waves reduction=4 dst=sram retain"
9594,9602,"MXM.E0.Dequant","PV head=3 kv=1 BF16 group scales reduction=4"
9609,9644,"MEM.E.Read","PV head=3 kv=1 streamed INT8 weights reduction=5"
9622,9623,"MXM.E0.ActivationLoad","PV head=3 kv=1 activation reduction=5"
9624,9632,"MXM.E0.Compute","PV head=3 kv=1 decode waves reduction=5 dst=sram retain"
9624,9632,"MXM.E0.Dequant","PV head=3 kv=1 BF16 group scales reduction=5"
9639,9674,"MEM.E.Read","PV head=3 kv=1 streamed INT8 weights reduction=6"
9652,9653,"MXM.E0.ActivationLoad","PV head=3 kv=1 activation reduction=6"
9654,9662,"MXM.E0.Compute","PV head=3 kv=1 decode waves reduction=6 dst=sram retain"
9654,9662,"MXM.E0.Dequant","PV head=3 kv=1 BF16 group scales reduction=6"
9669,9704,"MEM.E.Read","PV head=3 kv=1 streamed INT8 weights reduction=7"
9682,9683,"MXM.E0.ActivationLoad","PV head=3 kv=1 activation reduction=7"
9684,9692,"MXM.E0.Compute","PV head=3 kv=1 decode waves reduction=7 dst=sram retain"
9684,9692,"MXM.E0.Dequant","PV head=3 kv=1 BF16 group scales reduction=7"
9699,9734,"MEM.E.Read","PV head=3 kv=1 streamed INT8 weights reduction=8"
9712,9713,"MXM.E0.ActivationLoad","PV head=3 kv=1 activation reduction=8"
9714,9722,"MXM.E0.Compute","PV head=3 kv=1 decode waves reduction=8 dst=sram retain"
9714,9722,"MXM.E0.Dequant","PV head=3 kv=1 BF16 group scales reduction=8"
9729,9764,"MEM.E.Read","PV head=3 kv=1 streamed INT8 weights reduction=9"
9742,9743,"MXM.E0.ActivationLoad","PV head=3 kv=1 activation reduction=9"
9744,9752,"MXM.E0.Compute","PV head=3 kv=1 decode waves reduction=9 dst=sram retain"
9744,9752,"MXM.E0.Dequant","PV head=3 kv=1 BF16 group scales reduction=9"
9759,9794,"MEM.E.Read","PV head=3 kv=1 streamed INT8 weights reduction=10"
9772,9773,"MXM.E0.ActivationLoad","PV head=3 kv=1 activation reduction=10"
9774,9782,"MXM.E0.Compute","PV head=3 kv=1 decode waves reduction=10 dst=sram retain"
9774,9782,"MXM.E0.Dequant","PV head=3 kv=1 BF16 group scales reduction=10"
9789,9824,"MEM.E.Read","PV head=3 kv=1 streamed INT8 weights reduction=11"
9802,9803,"MXM.E0.ActivationLoad","PV head=3 kv=1 activation reduction=11"
9804,9812,"MXM.E0.Compute","PV head=3 kv=1 decode waves reduction=11 dst=sram retain"
9804,9812,"MXM.E0.Dequant","PV head=3 kv=1 BF16 group scales reduction=11"
9819,9854,"MEM.E.Read","PV head=3 kv=1 streamed INT8 weights reduction=12"
9832,9833,"MXM.E0.ActivationLoad","PV head=3 kv=1 activation reduction=12"
9834,9842,"MXM.E0.Compute","PV head=3 kv=1 decode waves reduction=12 dst=sram retain"
9834,9842,"MXM.E0.Dequant","PV head=3 kv=1 BF16 group scales reduction=12"
9849,9884,"MEM.E.Read","PV head=3 kv=1 streamed INT8 weights reduction=13"
9862,9863,"MXM.E0.ActivationLoad","PV head=3 kv=1 activation reduction=13"
9864,9872,"MXM.E0.Compute","PV head=3 kv=1 decode waves reduction=13 dst=sram retain"
9864,9872,"MXM.E0.Dequant","PV head=3 kv=1 BF16 group scales reduction=13"
9879,9914,"MEM.E.Read","PV head=3 kv=1 streamed INT8 weights reduction=14"
9892,9893,"MXM.E0.ActivationLoad","PV head=3 kv=1 activation reduction=14"
9894,9902,"MXM.E0.Compute","PV head=3 kv=1 decode waves reduction=14 dst=sram retain"
9894,9902,"MXM.E0.Dequant","PV head=3 kv=1 BF16 group scales reduction=14"
9909,9944,"MEM.E.Read","PV head=3 kv=1 streamed INT8 weights reduction=15"
9922,9923,"MXM.E0.ActivationLoad","PV head=3 kv=1 activation reduction=15"
9924,9932,"MXM.E0.Compute","PV head=3 kv=1 decode waves reduction=15 dst=sram retain"
9924,9932,"MXM.E0.Dequant","PV head=3 kv=1 BF16 group scales reduction=15"
9939,9974,"MEM.E.Read","PV head=3 kv=1 streamed INT8 weights reduction=16"
9952,9953,"MXM.E0.ActivationLoad","PV head=3 kv=1 activation reduction=16"
9954,9962,"MXM.E0.Compute","PV head=3 kv=1 decode waves reduction=16 dst=sram retain"
9954,9962,"MXM.E0.Dequant","PV head=3 kv=1 BF16 group scales reduction=16"
9969,10004,"MEM.E.Read","PV head=3 kv=1 streamed INT8 weights reduction=17"
9982,9983,"MXM.E0.ActivationLoad","PV head=3 kv=1 activation reduction=17"
9984,9992,"MXM.E0.Compute","PV head=3 kv=1 decode waves reduction=17 dst=sram retain"
9984,9992,"MXM.E0.Dequant","PV head=3 kv=1 BF16 group scales reduction=17"
9999,10034,"MEM.E.Read","PV head=3 kv=1 streamed INT8 weights reduction=18"
10012,10013,"MXM.E0.ActivationLoad","PV head=3 kv=1 activation reduction=18"
10014,10022,"MXM.E0.Compute","PV head=3 kv=1 decode waves reduction=18 dst=sram retain"
10014,10022,"MXM.E0.Dequant","PV head=3 kv=1 BF16 group scales reduction=18"
10029,10064,"MEM.E.Read","PV head=3 kv=1 streamed INT8 weights reduction=19"
10042,10043,"MXM.E0.ActivationLoad","PV head=3 kv=1 activation reduction=19"
10044,10052,"MXM.E0.Compute","PV head=3 kv=1 decode waves reduction=19 dst=sram retain"
10044,10052,"MXM.E0.Dequant","PV head=3 kv=1 BF16 group scales reduction=19"
10059,10094,"MEM.E.Read","PV head=3 kv=1 streamed INT8 weights reduction=20"
10072,10073,"MXM.E0.ActivationLoad","PV head=3 kv=1 activation reduction=20"
10074,10082,"MXM.E0.Compute","PV head=3 kv=1 decode waves reduction=20 dst=sram retain"
10074,10082,"MXM.E0.Dequant","PV head=3 kv=1 BF16 group scales reduction=20"
10089,10124,"MEM.E.Read","PV head=3 kv=1 streamed INT8 weights reduction=21"
10102,10103,"MXM.E0.ActivationLoad","PV head=3 kv=1 activation reduction=21"
10104,10112,"MXM.E0.Compute","PV head=3 kv=1 decode waves reduction=21 dst=sram retain"
10104,10112,"MXM.E0.Dequant","PV head=3 kv=1 BF16 group scales reduction=21"
10119,10154,"MEM.E.Read","PV head=3 kv=1 streamed INT8 weights reduction=22"
10132,10133,"MXM.E0.ActivationLoad","PV head=3 kv=1 activation reduction=22"
10134,10142,"MXM.E0.Compute","PV head=3 kv=1 decode waves reduction=22 dst=sram retain"
10134,10142,"MXM.E0.Dequant","PV head=3 kv=1 BF16 group scales reduction=22"
10149,10184,"MEM.E.Read","PV head=3 kv=1 streamed INT8 weights reduction=23"
10162,10163,"MXM.E0.ActivationLoad","PV head=3 kv=1 activation reduction=23"
10164,10172,"MXM.E0.Compute","PV head=3 kv=1 decode waves reduction=23 dst=sram retain"
10164,10172,"MXM.E0.Dequant","PV head=3 kv=1 BF16 group scales reduction=23"
10179,10214,"MEM.E.Read","PV head=3 kv=1 streamed INT8 weights reduction=24"
10192,10193,"MXM.E0.ActivationLoad","PV head=3 kv=1 activation reduction=24"
10194,10202,"MXM.E0.Compute","PV head=3 kv=1 decode waves reduction=24 dst=sram retain"
10194,10202,"MXM.E0.Dequant","PV head=3 kv=1 BF16 group scales reduction=24"
10209,10244,"MEM.E.Read","PV head=3 kv=1 streamed INT8 weights reduction=25"
10222,10223,"MXM.E0.ActivationLoad","PV head=3 kv=1 activation reduction=25"
10224,10232,"MXM.E0.Compute","PV head=3 kv=1 decode waves reduction=25 dst=sram retain"
10224,10232,"MXM.E0.Dequant","PV head=3 kv=1 BF16 group scales reduction=25"
10239,10274,"MEM.E.Read","PV head=3 kv=1 streamed INT8 weights reduction=26"
10252,10253,"MXM.E0.ActivationLoad","PV head=3 kv=1 activation reduction=26"
10254,10262,"MXM.E0.Compute","PV head=3 kv=1 decode waves reduction=26 dst=sram retain"
10254,10262,"MXM.E0.Dequant","PV head=3 kv=1 BF16 group scales reduction=26"
10269,10304,"MEM.E.Read","PV head=3 kv=1 streamed INT8 weights reduction=27"
10282,10283,"MXM.E0.ActivationLoad","PV head=3 kv=1 activation reduction=27"
10284,10292,"MXM.E0.Compute","PV head=3 kv=1 decode waves reduction=27 dst=sram retain"
10284,10292,"MXM.E0.Dequant","PV head=3 kv=1 BF16 group scales reduction=27"
10299,10334,"MEM.E.Read","PV head=3 kv=1 streamed INT8 weights reduction=28"
10312,10313,"MXM.E0.ActivationLoad","PV head=3 kv=1 activation reduction=28"
10314,10322,"MXM.E0.Compute","PV head=3 kv=1 decode waves reduction=28 dst=sram retain"
10314,10322,"MXM.E0.Dequant","PV head=3 kv=1 BF16 group scales reduction=28"
10329,10364,"MEM.E.Read","PV head=3 kv=1 streamed INT8 weights reduction=29"
10342,10343,"MXM.E0.ActivationLoad","PV head=3 kv=1 activation reduction=29"
10344,10352,"MXM.E0.Compute","PV head=3 kv=1 decode waves reduction=29 dst=sram retain"
10344,10352,"MXM.E0.Dequant","PV head=3 kv=1 BF16 group scales reduction=29"
10359,10394,"MEM.E.Read","PV head=3 kv=1 streamed INT8 weights reduction=30"
10372,10373,"MXM.E0.ActivationLoad","PV head=3 kv=1 activation reduction=30"
10374,10382,"MXM.E0.Compute","PV head=3 kv=1 decode waves reduction=30 dst=sram retain"
10374,10382,"MXM.E0.Dequant","PV head=3 kv=1 BF16 group scales reduction=30"
10389,10424,"MEM.E.Read","PV head=3 kv=1 streamed INT8 weights reduction=31"
10402,10403,"MXM.E0.ActivationLoad","PV head=3 kv=1 activation reduction=31"
10404,10412,"MXM.E0.Compute","PV head=3 kv=1 decode waves reduction=31 dst=sram retain"
10404,10412,"MXM.E0.Dequant","PV head=3 kv=1 BF16 group scales reduction=31"
10419,10454,"MEM.E.Read","PV head=3 kv=1 streamed INT8 weights reduction=32"
10432,10433,"MXM.E0.ActivationLoad","PV head=3 kv=1 activation reduction=32"
10434,10442,"MXM.E0.Compute","PV head=3 kv=1 decode waves reduction=32 dst=sram retain"
10434,10442,"MXM.E0.Dequant","PV head=3 kv=1 BF16 group scales reduction=32"
10449,10484,"MEM.E.Read","PV head=3 kv=1 streamed INT8 weights reduction=33"
10462,10463,"MXM.E0.ActivationLoad","PV head=3 kv=1 activation reduction=33"
10464,10472,"MXM.E0.Compute","PV head=3 kv=1 decode waves reduction=33 dst=sram retain"
10464,10472,"MXM.E0.Dequant","PV head=3 kv=1 BF16 group scales reduction=33"
10479,10514,"MEM.E.Read","PV head=3 kv=1 streamed INT8 weights reduction=34"
10492,10493,"MXM.E0.ActivationLoad","PV head=3 kv=1 activation reduction=34"
10494,10502,"MXM.E0.Compute","PV head=3 kv=1 decode waves reduction=34 dst=sram retain"
10494,10502,"MXM.E0.Dequant","PV head=3 kv=1 BF16 group scales reduction=34"
10509,10544,"MEM.E.Read","PV head=3 kv=1 streamed INT8 weights reduction=35"
10522,10523,"MXM.E0.ActivationLoad","PV head=3 kv=1 activation reduction=35"
10524,10532,"MXM.E0.Compute","PV head=3 kv=1 decode waves reduction=35 dst=stream+clear BF16"
10524,10532,"MXM.E0.Dequant","PV head=3 kv=1 BF16 group scales reduction=35"
10543,10551,"MEM.E.Write","BF16 final reduction output"
10568,10739,"MEM.E.Read","QK head=4 kv=1 streamed INT8 weights reduction=0"
10581,10582,"MXM.E0.ActivationLoad","QK head=4 kv=1 activation reduction=0"
10583,10727,"MXM.E0.Compute","QK head=4 kv=1 decode waves reduction=0 dst=sram retain"
10583,10727,"MXM.E0.Dequant","QK head=4 kv=1 BF16 group scales reduction=0"
10734,10905,"MEM.E.Read","QK head=4 kv=1 streamed INT8 weights reduction=1"
10747,10748,"MXM.E0.ActivationLoad","QK head=4 kv=1 activation reduction=1"
10749,10893,"MXM.E0.Compute","QK head=4 kv=1 decode waves reduction=1 dst=stream+clear BF16"
10749,10893,"MXM.E0.Dequant","QK head=4 kv=1 BF16 group scales reduction=1"
10768,10912,"MEM.E.Write","BF16 final reduction output"
10944,11088,"VXM.ALU0","head=4 P1 scale by 1/sqrt(head_dim)"
10945,11089,"VXM.ALU7","head=4 P1 padded mask and FP32 scratch write"
10946,11090,"VXM.ALU1","head=4 P1 recurrent max"
11120,11264,"VXM.ALU2","head=4 P2 subtract max"
11121,11265,"VXM.ALU3","head=4 P2 exp and FP32 scratch write"
11122,11266,"VXM.ALU4","head=4 P2 recurrent sum"
11296,11440,"VXM.ALU5","head=4 P3 divide by sum"
11297,11441,"VXM.ALU6","head=4 P3 BF16 cast and packed P write"
11481,11516,"MEM.E.Read","PV head=4 kv=1 streamed INT8 weights reduction=0"
11494,11495,"MXM.E0.ActivationLoad","PV head=4 kv=1 activation reduction=0"
11496,11504,"MXM.E0.Compute","PV head=4 kv=1 decode waves reduction=0 dst=sram retain"
11496,11504,"MXM.E0.Dequant","PV head=4 kv=1 BF16 group scales reduction=0"
11511,11546,"MEM.E.Read","PV head=4 kv=1 streamed INT8 weights reduction=1"
11524,11525,"MXM.E0.ActivationLoad","PV head=4 kv=1 activation reduction=1"
11526,11534,"MXM.E0.Compute","PV head=4 kv=1 decode waves reduction=1 dst=sram retain"
11526,11534,"MXM.E0.Dequant","PV head=4 kv=1 BF16 group scales reduction=1"
11541,11576,"MEM.E.Read","PV head=4 kv=1 streamed INT8 weights reduction=2"
11554,11555,"MXM.E0.ActivationLoad","PV head=4 kv=1 activation reduction=2"
11556,11564,"MXM.E0.Compute","PV head=4 kv=1 decode waves reduction=2 dst=sram retain"
11556,11564,"MXM.E0.Dequant","PV head=4 kv=1 BF16 group scales reduction=2"
11571,11606,"MEM.E.Read","PV head=4 kv=1 streamed INT8 weights reduction=3"
11584,11585,"MXM.E0.ActivationLoad","PV head=4 kv=1 activation reduction=3"
11586,11594,"MXM.E0.Compute","PV head=4 kv=1 decode waves reduction=3 dst=sram retain"
11586,11594,"MXM.E0.Dequant","PV head=4 kv=1 BF16 group scales reduction=3"
11601,11636,"MEM.E.Read","PV head=4 kv=1 streamed INT8 weights reduction=4"
11614,11615,"MXM.E0.ActivationLoad","PV head=4 kv=1 activation reduction=4"
11616,11624,"MXM.E0.Compute","PV head=4 kv=1 decode waves reduction=4 dst=sram retain"
11616,11624,"MXM.E0.Dequant","PV head=4 kv=1 BF16 group scales reduction=4"
11631,11666,"MEM.E.Read","PV head=4 kv=1 streamed INT8 weights reduction=5"
11644,11645,"MXM.E0.ActivationLoad","PV head=4 kv=1 activation reduction=5"
11646,11654,"MXM.E0.Compute","PV head=4 kv=1 decode waves reduction=5 dst=sram retain"
11646,11654,"MXM.E0.Dequant","PV head=4 kv=1 BF16 group scales reduction=5"
11661,11696,"MEM.E.Read","PV head=4 kv=1 streamed INT8 weights reduction=6"
11674,11675,"MXM.E0.ActivationLoad","PV head=4 kv=1 activation reduction=6"
11676,11684,"MXM.E0.Compute","PV head=4 kv=1 decode waves reduction=6 dst=sram retain"
11676,11684,"MXM.E0.Dequant","PV head=4 kv=1 BF16 group scales reduction=6"
11691,11726,"MEM.E.Read","PV head=4 kv=1 streamed INT8 weights reduction=7"
11704,11705,"MXM.E0.ActivationLoad","PV head=4 kv=1 activation reduction=7"
11706,11714,"MXM.E0.Compute","PV head=4 kv=1 decode waves reduction=7 dst=sram retain"
11706,11714,"MXM.E0.Dequant","PV head=4 kv=1 BF16 group scales reduction=7"
11721,11756,"MEM.E.Read","PV head=4 kv=1 streamed INT8 weights reduction=8"
11734,11735,"MXM.E0.ActivationLoad","PV head=4 kv=1 activation reduction=8"
11736,11744,"MXM.E0.Compute","PV head=4 kv=1 decode waves reduction=8 dst=sram retain"
11736,11744,"MXM.E0.Dequant","PV head=4 kv=1 BF16 group scales reduction=8"
11751,11786,"MEM.E.Read","PV head=4 kv=1 streamed INT8 weights reduction=9"
11764,11765,"MXM.E0.ActivationLoad","PV head=4 kv=1 activation reduction=9"
11766,11774,"MXM.E0.Compute","PV head=4 kv=1 decode waves reduction=9 dst=sram retain"
11766,11774,"MXM.E0.Dequant","PV head=4 kv=1 BF16 group scales reduction=9"
11781,11816,"MEM.E.Read","PV head=4 kv=1 streamed INT8 weights reduction=10"
11794,11795,"MXM.E0.ActivationLoad","PV head=4 kv=1 activation reduction=10"
11796,11804,"MXM.E0.Compute","PV head=4 kv=1 decode waves reduction=10 dst=sram retain"
11796,11804,"MXM.E0.Dequant","PV head=4 kv=1 BF16 group scales reduction=10"
11811,11846,"MEM.E.Read","PV head=4 kv=1 streamed INT8 weights reduction=11"
11824,11825,"MXM.E0.ActivationLoad","PV head=4 kv=1 activation reduction=11"
11826,11834,"MXM.E0.Compute","PV head=4 kv=1 decode waves reduction=11 dst=sram retain"
11826,11834,"MXM.E0.Dequant","PV head=4 kv=1 BF16 group scales reduction=11"
11841,11876,"MEM.E.Read","PV head=4 kv=1 streamed INT8 weights reduction=12"
11854,11855,"MXM.E0.ActivationLoad","PV head=4 kv=1 activation reduction=12"
11856,11864,"MXM.E0.Compute","PV head=4 kv=1 decode waves reduction=12 dst=sram retain"
11856,11864,"MXM.E0.Dequant","PV head=4 kv=1 BF16 group scales reduction=12"
11871,11906,"MEM.E.Read","PV head=4 kv=1 streamed INT8 weights reduction=13"
11884,11885,"MXM.E0.ActivationLoad","PV head=4 kv=1 activation reduction=13"
11886,11894,"MXM.E0.Compute","PV head=4 kv=1 decode waves reduction=13 dst=sram retain"
11886,11894,"MXM.E0.Dequant","PV head=4 kv=1 BF16 group scales reduction=13"
11901,11936,"MEM.E.Read","PV head=4 kv=1 streamed INT8 weights reduction=14"
11914,11915,"MXM.E0.ActivationLoad","PV head=4 kv=1 activation reduction=14"
11916,11924,"MXM.E0.Compute","PV head=4 kv=1 decode waves reduction=14 dst=sram retain"
11916,11924,"MXM.E0.Dequant","PV head=4 kv=1 BF16 group scales reduction=14"
11931,11966,"MEM.E.Read","PV head=4 kv=1 streamed INT8 weights reduction=15"
11944,11945,"MXM.E0.ActivationLoad","PV head=4 kv=1 activation reduction=15"
11946,11954,"MXM.E0.Compute","PV head=4 kv=1 decode waves reduction=15 dst=sram retain"
11946,11954,"MXM.E0.Dequant","PV head=4 kv=1 BF16 group scales reduction=15"
11961,11996,"MEM.E.Read","PV head=4 kv=1 streamed INT8 weights reduction=16"
11974,11975,"MXM.E0.ActivationLoad","PV head=4 kv=1 activation reduction=16"
11976,11984,"MXM.E0.Compute","PV head=4 kv=1 decode waves reduction=16 dst=sram retain"
11976,11984,"MXM.E0.Dequant","PV head=4 kv=1 BF16 group scales reduction=16"
11991,12026,"MEM.E.Read","PV head=4 kv=1 streamed INT8 weights reduction=17"
12004,12005,"MXM.E0.ActivationLoad","PV head=4 kv=1 activation reduction=17"
12006,12014,"MXM.E0.Compute","PV head=4 kv=1 decode waves reduction=17 dst=sram retain"
12006,12014,"MXM.E0.Dequant","PV head=4 kv=1 BF16 group scales reduction=17"
12021,12056,"MEM.E.Read","PV head=4 kv=1 streamed INT8 weights reduction=18"
12034,12035,"MXM.E0.ActivationLoad","PV head=4 kv=1 activation reduction=18"
12036,12044,"MXM.E0.Compute","PV head=4 kv=1 decode waves reduction=18 dst=sram retain"
12036,12044,"MXM.E0.Dequant","PV head=4 kv=1 BF16 group scales reduction=18"
12051,12086,"MEM.E.Read","PV head=4 kv=1 streamed INT8 weights reduction=19"
12064,12065,"MXM.E0.ActivationLoad","PV head=4 kv=1 activation reduction=19"
12066,12074,"MXM.E0.Compute","PV head=4 kv=1 decode waves reduction=19 dst=sram retain"
12066,12074,"MXM.E0.Dequant","PV head=4 kv=1 BF16 group scales reduction=19"
12081,12116,"MEM.E.Read","PV head=4 kv=1 streamed INT8 weights reduction=20"
12094,12095,"MXM.E0.ActivationLoad","PV head=4 kv=1 activation reduction=20"
12096,12104,"MXM.E0.Compute","PV head=4 kv=1 decode waves reduction=20 dst=sram retain"
12096,12104,"MXM.E0.Dequant","PV head=4 kv=1 BF16 group scales reduction=20"
12111,12146,"MEM.E.Read","PV head=4 kv=1 streamed INT8 weights reduction=21"
12124,12125,"MXM.E0.ActivationLoad","PV head=4 kv=1 activation reduction=21"
12126,12134,"MXM.E0.Compute","PV head=4 kv=1 decode waves reduction=21 dst=sram retain"
12126,12134,"MXM.E0.Dequant","PV head=4 kv=1 BF16 group scales reduction=21"
12141,12176,"MEM.E.Read","PV head=4 kv=1 streamed INT8 weights reduction=22"
12154,12155,"MXM.E0.ActivationLoad","PV head=4 kv=1 activation reduction=22"
12156,12164,"MXM.E0.Compute","PV head=4 kv=1 decode waves reduction=22 dst=sram retain"
12156,12164,"MXM.E0.Dequant","PV head=4 kv=1 BF16 group scales reduction=22"
12171,12206,"MEM.E.Read","PV head=4 kv=1 streamed INT8 weights reduction=23"
12184,12185,"MXM.E0.ActivationLoad","PV head=4 kv=1 activation reduction=23"
12186,12194,"MXM.E0.Compute","PV head=4 kv=1 decode waves reduction=23 dst=sram retain"
12186,12194,"MXM.E0.Dequant","PV head=4 kv=1 BF16 group scales reduction=23"
12201,12236,"MEM.E.Read","PV head=4 kv=1 streamed INT8 weights reduction=24"
12214,12215,"MXM.E0.ActivationLoad","PV head=4 kv=1 activation reduction=24"
12216,12224,"MXM.E0.Compute","PV head=4 kv=1 decode waves reduction=24 dst=sram retain"
12216,12224,"MXM.E0.Dequant","PV head=4 kv=1 BF16 group scales reduction=24"
12231,12266,"MEM.E.Read","PV head=4 kv=1 streamed INT8 weights reduction=25"
12244,12245,"MXM.E0.ActivationLoad","PV head=4 kv=1 activation reduction=25"
12246,12254,"MXM.E0.Compute","PV head=4 kv=1 decode waves reduction=25 dst=sram retain"
12246,12254,"MXM.E0.Dequant","PV head=4 kv=1 BF16 group scales reduction=25"
12261,12296,"MEM.E.Read","PV head=4 kv=1 streamed INT8 weights reduction=26"
12274,12275,"MXM.E0.ActivationLoad","PV head=4 kv=1 activation reduction=26"
12276,12284,"MXM.E0.Compute","PV head=4 kv=1 decode waves reduction=26 dst=sram retain"
12276,12284,"MXM.E0.Dequant","PV head=4 kv=1 BF16 group scales reduction=26"
12291,12326,"MEM.E.Read","PV head=4 kv=1 streamed INT8 weights reduction=27"
12304,12305,"MXM.E0.ActivationLoad","PV head=4 kv=1 activation reduction=27"
12306,12314,"MXM.E0.Compute","PV head=4 kv=1 decode waves reduction=27 dst=sram retain"
12306,12314,"MXM.E0.Dequant","PV head=4 kv=1 BF16 group scales reduction=27"
12321,12356,"MEM.E.Read","PV head=4 kv=1 streamed INT8 weights reduction=28"
12334,12335,"MXM.E0.ActivationLoad","PV head=4 kv=1 activation reduction=28"
12336,12344,"MXM.E0.Compute","PV head=4 kv=1 decode waves reduction=28 dst=sram retain"
12336,12344,"MXM.E0.Dequant","PV head=4 kv=1 BF16 group scales reduction=28"
12351,12386,"MEM.E.Read","PV head=4 kv=1 streamed INT8 weights reduction=29"
12364,12365,"MXM.E0.ActivationLoad","PV head=4 kv=1 activation reduction=29"
12366,12374,"MXM.E0.Compute","PV head=4 kv=1 decode waves reduction=29 dst=sram retain"
12366,12374,"MXM.E0.Dequant","PV head=4 kv=1 BF16 group scales reduction=29"
12381,12416,"MEM.E.Read","PV head=4 kv=1 streamed INT8 weights reduction=30"
12394,12395,"MXM.E0.ActivationLoad","PV head=4 kv=1 activation reduction=30"
12396,12404,"MXM.E0.Compute","PV head=4 kv=1 decode waves reduction=30 dst=sram retain"
12396,12404,"MXM.E0.Dequant","PV head=4 kv=1 BF16 group scales reduction=30"
12411,12446,"MEM.E.Read","PV head=4 kv=1 streamed INT8 weights reduction=31"
12424,12425,"MXM.E0.ActivationLoad","PV head=4 kv=1 activation reduction=31"
12426,12434,"MXM.E0.Compute","PV head=4 kv=1 decode waves reduction=31 dst=sram retain"
12426,12434,"MXM.E0.Dequant","PV head=4 kv=1 BF16 group scales reduction=31"
12441,12476,"MEM.E.Read","PV head=4 kv=1 streamed INT8 weights reduction=32"
12454,12455,"MXM.E0.ActivationLoad","PV head=4 kv=1 activation reduction=32"
12456,12464,"MXM.E0.Compute","PV head=4 kv=1 decode waves reduction=32 dst=sram retain"
12456,12464,"MXM.E0.Dequant","PV head=4 kv=1 BF16 group scales reduction=32"
12471,12506,"MEM.E.Read","PV head=4 kv=1 streamed INT8 weights reduction=33"
12484,12485,"MXM.E0.ActivationLoad","PV head=4 kv=1 activation reduction=33"
12486,12494,"MXM.E0.Compute","PV head=4 kv=1 decode waves reduction=33 dst=sram retain"
12486,12494,"MXM.E0.Dequant","PV head=4 kv=1 BF16 group scales reduction=33"
12501,12536,"MEM.E.Read","PV head=4 kv=1 streamed INT8 weights reduction=34"
12514,12515,"MXM.E0.ActivationLoad","PV head=4 kv=1 activation reduction=34"
12516,12524,"MXM.E0.Compute","PV head=4 kv=1 decode waves reduction=34 dst=sram retain"
12516,12524,"MXM.E0.Dequant","PV head=4 kv=1 BF16 group scales reduction=34"
12531,12566,"MEM.E.Read","PV head=4 kv=1 streamed INT8 weights reduction=35"
12544,12545,"MXM.E0.ActivationLoad","PV head=4 kv=1 activation reduction=35"
12546,12554,"MXM.E0.Compute","PV head=4 kv=1 decode waves reduction=35 dst=stream+clear BF16"
12546,12554,"MXM.E0.Dequant","PV head=4 kv=1 BF16 group scales reduction=35"
12565,12573,"MEM.E.Write","BF16 final reduction output"
12590,12761,"MEM.E.Read","QK head=5 kv=1 streamed INT8 weights reduction=0"
12603,12604,"MXM.E0.ActivationLoad","QK head=5 kv=1 activation reduction=0"
12605,12749,"MXM.E0.Compute","QK head=5 kv=1 decode waves reduction=0 dst=sram retain"
12605,12749,"MXM.E0.Dequant","QK head=5 kv=1 BF16 group scales reduction=0"
12756,12927,"MEM.E.Read","QK head=5 kv=1 streamed INT8 weights reduction=1"
12769,12770,"MXM.E0.ActivationLoad","QK head=5 kv=1 activation reduction=1"
12771,12915,"MXM.E0.Compute","QK head=5 kv=1 decode waves reduction=1 dst=stream+clear BF16"
12771,12915,"MXM.E0.Dequant","QK head=5 kv=1 BF16 group scales reduction=1"
12790,12934,"MEM.E.Write","BF16 final reduction output"
12966,13110,"VXM.ALU0","head=5 P1 scale by 1/sqrt(head_dim)"
12967,13111,"VXM.ALU7","head=5 P1 padded mask and FP32 scratch write"
12968,13112,"VXM.ALU1","head=5 P1 recurrent max"
13142,13286,"VXM.ALU2","head=5 P2 subtract max"
13143,13287,"VXM.ALU3","head=5 P2 exp and FP32 scratch write"
13144,13288,"VXM.ALU4","head=5 P2 recurrent sum"
13318,13462,"VXM.ALU5","head=5 P3 divide by sum"
13319,13463,"VXM.ALU6","head=5 P3 BF16 cast and packed P write"
13503,13538,"MEM.E.Read","PV head=5 kv=1 streamed INT8 weights reduction=0"
13516,13517,"MXM.E0.ActivationLoad","PV head=5 kv=1 activation reduction=0"
13518,13526,"MXM.E0.Compute","PV head=5 kv=1 decode waves reduction=0 dst=sram retain"
13518,13526,"MXM.E0.Dequant","PV head=5 kv=1 BF16 group scales reduction=0"
13533,13568,"MEM.E.Read","PV head=5 kv=1 streamed INT8 weights reduction=1"
13546,13547,"MXM.E0.ActivationLoad","PV head=5 kv=1 activation reduction=1"
13548,13556,"MXM.E0.Compute","PV head=5 kv=1 decode waves reduction=1 dst=sram retain"
13548,13556,"MXM.E0.Dequant","PV head=5 kv=1 BF16 group scales reduction=1"
13563,13598,"MEM.E.Read","PV head=5 kv=1 streamed INT8 weights reduction=2"
13576,13577,"MXM.E0.ActivationLoad","PV head=5 kv=1 activation reduction=2"
13578,13586,"MXM.E0.Compute","PV head=5 kv=1 decode waves reduction=2 dst=sram retain"
13578,13586,"MXM.E0.Dequant","PV head=5 kv=1 BF16 group scales reduction=2"
13593,13628,"MEM.E.Read","PV head=5 kv=1 streamed INT8 weights reduction=3"
13606,13607,"MXM.E0.ActivationLoad","PV head=5 kv=1 activation reduction=3"
13608,13616,"MXM.E0.Compute","PV head=5 kv=1 decode waves reduction=3 dst=sram retain"
13608,13616,"MXM.E0.Dequant","PV head=5 kv=1 BF16 group scales reduction=3"
13623,13658,"MEM.E.Read","PV head=5 kv=1 streamed INT8 weights reduction=4"
13636,13637,"MXM.E0.ActivationLoad","PV head=5 kv=1 activation reduction=4"
13638,13646,"MXM.E0.Compute","PV head=5 kv=1 decode waves reduction=4 dst=sram retain"
13638,13646,"MXM.E0.Dequant","PV head=5 kv=1 BF16 group scales reduction=4"
13653,13688,"MEM.E.Read","PV head=5 kv=1 streamed INT8 weights reduction=5"
13666,13667,"MXM.E0.ActivationLoad","PV head=5 kv=1 activation reduction=5"
13668,13676,"MXM.E0.Compute","PV head=5 kv=1 decode waves reduction=5 dst=sram retain"
13668,13676,"MXM.E0.Dequant","PV head=5 kv=1 BF16 group scales reduction=5"
13683,13718,"MEM.E.Read","PV head=5 kv=1 streamed INT8 weights reduction=6"
13696,13697,"MXM.E0.ActivationLoad","PV head=5 kv=1 activation reduction=6"
13698,13706,"MXM.E0.Compute","PV head=5 kv=1 decode waves reduction=6 dst=sram retain"
13698,13706,"MXM.E0.Dequant","PV head=5 kv=1 BF16 group scales reduction=6"
13713,13748,"MEM.E.Read","PV head=5 kv=1 streamed INT8 weights reduction=7"
13726,13727,"MXM.E0.ActivationLoad","PV head=5 kv=1 activation reduction=7"
13728,13736,"MXM.E0.Compute","PV head=5 kv=1 decode waves reduction=7 dst=sram retain"
13728,13736,"MXM.E0.Dequant","PV head=5 kv=1 BF16 group scales reduction=7"
13743,13778,"MEM.E.Read","PV head=5 kv=1 streamed INT8 weights reduction=8"
13756,13757,"MXM.E0.ActivationLoad","PV head=5 kv=1 activation reduction=8"
13758,13766,"MXM.E0.Compute","PV head=5 kv=1 decode waves reduction=8 dst=sram retain"
13758,13766,"MXM.E0.Dequant","PV head=5 kv=1 BF16 group scales reduction=8"
13773,13808,"MEM.E.Read","PV head=5 kv=1 streamed INT8 weights reduction=9"
13786,13787,"MXM.E0.ActivationLoad","PV head=5 kv=1 activation reduction=9"
13788,13796,"MXM.E0.Compute","PV head=5 kv=1 decode waves reduction=9 dst=sram retain"
13788,13796,"MXM.E0.Dequant","PV head=5 kv=1 BF16 group scales reduction=9"
13803,13838,"MEM.E.Read","PV head=5 kv=1 streamed INT8 weights reduction=10"
13816,13817,"MXM.E0.ActivationLoad","PV head=5 kv=1 activation reduction=10"
13818,13826,"MXM.E0.Compute","PV head=5 kv=1 decode waves reduction=10 dst=sram retain"
13818,13826,"MXM.E0.Dequant","PV head=5 kv=1 BF16 group scales reduction=10"
13833,13868,"MEM.E.Read","PV head=5 kv=1 streamed INT8 weights reduction=11"
13846,13847,"MXM.E0.ActivationLoad","PV head=5 kv=1 activation reduction=11"
13848,13856,"MXM.E0.Compute","PV head=5 kv=1 decode waves reduction=11 dst=sram retain"
13848,13856,"MXM.E0.Dequant","PV head=5 kv=1 BF16 group scales reduction=11"
13863,13898,"MEM.E.Read","PV head=5 kv=1 streamed INT8 weights reduction=12"
13876,13877,"MXM.E0.ActivationLoad","PV head=5 kv=1 activation reduction=12"
13878,13886,"MXM.E0.Compute","PV head=5 kv=1 decode waves reduction=12 dst=sram retain"
13878,13886,"MXM.E0.Dequant","PV head=5 kv=1 BF16 group scales reduction=12"
13893,13928,"MEM.E.Read","PV head=5 kv=1 streamed INT8 weights reduction=13"
13906,13907,"MXM.E0.ActivationLoad","PV head=5 kv=1 activation reduction=13"
13908,13916,"MXM.E0.Compute","PV head=5 kv=1 decode waves reduction=13 dst=sram retain"
13908,13916,"MXM.E0.Dequant","PV head=5 kv=1 BF16 group scales reduction=13"
13923,13958,"MEM.E.Read","PV head=5 kv=1 streamed INT8 weights reduction=14"
13936,13937,"MXM.E0.ActivationLoad","PV head=5 kv=1 activation reduction=14"
13938,13946,"MXM.E0.Compute","PV head=5 kv=1 decode waves reduction=14 dst=sram retain"
13938,13946,"MXM.E0.Dequant","PV head=5 kv=1 BF16 group scales reduction=14"
13953,13988,"MEM.E.Read","PV head=5 kv=1 streamed INT8 weights reduction=15"
13966,13967,"MXM.E0.ActivationLoad","PV head=5 kv=1 activation reduction=15"
13968,13976,"MXM.E0.Compute","PV head=5 kv=1 decode waves reduction=15 dst=sram retain"
13968,13976,"MXM.E0.Dequant","PV head=5 kv=1 BF16 group scales reduction=15"
13983,14018,"MEM.E.Read","PV head=5 kv=1 streamed INT8 weights reduction=16"
13996,13997,"MXM.E0.ActivationLoad","PV head=5 kv=1 activation reduction=16"
13998,14006,"MXM.E0.Compute","PV head=5 kv=1 decode waves reduction=16 dst=sram retain"
13998,14006,"MXM.E0.Dequant","PV head=5 kv=1 BF16 group scales reduction=16"
14013,14048,"MEM.E.Read","PV head=5 kv=1 streamed INT8 weights reduction=17"
14026,14027,"MXM.E0.ActivationLoad","PV head=5 kv=1 activation reduction=17"
14028,14036,"MXM.E0.Compute","PV head=5 kv=1 decode waves reduction=17 dst=sram retain"
14028,14036,"MXM.E0.Dequant","PV head=5 kv=1 BF16 group scales reduction=17"
14043,14078,"MEM.E.Read","PV head=5 kv=1 streamed INT8 weights reduction=18"
14056,14057,"MXM.E0.ActivationLoad","PV head=5 kv=1 activation reduction=18"
14058,14066,"MXM.E0.Compute","PV head=5 kv=1 decode waves reduction=18 dst=sram retain"
14058,14066,"MXM.E0.Dequant","PV head=5 kv=1 BF16 group scales reduction=18"
14073,14108,"MEM.E.Read","PV head=5 kv=1 streamed INT8 weights reduction=19"
14086,14087,"MXM.E0.ActivationLoad","PV head=5 kv=1 activation reduction=19"
14088,14096,"MXM.E0.Compute","PV head=5 kv=1 decode waves reduction=19 dst=sram retain"
14088,14096,"MXM.E0.Dequant","PV head=5 kv=1 BF16 group scales reduction=19"
14103,14138,"MEM.E.Read","PV head=5 kv=1 streamed INT8 weights reduction=20"
14116,14117,"MXM.E0.ActivationLoad","PV head=5 kv=1 activation reduction=20"
14118,14126,"MXM.E0.Compute","PV head=5 kv=1 decode waves reduction=20 dst=sram retain"
14118,14126,"MXM.E0.Dequant","PV head=5 kv=1 BF16 group scales reduction=20"
14133,14168,"MEM.E.Read","PV head=5 kv=1 streamed INT8 weights reduction=21"
14146,14147,"MXM.E0.ActivationLoad","PV head=5 kv=1 activation reduction=21"
14148,14156,"MXM.E0.Compute","PV head=5 kv=1 decode waves reduction=21 dst=sram retain"
14148,14156,"MXM.E0.Dequant","PV head=5 kv=1 BF16 group scales reduction=21"
14163,14198,"MEM.E.Read","PV head=5 kv=1 streamed INT8 weights reduction=22"
14176,14177,"MXM.E0.ActivationLoad","PV head=5 kv=1 activation reduction=22"
14178,14186,"MXM.E0.Compute","PV head=5 kv=1 decode waves reduction=22 dst=sram retain"
14178,14186,"MXM.E0.Dequant","PV head=5 kv=1 BF16 group scales reduction=22"
14193,14228,"MEM.E.Read","PV head=5 kv=1 streamed INT8 weights reduction=23"
14206,14207,"MXM.E0.ActivationLoad","PV head=5 kv=1 activation reduction=23"
14208,14216,"MXM.E0.Compute","PV head=5 kv=1 decode waves reduction=23 dst=sram retain"
14208,14216,"MXM.E0.Dequant","PV head=5 kv=1 BF16 group scales reduction=23"
14223,14258,"MEM.E.Read","PV head=5 kv=1 streamed INT8 weights reduction=24"
14236,14237,"MXM.E0.ActivationLoad","PV head=5 kv=1 activation reduction=24"
14238,14246,"MXM.E0.Compute","PV head=5 kv=1 decode waves reduction=24 dst=sram retain"
14238,14246,"MXM.E0.Dequant","PV head=5 kv=1 BF16 group scales reduction=24"
14253,14288,"MEM.E.Read","PV head=5 kv=1 streamed INT8 weights reduction=25"
14266,14267,"MXM.E0.ActivationLoad","PV head=5 kv=1 activation reduction=25"
14268,14276,"MXM.E0.Compute","PV head=5 kv=1 decode waves reduction=25 dst=sram retain"
14268,14276,"MXM.E0.Dequant","PV head=5 kv=1 BF16 group scales reduction=25"
14283,14318,"MEM.E.Read","PV head=5 kv=1 streamed INT8 weights reduction=26"
14296,14297,"MXM.E0.ActivationLoad","PV head=5 kv=1 activation reduction=26"
14298,14306,"MXM.E0.Compute","PV head=5 kv=1 decode waves reduction=26 dst=sram retain"
14298,14306,"MXM.E0.Dequant","PV head=5 kv=1 BF16 group scales reduction=26"
14313,14348,"MEM.E.Read","PV head=5 kv=1 streamed INT8 weights reduction=27"
14326,14327,"MXM.E0.ActivationLoad","PV head=5 kv=1 activation reduction=27"
14328,14336,"MXM.E0.Compute","PV head=5 kv=1 decode waves reduction=27 dst=sram retain"
14328,14336,"MXM.E0.Dequant","PV head=5 kv=1 BF16 group scales reduction=27"
14343,14378,"MEM.E.Read","PV head=5 kv=1 streamed INT8 weights reduction=28"
14356,14357,"MXM.E0.ActivationLoad","PV head=5 kv=1 activation reduction=28"
14358,14366,"MXM.E0.Compute","PV head=5 kv=1 decode waves reduction=28 dst=sram retain"
14358,14366,"MXM.E0.Dequant","PV head=5 kv=1 BF16 group scales reduction=28"
14373,14408,"MEM.E.Read","PV head=5 kv=1 streamed INT8 weights reduction=29"
14386,14387,"MXM.E0.ActivationLoad","PV head=5 kv=1 activation reduction=29"
14388,14396,"MXM.E0.Compute","PV head=5 kv=1 decode waves reduction=29 dst=sram retain"
14388,14396,"MXM.E0.Dequant","PV head=5 kv=1 BF16 group scales reduction=29"
14403,14438,"MEM.E.Read","PV head=5 kv=1 streamed INT8 weights reduction=30"
14416,14417,"MXM.E0.ActivationLoad","PV head=5 kv=1 activation reduction=30"
14418,14426,"MXM.E0.Compute","PV head=5 kv=1 decode waves reduction=30 dst=sram retain"
14418,14426,"MXM.E0.Dequant","PV head=5 kv=1 BF16 group scales reduction=30"
14433,14468,"MEM.E.Read","PV head=5 kv=1 streamed INT8 weights reduction=31"
14446,14447,"MXM.E0.ActivationLoad","PV head=5 kv=1 activation reduction=31"
14448,14456,"MXM.E0.Compute","PV head=5 kv=1 decode waves reduction=31 dst=sram retain"
14448,14456,"MXM.E0.Dequant","PV head=5 kv=1 BF16 group scales reduction=31"
14463,14498,"MEM.E.Read","PV head=5 kv=1 streamed INT8 weights reduction=32"
14476,14477,"MXM.E0.ActivationLoad","PV head=5 kv=1 activation reduction=32"
14478,14486,"MXM.E0.Compute","PV head=5 kv=1 decode waves reduction=32 dst=sram retain"
14478,14486,"MXM.E0.Dequant","PV head=5 kv=1 BF16 group scales reduction=32"
14493,14528,"MEM.E.Read","PV head=5 kv=1 streamed INT8 weights reduction=33"
14506,14507,"MXM.E0.ActivationLoad","PV head=5 kv=1 activation reduction=33"
14508,14516,"MXM.E0.Compute","PV head=5 kv=1 decode waves reduction=33 dst=sram retain"
14508,14516,"MXM.E0.Dequant","PV head=5 kv=1 BF16 group scales reduction=33"
14523,14558,"MEM.E.Read","PV head=5 kv=1 streamed INT8 weights reduction=34"
14536,14537,"MXM.E0.ActivationLoad","PV head=5 kv=1 activation reduction=34"
14538,14546,"MXM.E0.Compute","PV head=5 kv=1 decode waves reduction=34 dst=sram retain"
14538,14546,"MXM.E0.Dequant","PV head=5 kv=1 BF16 group scales reduction=34"
14553,14588,"MEM.E.Read","PV head=5 kv=1 streamed INT8 weights reduction=35"
14566,14567,"MXM.E0.ActivationLoad","PV head=5 kv=1 activation reduction=35"
14568,14576,"MXM.E0.Compute","PV head=5 kv=1 decode waves reduction=35 dst=stream+clear BF16"
14568,14576,"MXM.E0.Dequant","PV head=5 kv=1 BF16 group scales reduction=35"
14587,14595,"MEM.E.Write","BF16 final reduction output"
14612,14783,"MEM.E.Read","QK head=6 kv=2 streamed INT8 weights reduction=0"
14625,14626,"MXM.E0.ActivationLoad","QK head=6 kv=2 activation reduction=0"
14627,14771,"MXM.E0.Compute","QK head=6 kv=2 decode waves reduction=0 dst=sram retain"
14627,14771,"MXM.E0.Dequant","QK head=6 kv=2 BF16 group scales reduction=0"
14778,14949,"MEM.E.Read","QK head=6 kv=2 streamed INT8 weights reduction=1"
14791,14792,"MXM.E0.ActivationLoad","QK head=6 kv=2 activation reduction=1"
14793,14937,"MXM.E0.Compute","QK head=6 kv=2 decode waves reduction=1 dst=stream+clear BF16"
14793,14937,"MXM.E0.Dequant","QK head=6 kv=2 BF16 group scales reduction=1"
14812,14956,"MEM.E.Write","BF16 final reduction output"
14988,15132,"VXM.ALU0","head=6 P1 scale by 1/sqrt(head_dim)"
14989,15133,"VXM.ALU7","head=6 P1 padded mask and FP32 scratch write"
14990,15134,"VXM.ALU1","head=6 P1 recurrent max"
15164,15308,"VXM.ALU2","head=6 P2 subtract max"
15165,15309,"VXM.ALU3","head=6 P2 exp and FP32 scratch write"
15166,15310,"VXM.ALU4","head=6 P2 recurrent sum"
15340,15484,"VXM.ALU5","head=6 P3 divide by sum"
15341,15485,"VXM.ALU6","head=6 P3 BF16 cast and packed P write"
15525,15560,"MEM.E.Read","PV head=6 kv=2 streamed INT8 weights reduction=0"
15538,15539,"MXM.E0.ActivationLoad","PV head=6 kv=2 activation reduction=0"
15540,15548,"MXM.E0.Compute","PV head=6 kv=2 decode waves reduction=0 dst=sram retain"
15540,15548,"MXM.E0.Dequant","PV head=6 kv=2 BF16 group scales reduction=0"
15555,15590,"MEM.E.Read","PV head=6 kv=2 streamed INT8 weights reduction=1"
15568,15569,"MXM.E0.ActivationLoad","PV head=6 kv=2 activation reduction=1"
15570,15578,"MXM.E0.Compute","PV head=6 kv=2 decode waves reduction=1 dst=sram retain"
15570,15578,"MXM.E0.Dequant","PV head=6 kv=2 BF16 group scales reduction=1"
15585,15620,"MEM.E.Read","PV head=6 kv=2 streamed INT8 weights reduction=2"
15598,15599,"MXM.E0.ActivationLoad","PV head=6 kv=2 activation reduction=2"
15600,15608,"MXM.E0.Compute","PV head=6 kv=2 decode waves reduction=2 dst=sram retain"
15600,15608,"MXM.E0.Dequant","PV head=6 kv=2 BF16 group scales reduction=2"
15615,15650,"MEM.E.Read","PV head=6 kv=2 streamed INT8 weights reduction=3"
15628,15629,"MXM.E0.ActivationLoad","PV head=6 kv=2 activation reduction=3"
15630,15638,"MXM.E0.Compute","PV head=6 kv=2 decode waves reduction=3 dst=sram retain"
15630,15638,"MXM.E0.Dequant","PV head=6 kv=2 BF16 group scales reduction=3"
15645,15680,"MEM.E.Read","PV head=6 kv=2 streamed INT8 weights reduction=4"
15658,15659,"MXM.E0.ActivationLoad","PV head=6 kv=2 activation reduction=4"
15660,15668,"MXM.E0.Compute","PV head=6 kv=2 decode waves reduction=4 dst=sram retain"
15660,15668,"MXM.E0.Dequant","PV head=6 kv=2 BF16 group scales reduction=4"
15675,15710,"MEM.E.Read","PV head=6 kv=2 streamed INT8 weights reduction=5"
15688,15689,"MXM.E0.ActivationLoad","PV head=6 kv=2 activation reduction=5"
15690,15698,"MXM.E0.Compute","PV head=6 kv=2 decode waves reduction=5 dst=sram retain"
15690,15698,"MXM.E0.Dequant","PV head=6 kv=2 BF16 group scales reduction=5"
15705,15740,"MEM.E.Read","PV head=6 kv=2 streamed INT8 weights reduction=6"
15718,15719,"MXM.E0.ActivationLoad","PV head=6 kv=2 activation reduction=6"
15720,15728,"MXM.E0.Compute","PV head=6 kv=2 decode waves reduction=6 dst=sram retain"
15720,15728,"MXM.E0.Dequant","PV head=6 kv=2 BF16 group scales reduction=6"
15735,15770,"MEM.E.Read","PV head=6 kv=2 streamed INT8 weights reduction=7"
15748,15749,"MXM.E0.ActivationLoad","PV head=6 kv=2 activation reduction=7"
15750,15758,"MXM.E0.Compute","PV head=6 kv=2 decode waves reduction=7 dst=sram retain"
15750,15758,"MXM.E0.Dequant","PV head=6 kv=2 BF16 group scales reduction=7"
15765,15800,"MEM.E.Read","PV head=6 kv=2 streamed INT8 weights reduction=8"
15778,15779,"MXM.E0.ActivationLoad","PV head=6 kv=2 activation reduction=8"
15780,15788,"MXM.E0.Compute","PV head=6 kv=2 decode waves reduction=8 dst=sram retain"
15780,15788,"MXM.E0.Dequant","PV head=6 kv=2 BF16 group scales reduction=8"
15795,15830,"MEM.E.Read","PV head=6 kv=2 streamed INT8 weights reduction=9"
15808,15809,"MXM.E0.ActivationLoad","PV head=6 kv=2 activation reduction=9"
15810,15818,"MXM.E0.Compute","PV head=6 kv=2 decode waves reduction=9 dst=sram retain"
15810,15818,"MXM.E0.Dequant","PV head=6 kv=2 BF16 group scales reduction=9"
15825,15860,"MEM.E.Read","PV head=6 kv=2 streamed INT8 weights reduction=10"
15838,15839,"MXM.E0.ActivationLoad","PV head=6 kv=2 activation reduction=10"
15840,15848,"MXM.E0.Compute","PV head=6 kv=2 decode waves reduction=10 dst=sram retain"
15840,15848,"MXM.E0.Dequant","PV head=6 kv=2 BF16 group scales reduction=10"
15855,15890,"MEM.E.Read","PV head=6 kv=2 streamed INT8 weights reduction=11"
15868,15869,"MXM.E0.ActivationLoad","PV head=6 kv=2 activation reduction=11"
15870,15878,"MXM.E0.Compute","PV head=6 kv=2 decode waves reduction=11 dst=sram retain"
15870,15878,"MXM.E0.Dequant","PV head=6 kv=2 BF16 group scales reduction=11"
15885,15920,"MEM.E.Read","PV head=6 kv=2 streamed INT8 weights reduction=12"
15898,15899,"MXM.E0.ActivationLoad","PV head=6 kv=2 activation reduction=12"
15900,15908,"MXM.E0.Compute","PV head=6 kv=2 decode waves reduction=12 dst=sram retain"
15900,15908,"MXM.E0.Dequant","PV head=6 kv=2 BF16 group scales reduction=12"
15915,15950,"MEM.E.Read","PV head=6 kv=2 streamed INT8 weights reduction=13"
15928,15929,"MXM.E0.ActivationLoad","PV head=6 kv=2 activation reduction=13"
15930,15938,"MXM.E0.Compute","PV head=6 kv=2 decode waves reduction=13 dst=sram retain"
15930,15938,"MXM.E0.Dequant","PV head=6 kv=2 BF16 group scales reduction=13"
15945,15980,"MEM.E.Read","PV head=6 kv=2 streamed INT8 weights reduction=14"
15958,15959,"MXM.E0.ActivationLoad","PV head=6 kv=2 activation reduction=14"
15960,15968,"MXM.E0.Compute","PV head=6 kv=2 decode waves reduction=14 dst=sram retain"
15960,15968,"MXM.E0.Dequant","PV head=6 kv=2 BF16 group scales reduction=14"
15975,16010,"MEM.E.Read","PV head=6 kv=2 streamed INT8 weights reduction=15"
15988,15989,"MXM.E0.ActivationLoad","PV head=6 kv=2 activation reduction=15"
15990,15998,"MXM.E0.Compute","PV head=6 kv=2 decode waves reduction=15 dst=sram retain"
15990,15998,"MXM.E0.Dequant","PV head=6 kv=2 BF16 group scales reduction=15"
16005,16040,"MEM.E.Read","PV head=6 kv=2 streamed INT8 weights reduction=16"
16018,16019,"MXM.E0.ActivationLoad","PV head=6 kv=2 activation reduction=16"
16020,16028,"MXM.E0.Compute","PV head=6 kv=2 decode waves reduction=16 dst=sram retain"
16020,16028,"MXM.E0.Dequant","PV head=6 kv=2 BF16 group scales reduction=16"
16035,16070,"MEM.E.Read","PV head=6 kv=2 streamed INT8 weights reduction=17"
16048,16049,"MXM.E0.ActivationLoad","PV head=6 kv=2 activation reduction=17"
16050,16058,"MXM.E0.Compute","PV head=6 kv=2 decode waves reduction=17 dst=sram retain"
16050,16058,"MXM.E0.Dequant","PV head=6 kv=2 BF16 group scales reduction=17"
16065,16100,"MEM.E.Read","PV head=6 kv=2 streamed INT8 weights reduction=18"
16078,16079,"MXM.E0.ActivationLoad","PV head=6 kv=2 activation reduction=18"
16080,16088,"MXM.E0.Compute","PV head=6 kv=2 decode waves reduction=18 dst=sram retain"
16080,16088,"MXM.E0.Dequant","PV head=6 kv=2 BF16 group scales reduction=18"
16095,16130,"MEM.E.Read","PV head=6 kv=2 streamed INT8 weights reduction=19"
16108,16109,"MXM.E0.ActivationLoad","PV head=6 kv=2 activation reduction=19"
16110,16118,"MXM.E0.Compute","PV head=6 kv=2 decode waves reduction=19 dst=sram retain"
16110,16118,"MXM.E0.Dequant","PV head=6 kv=2 BF16 group scales reduction=19"
16125,16160,"MEM.E.Read","PV head=6 kv=2 streamed INT8 weights reduction=20"
16138,16139,"MXM.E0.ActivationLoad","PV head=6 kv=2 activation reduction=20"
16140,16148,"MXM.E0.Compute","PV head=6 kv=2 decode waves reduction=20 dst=sram retain"
16140,16148,"MXM.E0.Dequant","PV head=6 kv=2 BF16 group scales reduction=20"
16155,16190,"MEM.E.Read","PV head=6 kv=2 streamed INT8 weights reduction=21"
16168,16169,"MXM.E0.ActivationLoad","PV head=6 kv=2 activation reduction=21"
16170,16178,"MXM.E0.Compute","PV head=6 kv=2 decode waves reduction=21 dst=sram retain"
16170,16178,"MXM.E0.Dequant","PV head=6 kv=2 BF16 group scales reduction=21"
16185,16220,"MEM.E.Read","PV head=6 kv=2 streamed INT8 weights reduction=22"
16198,16199,"MXM.E0.ActivationLoad","PV head=6 kv=2 activation reduction=22"
16200,16208,"MXM.E0.Compute","PV head=6 kv=2 decode waves reduction=22 dst=sram retain"
16200,16208,"MXM.E0.Dequant","PV head=6 kv=2 BF16 group scales reduction=22"
16215,16250,"MEM.E.Read","PV head=6 kv=2 streamed INT8 weights reduction=23"
16228,16229,"MXM.E0.ActivationLoad","PV head=6 kv=2 activation reduction=23"
16230,16238,"MXM.E0.Compute","PV head=6 kv=2 decode waves reduction=23 dst=sram retain"
16230,16238,"MXM.E0.Dequant","PV head=6 kv=2 BF16 group scales reduction=23"
16245,16280,"MEM.E.Read","PV head=6 kv=2 streamed INT8 weights reduction=24"
16258,16259,"MXM.E0.ActivationLoad","PV head=6 kv=2 activation reduction=24"
16260,16268,"MXM.E0.Compute","PV head=6 kv=2 decode waves reduction=24 dst=sram retain"
16260,16268,"MXM.E0.Dequant","PV head=6 kv=2 BF16 group scales reduction=24"
16275,16310,"MEM.E.Read","PV head=6 kv=2 streamed INT8 weights reduction=25"
16288,16289,"MXM.E0.ActivationLoad","PV head=6 kv=2 activation reduction=25"
16290,16298,"MXM.E0.Compute","PV head=6 kv=2 decode waves reduction=25 dst=sram retain"
16290,16298,"MXM.E0.Dequant","PV head=6 kv=2 BF16 group scales reduction=25"
16305,16340,"MEM.E.Read","PV head=6 kv=2 streamed INT8 weights reduction=26"
16318,16319,"MXM.E0.ActivationLoad","PV head=6 kv=2 activation reduction=26"
16320,16328,"MXM.E0.Compute","PV head=6 kv=2 decode waves reduction=26 dst=sram retain"
16320,16328,"MXM.E0.Dequant","PV head=6 kv=2 BF16 group scales reduction=26"
16335,16370,"MEM.E.Read","PV head=6 kv=2 streamed INT8 weights reduction=27"
16348,16349,"MXM.E0.ActivationLoad","PV head=6 kv=2 activation reduction=27"
16350,16358,"MXM.E0.Compute","PV head=6 kv=2 decode waves reduction=27 dst=sram retain"
16350,16358,"MXM.E0.Dequant","PV head=6 kv=2 BF16 group scales reduction=27"
16365,16400,"MEM.E.Read","PV head=6 kv=2 streamed INT8 weights reduction=28"
16378,16379,"MXM.E0.ActivationLoad","PV head=6 kv=2 activation reduction=28"
16380,16388,"MXM.E0.Compute","PV head=6 kv=2 decode waves reduction=28 dst=sram retain"
16380,16388,"MXM.E0.Dequant","PV head=6 kv=2 BF16 group scales reduction=28"
16395,16430,"MEM.E.Read","PV head=6 kv=2 streamed INT8 weights reduction=29"
16408,16409,"MXM.E0.ActivationLoad","PV head=6 kv=2 activation reduction=29"
16410,16418,"MXM.E0.Compute","PV head=6 kv=2 decode waves reduction=29 dst=sram retain"
16410,16418,"MXM.E0.Dequant","PV head=6 kv=2 BF16 group scales reduction=29"
16425,16460,"MEM.E.Read","PV head=6 kv=2 streamed INT8 weights reduction=30"
16438,16439,"MXM.E0.ActivationLoad","PV head=6 kv=2 activation reduction=30"
16440,16448,"MXM.E0.Compute","PV head=6 kv=2 decode waves reduction=30 dst=sram retain"
16440,16448,"MXM.E0.Dequant","PV head=6 kv=2 BF16 group scales reduction=30"
16455,16490,"MEM.E.Read","PV head=6 kv=2 streamed INT8 weights reduction=31"
16468,16469,"MXM.E0.ActivationLoad","PV head=6 kv=2 activation reduction=31"
16470,16478,"MXM.E0.Compute","PV head=6 kv=2 decode waves reduction=31 dst=sram retain"
16470,16478,"MXM.E0.Dequant","PV head=6 kv=2 BF16 group scales reduction=31"
16485,16520,"MEM.E.Read","PV head=6 kv=2 streamed INT8 weights reduction=32"
16498,16499,"MXM.E0.ActivationLoad","PV head=6 kv=2 activation reduction=32"
16500,16508,"MXM.E0.Compute","PV head=6 kv=2 decode waves reduction=32 dst=sram retain"
16500,16508,"MXM.E0.Dequant","PV head=6 kv=2 BF16 group scales reduction=32"
16515,16550,"MEM.E.Read","PV head=6 kv=2 streamed INT8 weights reduction=33"
16528,16529,"MXM.E0.ActivationLoad","PV head=6 kv=2 activation reduction=33"
16530,16538,"MXM.E0.Compute","PV head=6 kv=2 decode waves reduction=33 dst=sram retain"
16530,16538,"MXM.E0.Dequant","PV head=6 kv=2 BF16 group scales reduction=33"
16545,16580,"MEM.E.Read","PV head=6 kv=2 streamed INT8 weights reduction=34"
16558,16559,"MXM.E0.ActivationLoad","PV head=6 kv=2 activation reduction=34"
16560,16568,"MXM.E0.Compute","PV head=6 kv=2 decode waves reduction=34 dst=sram retain"
16560,16568,"MXM.E0.Dequant","PV head=6 kv=2 BF16 group scales reduction=34"
16575,16610,"MEM.E.Read","PV head=6 kv=2 streamed INT8 weights reduction=35"
16588,16589,"MXM.E0.ActivationLoad","PV head=6 kv=2 activation reduction=35"
16590,16598,"MXM.E0.Compute","PV head=6 kv=2 decode waves reduction=35 dst=stream+clear BF16"
16590,16598,"MXM.E0.Dequant","PV head=6 kv=2 BF16 group scales reduction=35"
16609,16617,"MEM.E.Write","BF16 final reduction output"
16634,16805,"MEM.E.Read","QK head=7 kv=2 streamed INT8 weights reduction=0"
16647,16648,"MXM.E0.ActivationLoad","QK head=7 kv=2 activation reduction=0"
16649,16793,"MXM.E0.Compute","QK head=7 kv=2 decode waves reduction=0 dst=sram retain"
16649,16793,"MXM.E0.Dequant","QK head=7 kv=2 BF16 group scales reduction=0"
16800,16971,"MEM.E.Read","QK head=7 kv=2 streamed INT8 weights reduction=1"
16813,16814,"MXM.E0.ActivationLoad","QK head=7 kv=2 activation reduction=1"
16815,16959,"MXM.E0.Compute","QK head=7 kv=2 decode waves reduction=1 dst=stream+clear BF16"
16815,16959,"MXM.E0.Dequant","QK head=7 kv=2 BF16 group scales reduction=1"
16834,16978,"MEM.E.Write","BF16 final reduction output"
17010,17154,"VXM.ALU0","head=7 P1 scale by 1/sqrt(head_dim)"
17011,17155,"VXM.ALU7","head=7 P1 padded mask and FP32 scratch write"
17012,17156,"VXM.ALU1","head=7 P1 recurrent max"
17186,17330,"VXM.ALU2","head=7 P2 subtract max"
17187,17331,"VXM.ALU3","head=7 P2 exp and FP32 scratch write"
17188,17332,"VXM.ALU4","head=7 P2 recurrent sum"
17362,17506,"VXM.ALU5","head=7 P3 divide by sum"
17363,17507,"VXM.ALU6","head=7 P3 BF16 cast and packed P write"
17547,17582,"MEM.E.Read","PV head=7 kv=2 streamed INT8 weights reduction=0"
17560,17561,"MXM.E0.ActivationLoad","PV head=7 kv=2 activation reduction=0"
17562,17570,"MXM.E0.Compute","PV head=7 kv=2 decode waves reduction=0 dst=sram retain"
17562,17570,"MXM.E0.Dequant","PV head=7 kv=2 BF16 group scales reduction=0"
17577,17612,"MEM.E.Read","PV head=7 kv=2 streamed INT8 weights reduction=1"
17590,17591,"MXM.E0.ActivationLoad","PV head=7 kv=2 activation reduction=1"
17592,17600,"MXM.E0.Compute","PV head=7 kv=2 decode waves reduction=1 dst=sram retain"
17592,17600,"MXM.E0.Dequant","PV head=7 kv=2 BF16 group scales reduction=1"
17607,17642,"MEM.E.Read","PV head=7 kv=2 streamed INT8 weights reduction=2"
17620,17621,"MXM.E0.ActivationLoad","PV head=7 kv=2 activation reduction=2"
17622,17630,"MXM.E0.Compute","PV head=7 kv=2 decode waves reduction=2 dst=sram retain"
17622,17630,"MXM.E0.Dequant","PV head=7 kv=2 BF16 group scales reduction=2"
17637,17672,"MEM.E.Read","PV head=7 kv=2 streamed INT8 weights reduction=3"
17650,17651,"MXM.E0.ActivationLoad","PV head=7 kv=2 activation reduction=3"
17652,17660,"MXM.E0.Compute","PV head=7 kv=2 decode waves reduction=3 dst=sram retain"
17652,17660,"MXM.E0.Dequant","PV head=7 kv=2 BF16 group scales reduction=3"
17667,17702,"MEM.E.Read","PV head=7 kv=2 streamed INT8 weights reduction=4"
17680,17681,"MXM.E0.ActivationLoad","PV head=7 kv=2 activation reduction=4"
17682,17690,"MXM.E0.Compute","PV head=7 kv=2 decode waves reduction=4 dst=sram retain"
17682,17690,"MXM.E0.Dequant","PV head=7 kv=2 BF16 group scales reduction=4"
17697,17732,"MEM.E.Read","PV head=7 kv=2 streamed INT8 weights reduction=5"
17710,17711,"MXM.E0.ActivationLoad","PV head=7 kv=2 activation reduction=5"
17712,17720,"MXM.E0.Compute","PV head=7 kv=2 decode waves reduction=5 dst=sram retain"
17712,17720,"MXM.E0.Dequant","PV head=7 kv=2 BF16 group scales reduction=5"
17727,17762,"MEM.E.Read","PV head=7 kv=2 streamed INT8 weights reduction=6"
17740,17741,"MXM.E0.ActivationLoad","PV head=7 kv=2 activation reduction=6"
17742,17750,"MXM.E0.Compute","PV head=7 kv=2 decode waves reduction=6 dst=sram retain"
17742,17750,"MXM.E0.Dequant","PV head=7 kv=2 BF16 group scales reduction=6"
17757,17792,"MEM.E.Read","PV head=7 kv=2 streamed INT8 weights reduction=7"
17770,17771,"MXM.E0.ActivationLoad","PV head=7 kv=2 activation reduction=7"
17772,17780,"MXM.E0.Compute","PV head=7 kv=2 decode waves reduction=7 dst=sram retain"
17772,17780,"MXM.E0.Dequant","PV head=7 kv=2 BF16 group scales reduction=7"
17787,17822,"MEM.E.Read","PV head=7 kv=2 streamed INT8 weights reduction=8"
17800,17801,"MXM.E0.ActivationLoad","PV head=7 kv=2 activation reduction=8"
17802,17810,"MXM.E0.Compute","PV head=7 kv=2 decode waves reduction=8 dst=sram retain"
17802,17810,"MXM.E0.Dequant","PV head=7 kv=2 BF16 group scales reduction=8"
17817,17852,"MEM.E.Read","PV head=7 kv=2 streamed INT8 weights reduction=9"
17830,17831,"MXM.E0.ActivationLoad","PV head=7 kv=2 activation reduction=9"
17832,17840,"MXM.E0.Compute","PV head=7 kv=2 decode waves reduction=9 dst=sram retain"
17832,17840,"MXM.E0.Dequant","PV head=7 kv=2 BF16 group scales reduction=9"
17847,17882,"MEM.E.Read","PV head=7 kv=2 streamed INT8 weights reduction=10"
17860,17861,"MXM.E0.ActivationLoad","PV head=7 kv=2 activation reduction=10"
17862,17870,"MXM.E0.Compute","PV head=7 kv=2 decode waves reduction=10 dst=sram retain"
17862,17870,"MXM.E0.Dequant","PV head=7 kv=2 BF16 group scales reduction=10"
17877,17912,"MEM.E.Read","PV head=7 kv=2 streamed INT8 weights reduction=11"
17890,17891,"MXM.E0.ActivationLoad","PV head=7 kv=2 activation reduction=11"
17892,17900,"MXM.E0.Compute","PV head=7 kv=2 decode waves reduction=11 dst=sram retain"
17892,17900,"MXM.E0.Dequant","PV head=7 kv=2 BF16 group scales reduction=11"
17907,17942,"MEM.E.Read","PV head=7 kv=2 streamed INT8 weights reduction=12"
17920,17921,"MXM.E0.ActivationLoad","PV head=7 kv=2 activation reduction=12"
17922,17930,"MXM.E0.Compute","PV head=7 kv=2 decode waves reduction=12 dst=sram retain"
17922,17930,"MXM.E0.Dequant","PV head=7 kv=2 BF16 group scales reduction=12"
17937,17972,"MEM.E.Read","PV head=7 kv=2 streamed INT8 weights reduction=13"
17950,17951,"MXM.E0.ActivationLoad","PV head=7 kv=2 activation reduction=13"
17952,17960,"MXM.E0.Compute","PV head=7 kv=2 decode waves reduction=13 dst=sram retain"
17952,17960,"MXM.E0.Dequant","PV head=7 kv=2 BF16 group scales reduction=13"
17967,18002,"MEM.E.Read","PV head=7 kv=2 streamed INT8 weights reduction=14"
17980,17981,"MXM.E0.ActivationLoad","PV head=7 kv=2 activation reduction=14"
17982,17990,"MXM.E0.Compute","PV head=7 kv=2 decode waves reduction=14 dst=sram retain"
17982,17990,"MXM.E0.Dequant","PV head=7 kv=2 BF16 group scales reduction=14"
17997,18032,"MEM.E.Read","PV head=7 kv=2 streamed INT8 weights reduction=15"
18010,18011,"MXM.E0.ActivationLoad","PV head=7 kv=2 activation reduction=15"
18012,18020,"MXM.E0.Compute","PV head=7 kv=2 decode waves reduction=15 dst=sram retain"
18012,18020,"MXM.E0.Dequant","PV head=7 kv=2 BF16 group scales reduction=15"
18027,18062,"MEM.E.Read","PV head=7 kv=2 streamed INT8 weights reduction=16"
18040,18041,"MXM.E0.ActivationLoad","PV head=7 kv=2 activation reduction=16"
18042,18050,"MXM.E0.Compute","PV head=7 kv=2 decode waves reduction=16 dst=sram retain"
18042,18050,"MXM.E0.Dequant","PV head=7 kv=2 BF16 group scales reduction=16"
18057,18092,"MEM.E.Read","PV head=7 kv=2 streamed INT8 weights reduction=17"
18070,18071,"MXM.E0.ActivationLoad","PV head=7 kv=2 activation reduction=17"
18072,18080,"MXM.E0.Compute","PV head=7 kv=2 decode waves reduction=17 dst=sram retain"
18072,18080,"MXM.E0.Dequant","PV head=7 kv=2 BF16 group scales reduction=17"
18087,18122,"MEM.E.Read","PV head=7 kv=2 streamed INT8 weights reduction=18"
18100,18101,"MXM.E0.ActivationLoad","PV head=7 kv=2 activation reduction=18"
18102,18110,"MXM.E0.Compute","PV head=7 kv=2 decode waves reduction=18 dst=sram retain"
18102,18110,"MXM.E0.Dequant","PV head=7 kv=2 BF16 group scales reduction=18"
18117,18152,"MEM.E.Read","PV head=7 kv=2 streamed INT8 weights reduction=19"
18130,18131,"MXM.E0.ActivationLoad","PV head=7 kv=2 activation reduction=19"
18132,18140,"MXM.E0.Compute","PV head=7 kv=2 decode waves reduction=19 dst=sram retain"
18132,18140,"MXM.E0.Dequant","PV head=7 kv=2 BF16 group scales reduction=19"
18147,18182,"MEM.E.Read","PV head=7 kv=2 streamed INT8 weights reduction=20"
18160,18161,"MXM.E0.ActivationLoad","PV head=7 kv=2 activation reduction=20"
18162,18170,"MXM.E0.Compute","PV head=7 kv=2 decode waves reduction=20 dst=sram retain"
18162,18170,"MXM.E0.Dequant","PV head=7 kv=2 BF16 group scales reduction=20"
18177,18212,"MEM.E.Read","PV head=7 kv=2 streamed INT8 weights reduction=21"
18190,18191,"MXM.E0.ActivationLoad","PV head=7 kv=2 activation reduction=21"
18192,18200,"MXM.E0.Compute","PV head=7 kv=2 decode waves reduction=21 dst=sram retain"
18192,18200,"MXM.E0.Dequant","PV head=7 kv=2 BF16 group scales reduction=21"
18207,18242,"MEM.E.Read","PV head=7 kv=2 streamed INT8 weights reduction=22"
18220,18221,"MXM.E0.ActivationLoad","PV head=7 kv=2 activation reduction=22"
18222,18230,"MXM.E0.Compute","PV head=7 kv=2 decode waves reduction=22 dst=sram retain"
18222,18230,"MXM.E0.Dequant","PV head=7 kv=2 BF16 group scales reduction=22"
18237,18272,"MEM.E.Read","PV head=7 kv=2 streamed INT8 weights reduction=23"
18250,18251,"MXM.E0.ActivationLoad","PV head=7 kv=2 activation reduction=23"
18252,18260,"MXM.E0.Compute","PV head=7 kv=2 decode waves reduction=23 dst=sram retain"
18252,18260,"MXM.E0.Dequant","PV head=7 kv=2 BF16 group scales reduction=23"
18267,18302,"MEM.E.Read","PV head=7 kv=2 streamed INT8 weights reduction=24"
18280,18281,"MXM.E0.ActivationLoad","PV head=7 kv=2 activation reduction=24"
18282,18290,"MXM.E0.Compute","PV head=7 kv=2 decode waves reduction=24 dst=sram retain"
18282,18290,"MXM.E0.Dequant","PV head=7 kv=2 BF16 group scales reduction=24"
18297,18332,"MEM.E.Read","PV head=7 kv=2 streamed INT8 weights reduction=25"
18310,18311,"MXM.E0.ActivationLoad","PV head=7 kv=2 activation reduction=25"
18312,18320,"MXM.E0.Compute","PV head=7 kv=2 decode waves reduction=25 dst=sram retain"
18312,18320,"MXM.E0.Dequant","PV head=7 kv=2 BF16 group scales reduction=25"
18327,18362,"MEM.E.Read","PV head=7 kv=2 streamed INT8 weights reduction=26"
18340,18341,"MXM.E0.ActivationLoad","PV head=7 kv=2 activation reduction=26"
18342,18350,"MXM.E0.Compute","PV head=7 kv=2 decode waves reduction=26 dst=sram retain"
18342,18350,"MXM.E0.Dequant","PV head=7 kv=2 BF16 group scales reduction=26"
18357,18392,"MEM.E.Read","PV head=7 kv=2 streamed INT8 weights reduction=27"
18370,18371,"MXM.E0.ActivationLoad","PV head=7 kv=2 activation reduction=27"
18372,18380,"MXM.E0.Compute","PV head=7 kv=2 decode waves reduction=27 dst=sram retain"
18372,18380,"MXM.E0.Dequant","PV head=7 kv=2 BF16 group scales reduction=27"
18387,18422,"MEM.E.Read","PV head=7 kv=2 streamed INT8 weights reduction=28"
18400,18401,"MXM.E0.ActivationLoad","PV head=7 kv=2 activation reduction=28"
18402,18410,"MXM.E0.Compute","PV head=7 kv=2 decode waves reduction=28 dst=sram retain"
18402,18410,"MXM.E0.Dequant","PV head=7 kv=2 BF16 group scales reduction=28"
18417,18452,"MEM.E.Read","PV head=7 kv=2 streamed INT8 weights reduction=29"
18430,18431,"MXM.E0.ActivationLoad","PV head=7 kv=2 activation reduction=29"
18432,18440,"MXM.E0.Compute","PV head=7 kv=2 decode waves reduction=29 dst=sram retain"
18432,18440,"MXM.E0.Dequant","PV head=7 kv=2 BF16 group scales reduction=29"
18447,18482,"MEM.E.Read","PV head=7 kv=2 streamed INT8 weights reduction=30"
18460,18461,"MXM.E0.ActivationLoad","PV head=7 kv=2 activation reduction=30"
18462,18470,"MXM.E0.Compute","PV head=7 kv=2 decode waves reduction=30 dst=sram retain"
18462,18470,"MXM.E0.Dequant","PV head=7 kv=2 BF16 group scales reduction=30"
18477,18512,"MEM.E.Read","PV head=7 kv=2 streamed INT8 weights reduction=31"
18490,18491,"MXM.E0.ActivationLoad","PV head=7 kv=2 activation reduction=31"
18492,18500,"MXM.E0.Compute","PV head=7 kv=2 decode waves reduction=31 dst=sram retain"
18492,18500,"MXM.E0.Dequant","PV head=7 kv=2 BF16 group scales reduction=31"
18507,18542,"MEM.E.Read","PV head=7 kv=2 streamed INT8 weights reduction=32"
18520,18521,"MXM.E0.ActivationLoad","PV head=7 kv=2 activation reduction=32"
18522,18530,"MXM.E0.Compute","PV head=7 kv=2 decode waves reduction=32 dst=sram retain"
18522,18530,"MXM.E0.Dequant","PV head=7 kv=2 BF16 group scales reduction=32"
18537,18572,"MEM.E.Read","PV head=7 kv=2 streamed INT8 weights reduction=33"
18550,18551,"MXM.E0.ActivationLoad","PV head=7 kv=2 activation reduction=33"
18552,18560,"MXM.E0.Compute","PV head=7 kv=2 decode waves reduction=33 dst=sram retain"
18552,18560,"MXM.E0.Dequant","PV head=7 kv=2 BF16 group scales reduction=33"
18567,18602,"MEM.E.Read","PV head=7 kv=2 streamed INT8 weights reduction=34"
18580,18581,"MXM.E0.ActivationLoad","PV head=7 kv=2 activation reduction=34"
18582,18590,"MXM.E0.Compute","PV head=7 kv=2 decode waves reduction=34 dst=sram retain"
18582,18590,"MXM.E0.Dequant","PV head=7 kv=2 BF16 group scales reduction=34"
18597,18632,"MEM.E.Read","PV head=7 kv=2 streamed INT8 weights reduction=35"
18610,18611,"MXM.E0.ActivationLoad","PV head=7 kv=2 activation reduction=35"
18612,18620,"MXM.E0.Compute","PV head=7 kv=2 decode waves reduction=35 dst=stream+clear BF16"
18612,18620,"MXM.E0.Dequant","PV head=7 kv=2 BF16 group scales reduction=35"
18631,18639,"MEM.E.Write","BF16 final reduction output"
18656,18827,"MEM.E.Read","QK head=8 kv=2 streamed INT8 weights reduction=0"
18669,18670,"MXM.E0.ActivationLoad","QK head=8 kv=2 activation reduction=0"
18671,18815,"MXM.E0.Compute","QK head=8 kv=2 decode waves reduction=0 dst=sram retain"
18671,18815,"MXM.E0.Dequant","QK head=8 kv=2 BF16 group scales reduction=0"
18822,18993,"MEM.E.Read","QK head=8 kv=2 streamed INT8 weights reduction=1"
18835,18836,"MXM.E0.ActivationLoad","QK head=8 kv=2 activation reduction=1"
18837,18981,"MXM.E0.Compute","QK head=8 kv=2 decode waves reduction=1 dst=stream+clear BF16"
18837,18981,"MXM.E0.Dequant","QK head=8 kv=2 BF16 group scales reduction=1"
18856,19000,"MEM.E.Write","BF16 final reduction output"
19032,19176,"VXM.ALU0","head=8 P1 scale by 1/sqrt(head_dim)"
19033,19177,"VXM.ALU7","head=8 P1 padded mask and FP32 scratch write"
19034,19178,"VXM.ALU1","head=8 P1 recurrent max"
19208,19352,"VXM.ALU2","head=8 P2 subtract max"
19209,19353,"VXM.ALU3","head=8 P2 exp and FP32 scratch write"
19210,19354,"VXM.ALU4","head=8 P2 recurrent sum"
19384,19528,"VXM.ALU5","head=8 P3 divide by sum"
19385,19529,"VXM.ALU6","head=8 P3 BF16 cast and packed P write"
19569,19604,"MEM.E.Read","PV head=8 kv=2 streamed INT8 weights reduction=0"
19582,19583,"MXM.E0.ActivationLoad","PV head=8 kv=2 activation reduction=0"
19584,19592,"MXM.E0.Compute","PV head=8 kv=2 decode waves reduction=0 dst=sram retain"
19584,19592,"MXM.E0.Dequant","PV head=8 kv=2 BF16 group scales reduction=0"
19599,19634,"MEM.E.Read","PV head=8 kv=2 streamed INT8 weights reduction=1"
19612,19613,"MXM.E0.ActivationLoad","PV head=8 kv=2 activation reduction=1"
19614,19622,"MXM.E0.Compute","PV head=8 kv=2 decode waves reduction=1 dst=sram retain"
19614,19622,"MXM.E0.Dequant","PV head=8 kv=2 BF16 group scales reduction=1"
19629,19664,"MEM.E.Read","PV head=8 kv=2 streamed INT8 weights reduction=2"
19642,19643,"MXM.E0.ActivationLoad","PV head=8 kv=2 activation reduction=2"
19644,19652,"MXM.E0.Compute","PV head=8 kv=2 decode waves reduction=2 dst=sram retain"
19644,19652,"MXM.E0.Dequant","PV head=8 kv=2 BF16 group scales reduction=2"
19659,19694,"MEM.E.Read","PV head=8 kv=2 streamed INT8 weights reduction=3"
19672,19673,"MXM.E0.ActivationLoad","PV head=8 kv=2 activation reduction=3"
19674,19682,"MXM.E0.Compute","PV head=8 kv=2 decode waves reduction=3 dst=sram retain"
19674,19682,"MXM.E0.Dequant","PV head=8 kv=2 BF16 group scales reduction=3"
19689,19724,"MEM.E.Read","PV head=8 kv=2 streamed INT8 weights reduction=4"
19702,19703,"MXM.E0.ActivationLoad","PV head=8 kv=2 activation reduction=4"
19704,19712,"MXM.E0.Compute","PV head=8 kv=2 decode waves reduction=4 dst=sram retain"
19704,19712,"MXM.E0.Dequant","PV head=8 kv=2 BF16 group scales reduction=4"
19719,19754,"MEM.E.Read","PV head=8 kv=2 streamed INT8 weights reduction=5"
19732,19733,"MXM.E0.ActivationLoad","PV head=8 kv=2 activation reduction=5"
19734,19742,"MXM.E0.Compute","PV head=8 kv=2 decode waves reduction=5 dst=sram retain"
19734,19742,"MXM.E0.Dequant","PV head=8 kv=2 BF16 group scales reduction=5"
19749,19784,"MEM.E.Read","PV head=8 kv=2 streamed INT8 weights reduction=6"
19762,19763,"MXM.E0.ActivationLoad","PV head=8 kv=2 activation reduction=6"
19764,19772,"MXM.E0.Compute","PV head=8 kv=2 decode waves reduction=6 dst=sram retain"
19764,19772,"MXM.E0.Dequant","PV head=8 kv=2 BF16 group scales reduction=6"
19779,19814,"MEM.E.Read","PV head=8 kv=2 streamed INT8 weights reduction=7"
19792,19793,"MXM.E0.ActivationLoad","PV head=8 kv=2 activation reduction=7"
19794,19802,"MXM.E0.Compute","PV head=8 kv=2 decode waves reduction=7 dst=sram retain"
19794,19802,"MXM.E0.Dequant","PV head=8 kv=2 BF16 group scales reduction=7"
19809,19844,"MEM.E.Read","PV head=8 kv=2 streamed INT8 weights reduction=8"
19822,19823,"MXM.E0.ActivationLoad","PV head=8 kv=2 activation reduction=8"
19824,19832,"MXM.E0.Compute","PV head=8 kv=2 decode waves reduction=8 dst=sram retain"
19824,19832,"MXM.E0.Dequant","PV head=8 kv=2 BF16 group scales reduction=8"
19839,19874,"MEM.E.Read","PV head=8 kv=2 streamed INT8 weights reduction=9"
19852,19853,"MXM.E0.ActivationLoad","PV head=8 kv=2 activation reduction=9"
19854,19862,"MXM.E0.Compute","PV head=8 kv=2 decode waves reduction=9 dst=sram retain"
19854,19862,"MXM.E0.Dequant","PV head=8 kv=2 BF16 group scales reduction=9"
19869,19904,"MEM.E.Read","PV head=8 kv=2 streamed INT8 weights reduction=10"
19882,19883,"MXM.E0.ActivationLoad","PV head=8 kv=2 activation reduction=10"
19884,19892,"MXM.E0.Compute","PV head=8 kv=2 decode waves reduction=10 dst=sram retain"
19884,19892,"MXM.E0.Dequant","PV head=8 kv=2 BF16 group scales reduction=10"
19899,19934,"MEM.E.Read","PV head=8 kv=2 streamed INT8 weights reduction=11"
19912,19913,"MXM.E0.ActivationLoad","PV head=8 kv=2 activation reduction=11"
19914,19922,"MXM.E0.Compute","PV head=8 kv=2 decode waves reduction=11 dst=sram retain"
19914,19922,"MXM.E0.Dequant","PV head=8 kv=2 BF16 group scales reduction=11"
19929,19964,"MEM.E.Read","PV head=8 kv=2 streamed INT8 weights reduction=12"
19942,19943,"MXM.E0.ActivationLoad","PV head=8 kv=2 activation reduction=12"
19944,19952,"MXM.E0.Compute","PV head=8 kv=2 decode waves reduction=12 dst=sram retain"
19944,19952,"MXM.E0.Dequant","PV head=8 kv=2 BF16 group scales reduction=12"
19959,19994,"MEM.E.Read","PV head=8 kv=2 streamed INT8 weights reduction=13"
19972,19973,"MXM.E0.ActivationLoad","PV head=8 kv=2 activation reduction=13"
19974,19982,"MXM.E0.Compute","PV head=8 kv=2 decode waves reduction=13 dst=sram retain"
19974,19982,"MXM.E0.Dequant","PV head=8 kv=2 BF16 group scales reduction=13"
19989,20024,"MEM.E.Read","PV head=8 kv=2 streamed INT8 weights reduction=14"
20002,20003,"MXM.E0.ActivationLoad","PV head=8 kv=2 activation reduction=14"
20004,20012,"MXM.E0.Compute","PV head=8 kv=2 decode waves reduction=14 dst=sram retain"
20004,20012,"MXM.E0.Dequant","PV head=8 kv=2 BF16 group scales reduction=14"
20019,20054,"MEM.E.Read","PV head=8 kv=2 streamed INT8 weights reduction=15"
20032,20033,"MXM.E0.ActivationLoad","PV head=8 kv=2 activation reduction=15"
20034,20042,"MXM.E0.Compute","PV head=8 kv=2 decode waves reduction=15 dst=sram retain"
20034,20042,"MXM.E0.Dequant","PV head=8 kv=2 BF16 group scales reduction=15"
20049,20084,"MEM.E.Read","PV head=8 kv=2 streamed INT8 weights reduction=16"
20062,20063,"MXM.E0.ActivationLoad","PV head=8 kv=2 activation reduction=16"
20064,20072,"MXM.E0.Compute","PV head=8 kv=2 decode waves reduction=16 dst=sram retain"
20064,20072,"MXM.E0.Dequant","PV head=8 kv=2 BF16 group scales reduction=16"
20079,20114,"MEM.E.Read","PV head=8 kv=2 streamed INT8 weights reduction=17"
20092,20093,"MXM.E0.ActivationLoad","PV head=8 kv=2 activation reduction=17"
20094,20102,"MXM.E0.Compute","PV head=8 kv=2 decode waves reduction=17 dst=sram retain"
20094,20102,"MXM.E0.Dequant","PV head=8 kv=2 BF16 group scales reduction=17"
20109,20144,"MEM.E.Read","PV head=8 kv=2 streamed INT8 weights reduction=18"
20122,20123,"MXM.E0.ActivationLoad","PV head=8 kv=2 activation reduction=18"
20124,20132,"MXM.E0.Compute","PV head=8 kv=2 decode waves reduction=18 dst=sram retain"
20124,20132,"MXM.E0.Dequant","PV head=8 kv=2 BF16 group scales reduction=18"
20139,20174,"MEM.E.Read","PV head=8 kv=2 streamed INT8 weights reduction=19"
20152,20153,"MXM.E0.ActivationLoad","PV head=8 kv=2 activation reduction=19"
20154,20162,"MXM.E0.Compute","PV head=8 kv=2 decode waves reduction=19 dst=sram retain"
20154,20162,"MXM.E0.Dequant","PV head=8 kv=2 BF16 group scales reduction=19"
20169,20204,"MEM.E.Read","PV head=8 kv=2 streamed INT8 weights reduction=20"
20182,20183,"MXM.E0.ActivationLoad","PV head=8 kv=2 activation reduction=20"
20184,20192,"MXM.E0.Compute","PV head=8 kv=2 decode waves reduction=20 dst=sram retain"
20184,20192,"MXM.E0.Dequant","PV head=8 kv=2 BF16 group scales reduction=20"
20199,20234,"MEM.E.Read","PV head=8 kv=2 streamed INT8 weights reduction=21"
20212,20213,"MXM.E0.ActivationLoad","PV head=8 kv=2 activation reduction=21"
20214,20222,"MXM.E0.Compute","PV head=8 kv=2 decode waves reduction=21 dst=sram retain"
20214,20222,"MXM.E0.Dequant","PV head=8 kv=2 BF16 group scales reduction=21"
20229,20264,"MEM.E.Read","PV head=8 kv=2 streamed INT8 weights reduction=22"
20242,20243,"MXM.E0.ActivationLoad","PV head=8 kv=2 activation reduction=22"
20244,20252,"MXM.E0.Compute","PV head=8 kv=2 decode waves reduction=22 dst=sram retain"
20244,20252,"MXM.E0.Dequant","PV head=8 kv=2 BF16 group scales reduction=22"
20259,20294,"MEM.E.Read","PV head=8 kv=2 streamed INT8 weights reduction=23"
20272,20273,"MXM.E0.ActivationLoad","PV head=8 kv=2 activation reduction=23"
20274,20282,"MXM.E0.Compute","PV head=8 kv=2 decode waves reduction=23 dst=sram retain"
20274,20282,"MXM.E0.Dequant","PV head=8 kv=2 BF16 group scales reduction=23"
20289,20324,"MEM.E.Read","PV head=8 kv=2 streamed INT8 weights reduction=24"
20302,20303,"MXM.E0.ActivationLoad","PV head=8 kv=2 activation reduction=24"
20304,20312,"MXM.E0.Compute","PV head=8 kv=2 decode waves reduction=24 dst=sram retain"
20304,20312,"MXM.E0.Dequant","PV head=8 kv=2 BF16 group scales reduction=24"
20319,20354,"MEM.E.Read","PV head=8 kv=2 streamed INT8 weights reduction=25"
20332,20333,"MXM.E0.ActivationLoad","PV head=8 kv=2 activation reduction=25"
20334,20342,"MXM.E0.Compute","PV head=8 kv=2 decode waves reduction=25 dst=sram retain"
20334,20342,"MXM.E0.Dequant","PV head=8 kv=2 BF16 group scales reduction=25"
20349,20384,"MEM.E.Read","PV head=8 kv=2 streamed INT8 weights reduction=26"
20362,20363,"MXM.E0.ActivationLoad","PV head=8 kv=2 activation reduction=26"
20364,20372,"MXM.E0.Compute","PV head=8 kv=2 decode waves reduction=26 dst=sram retain"
20364,20372,"MXM.E0.Dequant","PV head=8 kv=2 BF16 group scales reduction=26"
20379,20414,"MEM.E.Read","PV head=8 kv=2 streamed INT8 weights reduction=27"
20392,20393,"MXM.E0.ActivationLoad","PV head=8 kv=2 activation reduction=27"
20394,20402,"MXM.E0.Compute","PV head=8 kv=2 decode waves reduction=27 dst=sram retain"
20394,20402,"MXM.E0.Dequant","PV head=8 kv=2 BF16 group scales reduction=27"
20409,20444,"MEM.E.Read","PV head=8 kv=2 streamed INT8 weights reduction=28"
20422,20423,"MXM.E0.ActivationLoad","PV head=8 kv=2 activation reduction=28"
20424,20432,"MXM.E0.Compute","PV head=8 kv=2 decode waves reduction=28 dst=sram retain"
20424,20432,"MXM.E0.Dequant","PV head=8 kv=2 BF16 group scales reduction=28"
20439,20474,"MEM.E.Read","PV head=8 kv=2 streamed INT8 weights reduction=29"
20452,20453,"MXM.E0.ActivationLoad","PV head=8 kv=2 activation reduction=29"
20454,20462,"MXM.E0.Compute","PV head=8 kv=2 decode waves reduction=29 dst=sram retain"
20454,20462,"MXM.E0.Dequant","PV head=8 kv=2 BF16 group scales reduction=29"
20469,20504,"MEM.E.Read","PV head=8 kv=2 streamed INT8 weights reduction=30"
20482,20483,"MXM.E0.ActivationLoad","PV head=8 kv=2 activation reduction=30"
20484,20492,"MXM.E0.Compute","PV head=8 kv=2 decode waves reduction=30 dst=sram retain"
20484,20492,"MXM.E0.Dequant","PV head=8 kv=2 BF16 group scales reduction=30"
20499,20534,"MEM.E.Read","PV head=8 kv=2 streamed INT8 weights reduction=31"
20512,20513,"MXM.E0.ActivationLoad","PV head=8 kv=2 activation reduction=31"
20514,20522,"MXM.E0.Compute","PV head=8 kv=2 decode waves reduction=31 dst=sram retain"
20514,20522,"MXM.E0.Dequant","PV head=8 kv=2 BF16 group scales reduction=31"
20529,20564,"MEM.E.Read","PV head=8 kv=2 streamed INT8 weights reduction=32"
20542,20543,"MXM.E0.ActivationLoad","PV head=8 kv=2 activation reduction=32"
20544,20552,"MXM.E0.Compute","PV head=8 kv=2 decode waves reduction=32 dst=sram retain"
20544,20552,"MXM.E0.Dequant","PV head=8 kv=2 BF16 group scales reduction=32"
20559,20594,"MEM.E.Read","PV head=8 kv=2 streamed INT8 weights reduction=33"
20572,20573,"MXM.E0.ActivationLoad","PV head=8 kv=2 activation reduction=33"
20574,20582,"MXM.E0.Compute","PV head=8 kv=2 decode waves reduction=33 dst=sram retain"
20574,20582,"MXM.E0.Dequant","PV head=8 kv=2 BF16 group scales reduction=33"
20589,20624,"MEM.E.Read","PV head=8 kv=2 streamed INT8 weights reduction=34"
20602,20603,"MXM.E0.ActivationLoad","PV head=8 kv=2 activation reduction=34"
20604,20612,"MXM.E0.Compute","PV head=8 kv=2 decode waves reduction=34 dst=sram retain"
20604,20612,"MXM.E0.Dequant","PV head=8 kv=2 BF16 group scales reduction=34"
20619,20654,"MEM.E.Read","PV head=8 kv=2 streamed INT8 weights reduction=35"
20632,20633,"MXM.E0.ActivationLoad","PV head=8 kv=2 activation reduction=35"
20634,20642,"MXM.E0.Compute","PV head=8 kv=2 decode waves reduction=35 dst=stream+clear BF16"
20634,20642,"MXM.E0.Dequant","PV head=8 kv=2 BF16 group scales reduction=35"
20653,20661,"MEM.E.Write","BF16 final reduction output"
20678,20777,"MEM.E.Read","O projection streamed INT8 weights reduction=0"
20691,20692,"MXM.E0.ActivationLoad","O projection activation reduction=0"
20693,20765,"MXM.E0.Compute","O projection decode waves reduction=0 dst=sram retain"
20693,20765,"MXM.E0.Dequant","O projection BF16 group scales reduction=0"
20772,20871,"MEM.E.Read","O projection streamed INT8 weights reduction=1"
20785,20786,"MXM.E0.ActivationLoad","O projection activation reduction=1"
20787,20859,"MXM.E0.Compute","O projection decode waves reduction=1 dst=sram retain"
20787,20859,"MXM.E0.Dequant","O projection BF16 group scales reduction=1"
20866,20965,"MEM.E.Read","O projection streamed INT8 weights reduction=2"
20879,20880,"MXM.E0.ActivationLoad","O projection activation reduction=2"
20881,20953,"MXM.E0.Compute","O projection decode waves reduction=2 dst=sram retain"
20881,20953,"MXM.E0.Dequant","O projection BF16 group scales reduction=2"
20960,21059,"MEM.E.Read","O projection streamed INT8 weights reduction=3"
20973,20974,"MXM.E0.ActivationLoad","O projection activation reduction=3"
20975,21047,"MXM.E0.Compute","O projection decode waves reduction=3 dst=sram retain"
20975,21047,"MXM.E0.Dequant","O projection BF16 group scales reduction=3"
21054,21153,"MEM.E.Read","O projection streamed INT8 weights reduction=4"
21067,21068,"MXM.E0.ActivationLoad","O projection activation reduction=4"
21069,21141,"MXM.E0.Compute","O projection decode waves reduction=4 dst=sram retain"
21069,21141,"MXM.E0.Dequant","O projection BF16 group scales reduction=4"
21148,21247,"MEM.E.Read","O projection streamed INT8 weights reduction=5"
21161,21162,"MXM.E0.ActivationLoad","O projection activation reduction=5"
21163,21235,"MXM.E0.Compute","O projection decode waves reduction=5 dst=sram retain"
21163,21235,"MXM.E0.Dequant","O projection BF16 group scales reduction=5"
21242,21341,"MEM.E.Read","O projection streamed INT8 weights reduction=6"
21255,21256,"MXM.E0.ActivationLoad","O projection activation reduction=6"
21257,21329,"MXM.E0.Compute","O projection decode waves reduction=6 dst=sram retain"
21257,21329,"MXM.E0.Dequant","O projection BF16 group scales reduction=6"
21336,21435,"MEM.E.Read","O projection streamed INT8 weights reduction=7"
21349,21350,"MXM.E0.ActivationLoad","O projection activation reduction=7"
21351,21423,"MXM.E0.Compute","O projection decode waves reduction=7 dst=sram retain"
21351,21423,"MXM.E0.Dequant","O projection BF16 group scales reduction=7"
21430,21529,"MEM.E.Read","O projection streamed INT8 weights reduction=8"
21443,21444,"MXM.E0.ActivationLoad","O projection activation reduction=8"
21445,21517,"MXM.E0.Compute","O projection decode waves reduction=8 dst=sram retain"
21445,21517,"MXM.E0.Dequant","O projection BF16 group scales reduction=8"
21524,21623,"MEM.E.Read","O projection streamed INT8 weights reduction=9"
21537,21538,"MXM.E0.ActivationLoad","O projection activation reduction=9"
21539,21611,"MXM.E0.Compute","O projection decode waves reduction=9 dst=sram retain"
21539,21611,"MXM.E0.Dequant","O projection BF16 group scales reduction=9"
21618,21717,"MEM.E.Read","O projection streamed INT8 weights reduction=10"
21631,21632,"MXM.E0.ActivationLoad","O projection activation reduction=10"
21633,21705,"MXM.E0.Compute","O projection decode waves reduction=10 dst=sram retain"
21633,21705,"MXM.E0.Dequant","O projection BF16 group scales reduction=10"
21712,21811,"MEM.E.Read","O projection streamed INT8 weights reduction=11"
21725,21726,"MXM.E0.ActivationLoad","O projection activation reduction=11"
21727,21799,"MXM.E0.Compute","O projection decode waves reduction=11 dst=sram retain"
21727,21799,"MXM.E0.Dequant","O projection BF16 group scales reduction=11"
21806,21905,"MEM.E.Read","O projection streamed INT8 weights reduction=12"
21819,21820,"MXM.E0.ActivationLoad","O projection activation reduction=12"
21821,21893,"MXM.E0.Compute","O projection decode waves reduction=12 dst=sram retain"
21821,21893,"MXM.E0.Dequant","O projection BF16 group scales reduction=12"
21900,21999,"MEM.E.Read","O projection streamed INT8 weights reduction=13"
21913,21914,"MXM.E0.ActivationLoad","O projection activation reduction=13"
21915,21987,"MXM.E0.Compute","O projection decode waves reduction=13 dst=sram retain"
21915,21987,"MXM.E0.Dequant","O projection BF16 group scales reduction=13"
21994,22093,"MEM.E.Read","O projection streamed INT8 weights reduction=14"
22007,22008,"MXM.E0.ActivationLoad","O projection activation reduction=14"
22009,22081,"MXM.E0.Compute","O projection decode waves reduction=14 dst=sram retain"
22009,22081,"MXM.E0.Dequant","O projection BF16 group scales reduction=14"
22088,22187,"MEM.E.Read","O projection streamed INT8 weights reduction=15"
22101,22102,"MXM.E0.ActivationLoad","O projection activation reduction=15"
22103,22175,"MXM.E0.Compute","O projection decode waves reduction=15 dst=sram retain"
22103,22175,"MXM.E0.Dequant","O projection BF16 group scales reduction=15"
22182,22281,"MEM.E.Read","O projection streamed INT8 weights reduction=16"
22195,22196,"MXM.E0.ActivationLoad","O projection activation reduction=16"
22197,22269,"MXM.E0.Compute","O projection decode waves reduction=16 dst=sram retain"
22197,22269,"MXM.E0.Dequant","O projection BF16 group scales reduction=16"
22276,22375,"MEM.E.Read","O projection streamed INT8 weights reduction=17"
22289,22290,"MXM.E0.ActivationLoad","O projection activation reduction=17"
22291,22363,"MXM.E0.Compute","O projection decode waves reduction=17 dst=stream+clear BF16"
22291,22363,"MXM.E0.Dequant","O projection BF16 group scales reduction=17"
22310,22382,"MEM.E.Write","BF16 final reduction output"
